,Time,Axial_Vibration_G,Torsional_Vibration_RPM,Whirl_Lateral_G
0,0.0,0.12728408712269934,10.0,0.0
1,0.001,0.7633984225518718,10.100000000000001,5.423359053409915e-07
2,0.002,0.21272879997138133,10.200000000000003,1.0893880860564205e-06
3,0.003,0.6002577956325229,10.299999999999997,1.6410715788804942e-06
4,0.004,1.1469217719181792,10.399999999999999,2.1972995869840296e-06
5,0.005,0.8985270715153622,10.5,2.757983484188258e-06
6,0.006,1.6892939510665428,10.600000000000001,3.323032819647985e-06
7,0.007,1.5967872720325564,10.700000000000003,3.89235532300726e-06
8,0.008,1.4653651870423159,10.799999999999997,4.465856910030512e-06
9,0.009000000000000001,1.7085907750315805,10.899999999999999,5.043441688711645e-06
10,0.01,1.6904139159907348,11.0,5.6250119658643e-06
11,0.011,2.1578499094126764,11.100000000000001,6.210468254195507e-06
12,0.012,1.8663338306574004,11.200000000000003,6.79970927986554e-06
13,0.013000000000000001,1.3506572836101356,11.300000000000004,7.392631990536248e-06
14,0.014,0.25625477473245084,11.399999999999999,7.989131563910475e-06
15,0.015,2.0991710410531423,11.5,8.58910141676432e-06
16,0.016,1.1758574815832892,11.600000000000001,9.192433214475285e-06
17,0.017,1.8091877321085579,11.700000000000003,9.799016881047169e-06
18,0.018000000000000002,1.1841341380319022,11.800000000000004,1.0408740609634805e-05
19,0.019,1.0993645741079985,11.899999999999999,1.1021490873570034e-05
20,0.02,1.1245997619924193,12.0,1.1637152437890138e-05
21,0.021,1.1197453379503954,12.100000000000001,1.225560837137174e-05
22,0.022,0.8736862025136861,12.200000000000003,1.2876740059069958e-05
23,0.023,0.016824730025258083,12.300000000000004,1.3500427215365909e-05
24,0.024,0.4306176925650824,12.400000000000006,1.4126547897522768e-05
25,0.025,0.11874606947982774,12.5,1.4754978519752156e-05
26,0.026000000000000002,0.05123259822376336,12.600000000000001,1.5385593867791517e-05
27,0.027,0.210958848402362,12.700000000000003,1.6018267113994313e-05
28,0.028,-0.31820374877870583,12.800000000000004,1.6652869832932484e-05
29,0.029,0.17329315408344043,12.900000000000006,1.7289272017513972e-05
30,0.03,0.20118205392642696,13.0,1.792734209561346e-05
31,0.031,0.7843036325127992,13.099999999999994,1.856694694721911e-05
32,0.032,-0.23687643326075214,13.200000000000003,1.920795192209499e-05
33,0.033,0.23343364364198882,13.300000000000004,1.9850220857958046e-05
34,0.034,0.6163229971992943,13.400000000000006,2.0493616099172393e-05
35,0.035,0.022452195873582215,13.5,2.113799851595873e-05
36,0.036000000000000004,0.42748966904614916,13.600000000000001,2.178322752412027e-05
37,0.037,0.31736564489635594,13.699999999999996,2.2429161105283683e-05
38,0.038,-0.8605284303848451,13.799999999999997,2.3075655827656432e-05
39,0.039,0.7002272737944264,13.899999999999999,2.3722566867297715e-05
40,0.04,0.22039889436366863,14.0,2.436974802990576e-05
41,0.041,-0.6520000662544845,14.100000000000001,2.501705177311634e-05
42,0.042,0.24329954359805597,14.199999999999996,2.5664329229316102e-05
43,0.043000000000000003,-0.6395526720127531,14.299999999999997,2.6311430228967414e-05
44,0.044,-0.8609718201604895,14.399999999999999,2.695820332444279e-05
45,0.045,-0.05738376099224654,14.5,2.7604495814370784e-05
46,0.046,-0.5184159380937592,14.600000000000001,2.8250153768488196e-05
47,0.047,-0.15235216298206067,14.699999999999996,2.8895022053000397e-05
48,0.048,-0.44466459944964476,14.799999999999997,2.9538944356446294e-05
49,0.049,-0.292651997283849,14.899999999999999,3.018176321606639e-05
50,0.05,-0.17662074767877511,15.0,3.082332004467224e-05
51,0.051000000000000004,-0.33463202136745973,15.100000000000001,3.146345515801647e-05
52,0.052000000000000005,-0.3904988415013148,15.199999999999996,3.210200780265775e-05
53,0.053,-0.7909186048806337,15.299999999999997,3.273881618432365e-05
54,0.054,-0.6789404736533855,15.399999999999999,3.337371749676298e-05
55,0.055,-0.6967116710566993,15.5,3.4006547951090175e-05
56,0.056,-1.2797024504104475,15.600000000000001,3.463714280561675e-05
57,0.057,-0.8305217882490809,15.700000000000003,3.526533639616518e-05
58,0.058,-0.74722294816501,15.799999999999997,3.589096216686651e-05
59,0.059000000000000004,-0.611155281030767,15.899999999999999,3.651385270143469e-05
60,0.06,-1.1147929178671836,16.0,3.7133839754916305e-05
61,0.061,-1.2169277834241117,16.1,3.7750754285911484e-05
62,0.062,-1.172697989578967,16.200000000000003,3.836442648926324e-05
63,0.063,-1.8153910077149682,16.299999999999997,3.897468582921003e-05
64,0.064,-1.5485243722123951,16.4,3.958136107300034e-05
65,0.065,-1.2384648071482893,16.5,4.018428032496138e-05
66,0.066,-1.1234517188379993,16.6,4.0783271061021765e-05
67,0.067,-1.2913412887297617,16.700000000000003,4.137816016368199e-05
68,0.068,-0.9719147387233247,16.799999999999997,4.196877395742659e-05
69,0.069,-1.8107289173391328,16.9,4.255493824457814e-05
70,0.07,-1.1046722234482589,17.0,4.313647834158229e-05
71,0.07100000000000001,-1.386495335523035,17.1,4.3713219115724866e-05
72,0.07200000000000001,-1.955127869582028,17.200000000000003,4.428498502227169e-05
73,0.073,-2.0472819602200056,17.300000000000004,4.485160014202794e-05
74,0.074,-1.7565472022616475,17.4,4.5412888219311454e-05
75,0.075,-1.0498785227853507,17.5,4.596867270033529e-05
76,0.076,-1.5427894103163413,17.6,4.651877677199066e-05
77,0.077,-1.5416308724540342,17.700000000000003,4.7063023401031194e-05
78,0.078,-0.704057120830224,17.800000000000004,4.7601235373643414e-05
79,0.079,-0.9236769084412145,17.9,4.813323533540663e-05
80,0.08,-0.9291283457765264,18.0,4.865884583163054e-05
81,0.081,-0.22530068940125136,18.1,4.9177889348063936e-05
82,0.082,0.7785101514238595,18.200000000000003,4.9690188351972826e-05
83,0.083,0.5940865723724598,18.299999999999997,5.0195565333575813e-05
84,0.084,0.08667279983246695,18.4,5.069384284783375e-05
85,0.085,0.060269579441947885,18.5,5.1184843556585223e-05
86,0.08600000000000001,0.9271955444002372,18.6,5.166839027102111e-05
87,0.08700000000000001,0.6552389273096825,18.700000000000003,5.2144305994490625e-05
88,0.088,0.7459536189890972,18.799999999999997,5.2612413965634236e-05
89,0.089,1.1069668041820235,18.9,5.3072537701830085e-05
90,0.09,1.6777719212526911,19.0,5.352450104295338e-05
91,0.091,0.8549342721509645,19.099999999999994,5.396812819543697e-05
92,0.092,1.6461624578145455,19.199999999999996,5.440324377662431e-05
93,0.093,1.4725791789718046,19.299999999999997,5.482967285941113e-05
94,0.094,1.9908552563275943,19.4,5.524724101716277e-05
95,0.095,0.758182439249076,19.5,5.565577436890285e-05
96,0.096,1.5342993955062236,19.599999999999994,5.605509962476249e-05
97,0.097,2.3257003199645774,19.700000000000003,5.644504413168289e-05
98,0.098,2.085145712750976,19.799999999999997,5.6825435919360246e-05
99,0.099,2.3754888893471415,19.9,5.71961037464299e-05
100,0.1,1.2640345689860588,20.0,5.7556877146871523e-05
101,0.101,0.8125640386712512,20.099999999999994,5.79075864766369e-05
102,0.10200000000000001,1.5975345478894485,20.199999999999996,5.8248062960481564e-05
103,0.10300000000000001,0.7030866948308614,20.299999999999997,5.8578138738997986e-05
104,0.10400000000000001,0.612726123742209,20.400000000000006,5.8897646915837904e-05
105,0.105,0.08646272662405163,20.5,5.920642160511219e-05
106,0.106,0.6995402863015283,20.6,5.950429797896385e-05
107,0.107,0.8788467617789703,20.699999999999996,5.9791112315299426e-05
108,0.108,0.5317104013473575,20.799999999999997,6.0066702045671004e-05
109,0.109,0.7796727318415433,20.9,6.033090580329915e-05
110,0.11,0.16853489752665723,21.0,6.058356347122516e-05
111,0.111,0.9509985697414225,21.1,6.082451623058334e-05
112,0.112,0.12761602070622674,21.199999999999996,6.105360660898396e-05
113,0.113,0.501696613420472,21.299999999999997,6.127067852899184e-05
114,0.114,-0.05844757639246334,21.4,6.147557735669669e-05
115,0.115,0.5302972247602089,21.5,6.16681499503598e-05
116,0.116,-0.1324218689378207,21.6,6.184824470912465e-05
117,0.117,0.2649086648917956,21.700000000000003,6.201571162178827e-05
118,0.11800000000000001,0.11290859475411186,21.799999999999997,6.217040231561166e-05
119,0.11900000000000001,0.72291555383648,21.9,6.231217010516746e-05
120,0.12,0.5027753532852124,22.0,6.244087004120823e-05
121,0.121,-0.03604509837662412,22.1,6.255635895954505e-05
122,0.122,0.3814237797741601,22.200000000000003,6.265849552992503e-05
123,0.123,0.35292418806437315,22.299999999999997,6.274714030489906e-05
124,0.124,-0.09103649168566096,22.4,6.282215576866036e-05
125,0.125,1.0870280212945351,22.5,6.288340638585327e-05
126,0.126,0.3839764832720841,22.6,6.293075865032832e-05
127,0.127,-0.16869442147548827,22.700000000000003,6.29640811338416e-05
128,0.128,-0.08526079461369196,22.799999999999997,6.298324453468218e-05
129,0.129,-0.6258071295859371,22.9,6.298812172621173e-05
130,0.13,-0.36665246160316695,23.0,6.297858780531388e-05
131,0.131,-0.27318043130229785,23.1,6.295452014072904e-05
132,0.132,0.005704462895703977,23.200000000000003,6.291579842127372e-05
133,0.133,-0.16470087548663892,23.299999999999997,6.286230470392302e-05
134,0.134,-0.19633879975666438,23.4,6.279392346174871e-05
135,0.135,-0.5861459055790008,23.5,6.271054163169826e-05
136,0.136,0.69073890678998,23.6,6.261204866220503e-05
137,0.137,-1.1457309838697425,23.700000000000003,6.249833656061036e-05
138,0.138,-0.8895616297750238,23.800000000000004,6.236929994039259e-05
139,0.139,-0.1345068018631398,23.9,6.222483606818683e-05
140,0.14,-0.7843297257875864,24.0,6.206484491057852e-05
141,0.14100000000000001,0.0235686374809706,24.1,6.188922918066695e-05
142,0.14200000000000002,-0.9046346059709964,24.200000000000003,6.169789438437486e-05
143,0.14300000000000002,-0.6117902317896621,24.300000000000004,6.149074886650124e-05
144,0.14400000000000002,-0.44930957941542116,24.4,6.126770385649636e-05
145,0.145,-0.8985946105953244,24.5,6.102867351395118e-05
146,0.146,-1.3363854721085489,24.6,6.077357497378344e-05
147,0.147,-1.0607503010931747,24.700000000000003,6.0502328391112125e-05
148,0.148,-1.2968590552846624,24.800000000000004,6.021485698580109e-05
149,0.149,-1.0034831923691039,24.900000000000006,5.991108708666647e-05
150,0.15,-1.1155737968038928,25.0,5.959094817532358e-05
151,0.151,-1.428976002840097,25.1,5.925437292967168e-05
152,0.152,-1.2437693087520503,25.200000000000003,5.890129726699572e-05
153,0.153,-1.7128202079767056,25.300000000000004,5.8531660386671047e-05
154,0.154,-1.649096440270745,25.400000000000006,5.814540481246511e-05
155,0.155,-1.5925789748034942,25.5,5.7742476434412495e-05
156,0.156,-2.170798394137665,25.6,5.732282455025904e-05
157,0.157,-1.556749269557868,25.700000000000003,5.688640190645484e-05
158,0.158,-1.1415698868756854,25.800000000000004,5.643316473868678e-05
159,0.159,-1.184048703195704,25.900000000000006,5.596307281193406e-05
160,0.16,-1.1053869992704388,26.0,5.547608946003733e-05
161,0.161,-1.6443054126117393,26.099999999999994,5.497218162476104e-05
162,0.162,-0.4530049679658409,26.200000000000003,5.44513198943453e-05
163,0.163,-0.9286390508257967,26.300000000000004,5.391347854152204e-05
164,0.164,-1.1855282521286443,26.400000000000006,5.3358635560992825e-05
165,0.165,-0.5942251065352187,26.5,5.278677270634925e-05
166,0.166,-0.5994166857220624,26.6,5.219787552642056e-05
167,0.167,-0.7026912492333166,26.700000000000003,5.159193340104153e-05
168,0.168,0.7711344263703035,26.800000000000004,5.096893957622144e-05
169,0.169,0.9866026979806277,26.900000000000006,5.0328891198703434e-05
170,0.17,1.479019178045231,27.000000000000007,4.967178934989995e-05
171,0.171,1.319025885001502,27.1,4.899763907919219e-05
172,0.17200000000000001,1.569413951926435,27.200000000000003,4.830644943657801e-05
173,0.17300000000000001,1.4611408740697955,27.300000000000004,4.7598233504658576e-05
174,0.17400000000000002,2.2297654807279153,27.400000000000006,4.6873008429946055e-05
175,0.17500000000000002,0.599687902193506,27.5,4.61307954534834e-05
176,0.176,1.6023547449593758,27.599999999999994,4.5371619940761544e-05
177,0.177,1.3404963161252106,27.699999999999996,4.45955114109185e-05
178,0.178,1.993135982464719,27.799999999999997,4.3802503565213574e-05
179,0.179,2.044360547037536,27.9,4.29926343147557e-05
180,0.18,2.5876691751680045,28.0,4.216594580748097e-05
181,0.181,1.9758082073378664,28.099999999999994,4.1322484454360805e-05
182,0.182,1.8333501047309915,28.2,4.0462300954831185e-05
183,0.183,1.4760812258698268,28.3,3.9585450321428504e-05
184,0.184,0.26484748884503484,28.4,3.8691991903622646e-05
185,0.185,0.5068665635513235,28.500000000000007,3.778198941082888e-05
186,0.186,1.1970078126676138,28.6,3.685551093459432e-05
187,0.187,-0.017911112128411455,28.7,3.591262896993856e-05
188,0.188,1.2334387456205764,28.8,3.495342043584276e-05
189,0.189,0.9859254445126155,28.9,3.397796669487181e-05
190,0.19,1.0474797301193666,28.999999999999993,3.2986353571916996e-05
191,0.191,1.5822121587042874,29.1,3.1978671372051016e-05
192,0.192,0.9143744160649345,29.2,3.095501489747934e-05
193,0.193,0.14577601044592636,29.3,2.991548346357926e-05
194,0.194,0.8260899036199165,29.400000000000006,2.8860180914013704e-05
195,0.195,0.6907305492414293,29.5,2.7789215634909188e-05
196,0.196,-0.16501535766785547,29.6,2.6702700568085707e-05
197,0.197,0.4244219700880204,29.7,2.5600753223329522e-05
198,0.198,0.49218287007692324,29.8,2.4483495689694385e-05
199,0.199,0.1344374183150755,29.900000000000006,2.335105464582417e-05
200,0.2,0.4824974453702747,30.0,2.2203561369284293e-05
201,0.201,0.5931336948470387,30.1,2.1041151744889997e-05
202,0.202,-0.15360231566521299,30.200000000000003,1.9863966272025273e-05
203,0.203,0.41704377798158493,30.3,1.8672150070936957e-05
204,0.20400000000000001,0.42061990850626574,30.399999999999995,1.7465852887998656e-05
205,0.20500000000000002,0.7160275131176502,30.5,1.624522909993118e-05
206,0.20600000000000002,0.06840642603520239,30.6,1.5010437716971593e-05
207,0.20700000000000002,-0.6801113522962849,30.700000000000003,1.3761642384980361e-05
208,0.20800000000000002,0.4011732395117833,30.800000000000008,1.249901138647838e-05
209,0.209,-0.2635341298562984,30.900000000000002,1.1222717640602393e-05
210,0.21,0.028601329626576327,30.999999999999996,9.932938701972644e-06
211,0.211,-0.06736598809047081,31.099999999999998,8.629856758461309e-06
212,0.212,0.30630179403047036,31.199999999999996,7.3136586278547e-06
213,0.213,0.6385009374270176,31.299999999999997,5.984535753400058e-06
214,0.214,-0.25312958765140836,31.400000000000002,4.642684198228265e-06
215,0.215,-0.43649821735082484,31.499999999999996,3.2883046386456204e-06
216,0.216,-0.07511964606360533,31.599999999999998,1.921602356285299e-06
217,0.217,-0.39009362264467945,31.699999999999996,5.42787229111752e-07
218,0.218,-0.14418608378137282,31.799999999999997,-8.479262787297482e-07
219,0.219,-0.6992841473996231,31.9,-2.2503191282257087e-06
220,0.22,-1.4165502573035993,31.999999999999996,-3.6641677179761188e-06
221,0.221,-0.8417064682844265,32.099999999999994,-5.089243897852478e-06
222,0.222,-0.46255771625334136,32.199999999999996,-6.5253149838379196e-06
223,0.223,-1.1597290827129514,32.300000000000004,-7.972143774056844e-06
224,0.224,-0.20390136639586565,32.4,-9.429488565999803e-06
225,0.225,-0.10508874185347894,32.5,-1.089710317494898e-05
226,0.226,-1.3491417711441545,32.599999999999994,-1.2374736953611437e-05
227,0.227,-1.1407876267505253,32.7,-1.3862134812963509e-05
228,0.228,-0.632498776266963,32.800000000000004,-1.5359037244314017e-05
229,0.229,-0.8219873217326729,32.9,-1.686518034258882e-05
230,0.23,-1.135374499640262,33.0,-1.8380295830843434e-05
231,0.231,-0.9641036018454181,33.099999999999994,-1.9904111086006653e-05
232,0.232,-1.6623490402668015,33.2,-2.1436349165861103e-05
233,0.233,-1.0623745587615645,33.3,-2.297672883726204e-05
234,0.234,-1.1924002321080696,33.4,-2.4524964605601823e-05
235,0.23500000000000001,-0.9756179970511571,33.5,-2.608076674551921e-05
236,0.23600000000000002,-1.1889101369465247,33.599999999999994,-2.7643841332860143e-05
237,0.23700000000000002,-1.5526156199506826,33.7,-2.9213890277891887e-05
238,0.23800000000000002,-1.356643192651523,33.8,-3.0790611359771064e-05
239,0.23900000000000002,-1.8928045142117536,33.9,-3.237369826227173e-05
240,0.24,-1.346488334117846,34.0,-3.396284061077216e-05
241,0.241,-1.9774221397102258,34.099999999999994,-3.5557724010504224e-05
242,0.242,-1.4860723155091986,34.2,-3.71580300860655e-05
243,0.243,-1.192726163888751,34.3,-3.876343652219649e-05
244,0.244,-0.7785971531818007,34.4,-4.03736171058222e-05
245,0.245,-0.46540261101137737,34.5,-4.1988241769362334e-05
246,0.246,-0.6773867727167191,34.6,-4.360697663530434e-05
247,0.247,-0.3350811375759712,34.7,-4.522948406204526e-05
248,0.248,-0.16249598181839714,34.8,-4.685542269100053e-05
249,0.249,-0.4913416004914511,34.9,-4.848444749497478e-05
250,0.25,-0.18570252876206692,35.0,-5.0116209827801624e-05
251,0.251,0.2884888571696289,35.1,-5.175035747524333e-05
252,0.252,0.4875137773461234,35.2,-5.338653470715525e-05
253,0.253,0.5933236508747887,35.3,-5.5024382330908924e-05
254,0.254,0.8580074711893684,35.4,-5.6663537746073456e-05
255,0.255,1.3520755217350895,35.5,-5.830363500035314e-05
256,0.256,1.3967074719076618,35.6,-5.994430484677755e-05
257,0.257,2.582992240610002,35.7,-6.15851748021403e-05
258,0.258,1.460698984442929,35.8,-6.322586920668768e-05
259,0.259,1.5418253158775657,35.900000000000006,-6.486600928504524e-05
260,0.26,1.4440623174751108,36.0,-6.650521320838643e-05
261,0.261,2.055814175812672,36.1,-6.814309615783544e-05
262,0.262,0.9183949456781126,36.2,-6.977927038909605e-05
263,0.263,1.7798773408074853,36.3,-7.141334529831002e-05
264,0.264,2.213214289676911,36.400000000000006,-7.304492748913043e-05
265,0.265,1.258519999899694,36.5,-7.467362084101092e-05
266,0.266,1.80580564007363,36.6,-7.629902657870066e-05
267,0.267,1.3100064850733233,36.7,-7.792074334294221e-05
268,0.268,0.9916165311087459,36.8,-7.953836726236059e-05
269,0.269,1.2568448419139817,36.900000000000006,-8.115149202654423e-05
270,0.27,0.8743812470760696,37.0,-8.275970896029959e-05
271,0.271,0.785173154602113,37.1,-8.436260709908498e-05
272,0.272,0.6312700271636236,37.2,-8.595977326560108e-05
273,0.273,1.940314154440074,37.3,-8.755079214754241e-05
274,0.274,0.5228937780237882,37.400000000000006,-8.913524637649488e-05
275,0.275,0.745768086301455,37.5,-9.071271660796738e-05
276,0.276,0.7026494583846054,37.6,-9.228278160255582e-05
277,0.277,0.4820200128230373,37.7,-9.384501830822366e-05
278,0.278,1.205951558424849,37.800000000000004,-9.53990019436914e-05
279,0.279,0.6062803694027206,37.900000000000006,-9.69443060829215e-05
280,0.28,0.46435931071840975,38.0,-9.848050274069613e-05
281,0.281,0.0278715130537176,38.1,-0.00010000716245926228
282,0.28200000000000003,0.47880097992725706,38.2,-0.00010152385439604954
283,0.28300000000000003,0.1668494318995683,38.300000000000004,-0.00010303014641243332
284,0.28400000000000003,0.40062444954703824,38.400000000000006,-0.00010452560516354221
285,0.28500000000000003,1.0233404591367288,38.5,-0.0001060097961890935
286,0.28600000000000003,0.610777902025021,38.6,-0.00010748228400523797
287,0.28700000000000003,0.2989498061255808,38.7,-0.0001089426321974139
288,0.28800000000000003,0.5348806929661837,38.800000000000004,-0.0001103904035141803
289,0.289,0.08997017334174438,38.9,-0.00011182515996203087
290,0.29,-0.8869045267605109,39.0,-0.00011324646290116416
291,0.291,0.21215440026574534,39.099999999999994,-0.00011465387314219795
292,0.292,-0.8631523539348955,39.2,-0.00011604695104381459
293,0.293,0.28251305993600984,39.3,-0.00011742525661132254
294,0.294,-0.6398757408111442,39.4,-0.00011878834959610989
295,0.295,-0.006566917021563284,39.5,-0.0001201357895959917
296,0.296,0.04248072225271915,39.599999999999994,-0.0001214671361564113
297,0.297,-0.7509591932702252,39.7,-0.00012278194887249932
298,0.298,-0.15153893062592697,39.8,-0.0001240797874919653
299,0.299,-0.006635661595681852,39.9,-0.0001253602120187979
300,0.3,-0.31043848460936946,40.0,-0.0001266227828177702
301,0.301,-0.6080666961534821,40.099999999999994,-0.00012786706071971903
302,0.302,-0.6445808283532256,40.2,-0.00012909260712758828
303,0.303,-0.32391924351266776,40.3,-0.00013029898412321203
304,0.304,-0.5967420563859155,40.4,-0.00013148575457482459
305,0.305,-1.0096932182269514,40.5,-0.00013265248224526773
306,0.306,-0.5297507591003255,40.599999999999994,-0.00013379873190089205
307,0.307,-0.17755838525735723,40.7,-0.00013492406942111046
308,0.308,-0.230571742721484,40.8,-0.00013602806190860442
309,0.309,-0.5587768280232236,40.9,-0.0001371102778001524
310,0.31,-0.3061753225151088,41.0,-0.00013817028697805226
311,0.311,-0.4543679431067611,41.1,-0.00013920766088213723
312,0.312,-0.9404145855430217,41.2,-0.00014022197262233727
313,0.313,-0.5217874685565036,41.3,-0.00014121279709178975
314,0.314,-0.5030473783976847,41.4,-0.00014217971108045657
315,0.315,-0.3627268167822244,41.5,-0.00014312229338923877
316,0.316,-1.8482138484342538,41.6,-0.00014404012494455515
317,0.317,-1.7849402657845086,41.7,-0.0001449327889133771
318,0.318,-1.6876192507938113,41.8,-0.00014579987081867306
319,0.319,-0.8971798377148478,41.900000000000006,-0.0001466409586552654
320,0.32,-1.5373505089148551,42.0,-0.00014745564300605284
321,0.321,-1.4714056100373318,42.10000000000001,-0.00014824351715858703
322,0.322,-1.6712017078556032,42.199999999999996,-0.0001490041772219814
323,0.323,-1.2126831850892938,42.3,-0.00014973722224410863
324,0.324,-1.5539897475447266,42.400000000000006,-0.00015044225432908728
325,0.325,-1.8198847016683588,42.5,-0.0001511188787550124
326,0.326,-1.743750565855161,42.6,-0.00015176670409191258
327,0.327,-1.8932124336782046,42.7,-0.0001523853423199079
328,0.328,-1.3455283469695445,42.8,-0.00015297440894753925
329,0.329,-1.7375397414726184,42.900000000000006,-0.00015353352313024477
330,0.33,-1.4116670202206696,43.0,-0.00015406230778895947
331,0.331,0.0034606084796485748,43.10000000000001,-0.00015456038972880138
332,0.332,-0.4734965833101129,43.199999999999996,-0.0001550273997578285
333,0.333,-0.05634154923841472,43.3,-0.00015546297280583682
334,0.334,0.6367555319401907,43.400000000000006,-0.0001558667480431583
335,0.335,0.11608321883850603,43.5,-0.00015623836899945765
336,0.336,0.7419431012046465,43.6,-0.00015657748368246626
337,0.337,0.9962933688424664,43.7,-0.00015688374469665834
338,0.338,1.1507179004532415,43.8,-0.00015715680936181556
339,0.339,0.9098454246597429,43.900000000000006,-0.00015739633983146396
340,0.34,0.8488963983991006,44.00000000000001,-0.0001576020032111489
341,0.341,1.854728801060567,44.099999999999994,-0.00015777347167652823
342,0.342,1.1526842215942659,44.2,-0.0001579104225912345
343,0.343,1.3709257463027353,44.300000000000004,-0.0001580125386245051
344,0.34400000000000003,1.9424242967402168,44.400000000000006,-0.0001580795078685194
345,0.34500000000000003,1.3653416837051886,44.5,-0.00015811102395543928
346,0.34600000000000003,2.094888820777595,44.6,-0.00015810678617411177
347,0.34700000000000003,1.9047213464195611,44.7,-0.00015806649958639425
348,0.34800000000000003,0.9535121404793847,44.800000000000004,-0.0001579898751430952
349,0.34900000000000003,0.7697721682118511,44.900000000000006,-0.00015787662979947607
350,0.35000000000000003,1.1954753262861595,45.0,-0.0001577264866302983
351,0.35100000000000003,1.6259950223341946,45.1,-0.00015753917494438135
352,0.352,1.2522495381122758,45.19999999999999,-0.00015731443039863593
353,0.353,0.9725755763588588,45.3,-0.0001570519951115474
354,0.354,0.9776289735985687,45.4,-0.00015675161777608
355,0.355,0.34473442818952504,45.5,-0.00015641305377195664
356,0.356,1.3394997966909228,45.599999999999994,-0.00015603606527730027
357,0.357,0.5658719770368859,45.7,-0.0001556204213796008
358,0.358,0.47763228743174935,45.8,-0.00015516589818595998
359,0.359,0.9622108558258601,45.9,-0.00015467227893261088
360,0.36,1.1348145207420302,46.0,-0.00015413935409365148
361,0.361,1.2187128676035854,46.10000000000001,-0.00015356692148898375
362,0.362,0.029192529829799863,46.199999999999996,-0.00015295478639141096
363,0.363,0.4440488510794418,46.3,-0.00015230276163286698
364,0.364,0.37374313050367414,46.4,-0.00015161066770974702
365,0.365,0.4146310855768356,46.5,-0.0001508783328873049
366,0.366,0.29636528536824325,46.6,-0.00015010559330308357
367,0.367,0.23032853219912489,46.7,-0.00014929229306935435
368,0.368,0.07434515027343214,46.8,-0.0001484382843745194
369,0.369,-0.1604730648053505,46.9,-0.00014754342758345872
370,0.37,0.17300264158189788,47.00000000000001,-0.00014660759133678432
371,0.371,0.07698498806933102,47.099999999999994,-0.0001456306526489621
372,0.372,0.5880256111137234,47.2,-0.0001446124970052836
373,0.373,-0.38171825369925105,47.3,-0.00014355301845764214
374,0.374,0.6105751737001421,47.4,-0.00014245211971909024
375,0.375,0.4559027258064059,47.5,-0.00014130971225713974
376,0.376,-0.4654983206278722,47.6,-0.00014012571638577853
377,0.377,-0.5330114106980818,47.7,-0.00013890006135616498
378,0.378,-0.18540232757439187,47.8,-0.0001376326854459767
379,0.379,-0.4764170074399277,47.900000000000006,-0.00013632353604737022
380,0.38,0.4008803878607873,47.99999999999999,-0.00013497256975353447
381,0.381,0.2844699824849866,48.1,-0.00013357975244378896
382,0.382,0.10616226441689391,48.2,-0.00013214505936721163
383,0.383,-0.19948231874618588,48.3,-0.00013066847522475456
384,0.384,-0.1531251564866532,48.4,-0.0001291499942498156
385,0.385,0.4374429446692901,48.5,-0.00012758962028724274
386,0.386,-0.8419547275516137,48.6,-0.00012598736687073096
387,0.387,0.01326832184527632,48.7,-0.00012434325729858615
388,0.388,0.02298612955107493,48.800000000000004,-0.00012265732470782096
389,0.389,0.13380607148762258,48.89999999999999,-0.00012092961214655767
390,0.39,-0.6024830968974181,49.0,-0.00011916017264469778
391,0.391,-1.092583588555505,49.1,-0.00011734906928284085
392,0.392,-0.3494873787284353,49.2,-0.00011549637525940675
393,0.393,-0.41364050947751957,49.3,-0.00011360217395594492
394,0.394,-0.9047706995484985,49.400000000000006,-0.00011166655900059463
395,0.395,-0.5623305672989081,49.5,-0.00010968963432966205
396,0.396,-1.5556165010571976,49.6,-0.00010767151424729513
397,0.397,-0.689518911909847,49.7,-0.00010561232348321583
398,0.398,-1.0589746284353174,49.80000000000001,-0.00010351219724848823
399,0.399,-1.5176027988524194,49.9,-0.00010137128128929102
400,0.4,-1.3899783258754088,50.0,-9.918973193866308e-05
401,0.401,-1.8631916858367856,50.1,-9.696771616619783e-05
402,0.402,-1.2290380974424635,50.2,-9.47054116256586e-05
403,0.403,-1.3948598793784066,50.300000000000004,-9.240300670047762e-05
404,0.404,-1.786010627656864,50.400000000000006,-9.006070054712677e-05
405,0.405,-2.013181186235598,50.5,-8.767870313631928e-05
406,0.406,-1.3461625395297674,50.6,-8.525723529201825e-05
407,0.40700000000000003,-1.715414345669717,50.70000000000001,-8.279652872823409e-05
408,0.40800000000000003,-1.1970244270031551,50.8,-8.029682608356804e-05
409,0.40900000000000003,-2.0845400634827085,50.900000000000006,-7.775838095349344e-05
410,0.41000000000000003,-2.380536063441827,51.0,-7.518145792033358e-05
411,0.41100000000000003,-1.6258416537616576,51.1,-7.256633258092216e-05
412,0.41200000000000003,-1.0341263200050743,51.2,-6.991329157191315e-05
413,0.41300000000000003,-1.0044374392174833,51.300000000000004,-6.722263259271995e-05
414,0.41400000000000003,-0.7995947016641435,51.400000000000006,-6.449466442605741e-05
415,0.41500000000000004,-0.22096308609336138,51.5,-6.172970695606405e-05
416,0.41600000000000004,-0.7914240594274082,51.60000000000001,-5.892809118397818e-05
417,0.417,0.023841933473773565,51.699999999999996,-5.609015924134663e-05
418,0.418,0.5116769149754153,51.800000000000004,-5.321626440074491e-05
419,0.419,0.4990181924589888,51.89999999999999,-5.030677108398047e-05
420,0.42,0.2997003900026385,52.0,-4.736205486776515e-05
421,0.421,0.7650164933466524,52.1,-4.438250248682511e-05
422,0.422,1.4893371653760732,52.199999999999996,-4.136851183443791e-05
423,0.423,1.4453744878866592,52.3,-3.83204919603678e-05
424,0.424,0.9942099409312068,52.4,-3.523886306618089e-05
425,0.425,1.957375387833527,52.5,-3.2124056497923506e-05
426,0.426,1.2953654558518382,52.6,-2.8976514736139913e-05
427,0.427,1.48726778998232,52.7,-2.5796691383212066e-05
428,0.428,1.2797842340002665,52.800000000000004,-2.2585051148005832e-05
429,0.429,1.784427526096692,52.89999999999999,-1.9342069827798944e-05
430,0.43,2.372171323432136,53.0,-1.606823428748134e-05
431,0.431,1.4218951429502276,53.1,-1.2764042436003591e-05
432,0.432,1.2950880013379324,53.2,-9.430003200062695e-06
433,0.433,1.426487070939811,53.3,-6.066636495004576e-06
434,0.434,1.1052207215690315,53.4,-2.674473192931555e-06
435,0.435,1.5983454640273975,53.5,7.459449120014324e-07
436,0.436,1.198700414948127,53.6,4.19406514111843e-06
437,0.437,0.41327186849774256,53.7,7.669323971590549e-06
438,0.438,0.9131653737914582,53.8,1.1171147079660004e-05
439,0.439,1.3321587176963714,53.9,1.4698949386726602e-05
440,0.44,0.9643243251229251,54.0,1.825213510831438e-05
441,0.441,0.7751154724739827,54.1,2.18300978059255e-05
442,0.442,0.7563518895392856,54.2,2.5432220441794362e-05
443,0.443,0.6978392310078351,54.3,2.9057875436552877e-05
444,0.444,0.5080015544742356,54.4,3.270642472981437e-05
445,0.445,0.3100949061114681,54.5,3.637721984368786e-05
446,0.446,0.42317587880196206,54.60000000000001,4.006960194922808e-05
447,0.447,0.2375580164004785,54.699999999999996,4.378290193583331e-05
448,0.448,0.16357724471715906,54.8,4.75164404835936e-05
449,0.449,1.293032347539039,54.9,5.126952813859779e-05
450,0.45,0.6547239019674751,55.0,5.504146539120968e-05
451,0.451,0.019516936467150026,55.1,5.8831542757307576e-05
452,0.452,0.59711357207281,55.2,6.263904086250711e-05
453,0.453,0.690200749455316,55.300000000000004,6.64632305293542e-05
454,0.454,0.38121580001232946,55.4,7.030337286750791e-05
455,0.455,-0.05354135372019153,55.5,7.415871936690391e-05
456,0.456,0.30250077983470136,55.60000000000001,7.802851199390385e-05
457,0.457,-0.32830626252060857,55.699999999999996,8.191198329043655e-05
458,0.458,-0.6069834481737698,55.800000000000004,8.580835647612331e-05
459,0.459,0.30041049014056803,55.900000000000006,8.97168455533955e-05
460,0.46,-0.3219810799495435,56.0,9.363665541559503e-05
461,0.461,-0.36825891034995073,56.1,9.756698195806564e-05
462,0.462,0.0723262883213655,56.2,0.00010150701219222274
463,0.463,-0.12281867491346643,56.300000000000004,0.00010545592436260801
464,0.464,-0.19618943387796775,56.400000000000006,0.00010941288806691727
465,0.465,-0.19278981398894593,56.50000000000001,0.00011337706437900166
466,0.466,-0.3666752688572272,56.599999999999994,0.0001173476059748389
467,0.467,-0.21178283806002113,56.7,0.00012132365726145844
468,0.468,-0.7699190579554815,56.800000000000004,0.00012530435450882935
469,0.46900000000000003,-0.41750787282553886,56.900000000000006,0.00012928882598468698
470,0.47000000000000003,-0.6068660521219597,57.0,0.0001332761920923042
471,0.47100000000000003,-0.19912813382746125,57.1,0.00013726556551119025
472,0.47200000000000003,-0.27338218933385916,57.2,0.00014125605134070746
473,0.47300000000000003,-0.8892864686402642,57.300000000000004,0.00014524674724659964
474,0.47400000000000003,0.3012656854072716,57.400000000000006,0.00014923674361042036
475,0.47500000000000003,-1.073418258363061,57.5,0.0001532251236818391
476,0.47600000000000003,-0.5961686326054573,57.6,0.00015721096373383343
477,0.47700000000000004,-0.9762712453924463,57.7,0.00016119333322072671
478,0.47800000000000004,-0.2906024472147303,57.800000000000004,0.00016517129493908111
479,0.47900000000000004,-1.0578877174239834,57.900000000000006,0.0001691439051914189
480,0.48,-1.5613155090296957,58.0,0.00017311021395275173
481,0.481,-1.3852928220163332,58.1,0.0001770692650399155
482,0.482,-1.2748180067225467,58.199999999999996,0.00018102009628367846
483,0.483,-1.6777147988776915,58.3,0.00018496173970361456
484,0.484,-0.5042108885758364,58.4,0.00018889322168571713
485,0.485,-1.6919120063732005,58.5,0.00019281356316273618
486,0.486,-1.3996110958722994,58.6,0.00019672177979721325
487,0.487,-1.0311852262347494,58.699999999999996,0.00020061688216720675
488,0.488,-1.1051897111732663,58.8,0.00020449787595465835
489,0.489,-1.824458819926587,58.9,0.00020836376213641237
490,0.49,-1.262856865017806,59.0,0.00021221353717783045
491,0.491,-1.6191022880023342,59.1,0.00021604619322899922
492,0.492,-1.5646802944838758,59.2,0.00021986071832350338
493,0.493,-1.561567897045037,59.3,0.00022365609657971813
494,0.494,-1.4601546363477613,59.4,0.00022743130840462313
495,0.495,-0.9763925572170975,59.50000000000001,0.00023118533070008726
496,0.496,-0.8367433216708006,59.599999999999994,0.00023491713707160611
497,0.497,-0.6020054260067029,59.7,0.00023862569803945668
498,0.498,-0.5177291048586945,59.8,0.00024230998125224996
499,0.499,0.28643163701081115,59.9,0.00024596895170283004
500,0.5,0.14457641335126747,60.0,0.0002496015719465163
501,0.501,0.874680120720493,60.1,0.0002532068023216211
502,0.502,0.6860733919490446,60.2,0.0002567836011722435
503,0.503,0.909323363277851,60.3,0.00026033092507328465
504,0.504,0.8610932581381882,60.4,0.0002638477290576458
505,0.505,0.924487970838393,60.5,0.00026733296684559854
506,0.506,1.1651081061391775,60.6,0.0002707855910762526
507,0.507,1.2350675828035325,60.7,0.0002742045535411222
508,0.508,1.4651049402625584,60.8,0.0002775888054197253
509,0.509,1.5074245510480224,60.9,0.0002809372975171902
510,0.51,1.3437687443509039,61.0,0.00028424898050381683
511,0.511,1.3829784963354514,61.1,0.0002875228051565801
512,0.512,1.5369727987158912,61.2,0.00029075772260249005
513,0.513,1.549952964930364,61.300000000000004,0.0002939526845638079
514,0.514,2.47029254780036,61.4,0.0002971066436050587
515,0.515,1.4690020515550108,61.5,0.00030021855338178077
516,0.516,1.4241256504780924,61.6,0.0003032873688910044
517,0.517,1.1121468261363094,61.7,0.00030631204672337196
518,0.518,1.2946464379677083,61.800000000000004,0.0003092915453168935
519,0.519,1.1939963219585306,61.9,0.00031222482521225866
520,0.52,1.4377764143203293,62.0,0.0003151108493096783
521,0.521,1.48957652973809,62.1,0.00031794858312719895
522,0.522,0.705051433161378,62.2,0.0003207369950604407
523,0.523,-0.2204812666664936,62.300000000000004,0.0003234750566437097
524,0.524,0.9356144371226917,62.400000000000006,0.0003261617428124472
525,0.525,0.8295173867434061,62.5,0.00032879603216693493
526,0.526,1.0655921938476918,62.6,0.0003313769072372345
527,0.527,0.06821037974854072,62.7,0.00033390335474930353
528,0.528,0.8407690462819303,62.800000000000004,0.00033637436589220647
529,0.529,0.16757990917294407,62.900000000000006,0.00033878893658641316
530,0.53,-0.3441022819232008,63.0,0.0003411460677530913
531,0.531,0.23545829384857253,63.1,0.0003434447655843575
532,0.532,1.3599608890099129,63.2,0.0003456840418144247
533,0.533,0.7484968778759513,63.300000000000004,0.0003478629139915934
534,0.534,-0.16389719429542093,63.400000000000006,0.0003499804057510209
535,0.535,-0.38170147052827963,63.5,0.00035203554708823035
536,0.536,0.4463239139256685,63.6,0.0003540273746332675
537,0.537,0.088906415650675,63.7,0.0003559549319254935
538,0.538,0.06929658814035969,63.800000000000004,0.0003578172696888973
539,0.539,0.10991999880000469,63.900000000000006,0.00035961344610792155
540,0.54,0.16158203326319456,64.0,0.0003613425271037138
541,0.541,0.27879764393975676,64.10000000000001,0.0003630035866107272
542,0.542,0.20636914397879477,64.2,0.00036459570685365135
543,0.543,0.2006293946355306,64.30000000000001,0.0003661179786245721
544,0.544,-0.13412236625269833,64.4,0.0003675695015603141
545,0.545,-0.01588857423475193,64.5,0.0003689493844199
546,0.546,-0.3074732611446274,64.60000000000001,0.00037025674536207226
547,0.547,-0.14455793455716537,64.7,0.0003714907122227793
548,0.548,-0.20233703794860075,64.80000000000001,0.00037265042279262126
549,0.549,-0.04875353954353978,64.9,0.00037373502509411227
550,0.55,-1.1821456437445446,65.0,0.00037474367765876816
551,0.551,-0.2754441184292438,65.10000000000001,0.0003756755498039081
552,0.552,-0.27141601167411744,65.2,0.0003765298219091024
553,0.553,-0.789545203856629,65.30000000000001,0.00037730568569223664
554,0.554,-0.703568704625686,65.4,0.0003780023444850717
555,0.555,-0.3482964178736795,65.5,0.00037861901350828386
556,0.556,-0.2636798468043122,65.60000000000001,0.00037915492014587365
557,0.557,-0.6264717831549866,65.7,0.0003796093042189033
558,0.558,-0.6560037291559627,65.80000000000001,0.0003799814182584721
559,0.559,-0.939968194835588,65.9,0.0003802705277778893
560,0.56,-1.0283597543150131,66.0,0.00038047591154392944
561,0.561,-0.5141312055792233,66.10000000000001,0.0003805968618471452
562,0.562,-1.4899209181651831,66.2,0.00038063268477114896
563,0.5630000000000001,-1.4098211118971657,66.30000000000001,0.0003805827004607706
564,0.5640000000000001,-1.5614199843052656,66.4,0.00038044624338907045
565,0.5650000000000001,-1.9130640757846953,66.5,0.0003802226626230759
566,0.5660000000000001,-1.204877964287126,66.60000000000001,0.0003799113220882216
567,0.5670000000000001,-1.6391312367368303,66.7,0.0003795116008313904
568,0.5680000000000001,-2.0172953120353956,66.80000000000001,0.0003790228932824929
569,0.5690000000000001,-1.9526581452319656,66.9,0.00037844460951451137
570,0.5700000000000001,-1.3827412349397017,67.0,0.00037777617550193994
571,0.5710000000000001,-1.9444991409823535,67.10000000000001,0.0003770170333775333
572,0.5720000000000001,-0.40074031365380947,67.2,0.00037616664168732425
573,0.5730000000000001,-1.859116514544318,67.30000000000001,0.00037522447564378365
574,0.5740000000000001,-1.8786509652387318,67.4,0.0003741900273771006
575,0.5750000000000001,-1.4878680436479401,67.5,0.00037306280618449613
576,0.5760000000000001,-1.1417885298240587,67.60000000000001,0.00037184233877745926
577,0.577,-1.7152960120601377,67.69999999999999,0.0003705281695268947
578,0.578,-1.4119475633904213,67.8,0.00036911986070605125
579,0.579,-0.9573132998160936,67.89999999999999,0.00036761699273120185
580,0.58,-0.42456563980158224,68.0,0.0003660191643999646
581,0.581,-1.1251095512138098,68.1,0.0003643259931272156
582,0.582,0.05784006018779969,68.19999999999999,0.00036253711517851084
583,0.583,0.018921800235461125,68.3,0.00036065218590094713
584,0.584,0.10134867633113995,68.39999999999999,0.00035867087995137246
585,0.585,-0.495586613611137,68.5,0.00035659289152190955
586,0.586,0.10574180078798356,68.6,0.00035441793456266455
587,0.587,1.612112650629168,68.69999999999999,0.0003521457430015971
588,0.588,1.0613784110798525,68.8,0.00034977607096146
589,0.589,1.4711438291646477,68.89999999999999,0.00034730869297371216
590,0.59,1.1453127563104128,69.0,0.0003447434041893792
591,0.591,1.8982123656251015,69.1,0.00034208002058674306
592,0.592,1.2142286923062202,69.2,0.00033931837917581446
593,0.593,2.4308916441506954,69.3,0.0003364583381995101
594,0.594,2.2020241521488293,69.39999999999999,0.0003334997773314546
595,0.595,0.976163306281614,69.5,0.00033044259787034033
596,0.596,1.4100575247474616,69.6,0.00032728672293078325
597,0.597,0.8456615003887011,69.7,0.0003240320976305764
598,0.598,1.1745592642687266,69.8,0.0003206786892743058
599,0.599,0.7268548994600255,69.9,0.00031722648753321366
600,0.6,1.2399726114624954,70.0,0.00031367550462128835
601,0.601,0.6943323829471363,70.1,0.0003100257754674725
602,0.602,0.9366892377178253,70.2,0.00030627735788392257
603,0.603,1.1313688410240372,70.3,0.0003024303327302785
604,0.604,1.3878081719038784,70.4,0.00029848480407384154
605,0.605,0.3631447140259187,70.5,0.0002944408993456111
606,0.606,1.0221198798126445,70.6,0.0002902987694920947
607,0.607,0.9961061119220437,70.7,0.0002860585891228601
608,0.608,0.4223233865945424,70.8,0.00028172055665370095
609,0.609,0.013227583571786217,70.9,0.0002772848944454205
610,0.61,0.46882306441440913,71.0,0.0002727518489380978
611,0.611,0.9399147595248816,71.1,0.000268121690780831
612,0.612,0.3015493906440218,71.2,0.0002633947149568542
613,0.613,0.5642344992609153,71.3,0.0002585712409039637
614,0.614,0.41299231328001434,71.4,0.00025365161263022615
615,0.615,1.3083751251726654,71.5,0.0002486361988248489
616,0.616,0.3368912690971065,71.6,0.00024352539296420468
617,0.617,0.08423462117660019,71.7,0.00023831961341290683
618,0.618,0.11710064505064299,71.8,0.00023301930351990395
619,0.619,0.2589813847425943,71.9,0.00022762493170950472
620,0.62,0.23121502550571515,72.0,0.00022213699156730453
621,0.621,0.9699179664470114,72.1,0.00021655600192092164
622,0.622,-0.3671915349628248,72.2,0.00021088250691551365
623,0.623,0.004369875688910063,72.3,0.00020511707608399666
624,0.624,0.19852628691876872,72.4,0.00019926030441191504
625,0.625,-0.5026542656899815,72.5,0.00019331281239691944
626,0.626,-0.0199244522157487,72.6,0.00018727524610276684
627,0.627,-0.0045314348275771466,72.7,0.00018114827720782363
628,0.628,0.21770229287957105,72.8,0.00017493260304799716
629,0.629,-0.504869987517374,72.9,0.00016862894665404393
630,0.63,-0.4190012539504951,73.0,0.00016223805678320784
631,0.631,-0.7686918277436817,73.1,0.00015576070794514184
632,0.632,-0.39272121756935036,73.2,0.00014919770042204865
633,0.633,-0.2797676535650626,73.3,0.00014254986028301158
634,0.634,-0.8626924723484859,73.4,0.00013581803939244195
635,0.635,-0.5855039549556879,73.5,0.00012900311541262654
636,0.636,-0.47979518530240167,73.6,0.00012210599180030715
637,0.637,0.07668506784513773,73.7,0.00011512759779724524
638,0.638,-1.1358903824868876,73.8,0.00010806888841475491
639,0.639,-0.21906692335362,73.9,0.00010093084441212808
640,0.64,-0.5342935992636517,74.0,9.371447226893364e-05
641,0.641,-0.8660211149672803,74.1,8.642080415113533e-05
642,0.642,-1.3614049269363506,74.20000000000002,7.905089787100717e-05
643,0.643,-0.8589225151519674,74.3,7.1605836840786e-05
644,0.644,0.03318218474852119,74.39999999999999,6.408673002004007e-05
645,0.645,-1.1828280625421983,74.5,5.6494711856715486e-05
646,0.646,-0.5208758416532151,74.6,4.8830942221820746e-05
647,0.647,-0.4480886632969786,74.7,4.1096606337720464e-05
648,0.648,-1.5747346391674677,74.8,3.329291470000126e-05
649,0.649,-1.9620112019261837,74.9,2.5421102992892893e-05
650,0.65,-2.0151763637259283,75.0,1.748243199819458e-05
651,0.651,-2.167775993448654,75.10000000000001,9.478187497690998e-06
652,0.652,-0.810103987695139,75.2,1.4096801690362073e-06
653,0.653,-2.1803190624735675,75.3,-6.721754524936048e-06
654,0.654,-0.831890222442608,75.4,-1.4914756453485461e-05
655,0.655,-1.5652617647589302,75.5,-2.3167940941856166e-05
656,0.656,-1.9767533904684715,75.60000000000001,-3.147989890179031e-05
657,0.657,-1.1469559643261833,75.7,-3.9849196968704955e-05
658,0.658,-0.8877288603176341,75.8,-4.827437764553934e-05
659,0.659,-1.8887883203618672,75.9,-5.6753959453283285e-05
660,0.66,-1.694856248500967,76.0,-6.528643708822085e-05
661,0.661,-1.4475704888011076,76.1,-7.387028158588457e-05
662,0.662,-0.7962167476387596,76.20000000000002,-8.250394049175169e-05
663,0.663,-0.790566685430752,76.30000000000001,-9.118583803866888e-05
664,0.664,-1.165429031154737,76.39999999999999,-9.991437533104365e-05
665,0.665,-0.021100677902321896,76.5,-0.00010868793053579383
666,0.666,-0.2591360961868993,76.60000000000001,-0.00011750485908005843
667,0.667,-0.42857292083088916,76.7,-0.0001263634938556905
668,0.668,-0.04956795619806287,76.80000000000001,-0.00013526214543052356
669,0.669,0.4748602434490746,76.9,-0.00014419910226642045
670,0.67,1.1461847905089264,77.0,-0.00015317263094409347
671,0.671,0.17559688077211288,77.10000000000002,-0.00016218097639471697
672,0.672,0.865804747719421,77.2,-0.0001712223621383057
673,0.673,1.801091639886649,77.3,-0.00018029499052887098
674,0.674,1.2835355095424243,77.4,-0.00018939704300633748
675,0.675,2.7307349518924857,77.5,-0.0001985266803552279
676,0.676,1.230289830602489,77.60000000000001,-0.00020768204297009254
677,0.677,2.066340291441252,77.7,-0.00021686125112767442
678,0.678,1.1631773177730333,77.80000000000001,-0.00022606240526580604
679,0.679,1.750834688900489,77.9,-0.0002352835862690231
680,0.68,1.289346632170746,78.00000000000001,-0.00024452285576085985
681,0.681,1.1056470521124937,78.10000000000001,-0.0002537782564028435
682,0.682,1.3356179521435945,78.19999999999999,-0.0002630478122001324
683,0.683,1.5979832339224043,78.30000000000001,-0.0002723295288138031
684,0.684,1.9996035964634404,78.4,-0.0002816213938797552
685,0.685,0.7344063448100637,78.5,-0.0002909213773341952
686,0.686,1.7441955283636832,78.60000000000001,-0.0003002274317457091
687,0.687,1.207594635476041,78.7,-0.0003095374926538526
688,0.6880000000000001,0.06006425735565912,78.80000000000001,-0.00031884947891426134
689,0.6890000000000001,0.4965854318574229,78.90000000000002,-0.0003281612930502428
690,0.6900000000000001,0.5170615398255918,79.0,-0.0003374708216107997
691,0.6910000000000001,0.805018251785084,79.1,-0.00034677593553507455
692,0.6920000000000001,0.8965193337693194,79.2,-0.0003560744905231693
693,0.6930000000000001,0.7625248755241439,79.30000000000001,-0.0003653643274132896
694,0.6940000000000001,0.969290750218057,79.4,-0.0003746432725651972
695,0.6950000000000001,0.6704652318068379,79.5,-0.0003839091382499003
696,0.6960000000000001,0.6277377190339652,79.60000000000001,-0.0003931597230455725
697,0.6970000000000001,0.7514419334567072,79.7,-0.0004023928122396238
698,0.6980000000000001,-0.18754394022509513,79.80000000000001,-0.0004116061782368862
699,0.6990000000000001,0.7111713394639296,79.9,-0.00042079758097387664
700,0.7000000000000001,0.15431016339588205,80.0,-0.0004299647683390787
701,0.7010000000000001,0.4661419790437232,80.10000000000001,-0.00043910547659917497
702,0.7020000000000001,0.6541409449636459,80.2,-0.00044821743083119775
703,0.7030000000000001,0.24886442100065365,80.30000000000001,-0.00045729834536055214
704,0.704,0.5890526493785124,80.39999999999998,-0.0004663459242047908
705,0.705,-0.006963629912299152,80.5,-0.00047535786152318204
706,0.706,0.06635282799592113,80.6,-0.0004843318420718966
707,0.707,-0.22897227834208012,80.69999999999999,-0.0004932655416648593
708,0.708,-0.20820383291142283,80.8,-0.0005021566276400956
709,0.709,-0.9903970658531137,80.89999999999999,-0.0005110027593315993
710,0.71,0.5630253479281989,81.0,-0.0005198015885465971
711,0.711,0.23038241786035907,81.10000000000001,-0.0005285507600481372
712,0.712,-0.4394562420178039,81.19999999999999,-0.0005372479120429745
713,0.713,0.24141583155910779,81.29999999999998,-0.0005458906766746272
714,0.714,-0.32361828311592217,81.4,-0.0005544766805215678
715,0.715,-0.8443335860709849,81.5,-0.0005630035451004356
716,0.716,-0.5469606108912376,81.6,-0.0005714688873742385
717,0.717,-0.5905655918681756,81.69999999999999,-0.0005798703202653989
718,0.718,-0.005406169850633136,81.8,-0.0005882054531736429
719,0.719,-0.3960116343131337,81.9,-0.000596471892498549
720,0.72,-0.29678749368344515,82.0,-0.0006046672421667636
721,0.721,-0.6541558193067356,82.1,-0.0006127891041637547
722,0.722,-0.45487413005816196,82.20000000000002,-0.0006208350790699726
723,0.723,0.13246595415157159,82.3,-0.0006288027666014245
724,0.724,-0.9868353092917025,82.39999999999999,-0.0006366897661544664
725,0.725,-0.8027907098815826,82.5,-0.0006444936773547941
726,0.726,-0.7496624090828194,82.6,-0.0006522121006104899
727,0.727,-1.1076842407491065,82.7,-0.0006598426376690542
728,0.728,-0.04138332012934087,82.8,-0.0006673828921782945
729,0.729,-0.7929107321126223,82.9,-0.0006748304702510204
730,0.73,-1.1634965180794365,83.0,-0.0006821829810333634
731,0.731,-1.0773458453100833,83.10000000000001,-0.0006894380372766963
732,0.732,-1.5647847544451554,83.2,-0.000696593255913009
733,0.733,-0.5799647284546279,83.29999999999998,-0.0007036462586336
734,0.734,-0.9593630966284618,83.4,-0.00071059467247106
735,0.735,-1.2626046600514733,83.5,-0.0007174361303843372
736,0.736,-1.3188362331360384,83.6,-0.0007241682718468495
737,0.737,-1.7825143604022806,83.7,-0.0007307887434374917
738,0.738,-1.7997416705643259,83.8,-0.0007372951994344214
739,0.739,-1.6686377736148486,83.9,-0.0007436853024115213
740,0.74,-2.1175514788694603,84.00000000000001,-0.0007499567238374095
741,0.741,-0.8548407593239062,84.1,-0.0007561071446768729
742,0.742,-2.128503321896663,84.19999999999999,-0.0007621342559946361
743,0.743,-1.802413575839314,84.3,-0.0007680357595612633
744,0.744,-1.788096458029327,84.4,-0.0007738093684611678
745,0.745,-1.2740754513278862,84.5,-0.0007794528077025502
746,0.746,-0.5209788103838128,84.6,-0.0007849638148291043
747,0.747,-1.1153360508523447,84.7,-0.0007903401405334445
748,0.748,-0.10548134862839909,84.8,-0.0007955795492720593
749,0.749,-0.005393231642296686,84.9,-0.0008006798198816862
750,0.75,-0.2551682521683883,85.0,-0.0008056387461969618
751,0.751,-0.16456044473680226,85.1,-0.0008104541376692349
752,0.752,0.45244223927143995,85.2,-0.0008151238199863705
753,0.753,-0.009705271318150133,85.3,-0.0008196456356934708
754,0.754,1.0623473856538928,85.4,-0.0008240174448142739
755,0.755,1.3957668446929545,85.5,-0.0008282371254732195
756,0.756,0.661281566234472,85.6,-0.0008323025745179218
757,0.757,2.190128571755804,85.7,-0.0008362117081419831
758,0.758,0.9973128814325181,85.80000000000001,-0.0008399624625079963
759,0.759,1.7429214745219708,85.9,-0.0008435527943705415
760,0.76,1.6491791325265017,85.99999999999999,-0.0008469806816991104
761,0.761,1.2879121331908077,86.1,-0.0008502441243007456
762,0.762,1.9150674411597224,86.2,-0.0008533411444422901
763,0.763,1.433263701520322,86.3,-0.0008562697874720651
764,0.764,2.0132440356597323,86.4,-0.0008590281224408875
765,0.765,1.5006383453651655,86.5,-0.0008616142427221696
766,0.766,1.5976092616811344,86.6,-0.0008640262666310983
767,0.767,1.4766171662883165,86.70000000000002,-0.0008662623380425845
768,0.768,0.8300130514317302,86.8,-0.0008683206270079572
769,0.769,1.5636882405098602,86.89999999999999,-0.0008701993303701991
770,0.77,1.2970718941603876,87.0,-0.000871896672377522
771,0.771,0.8957609743066662,87.1,-0.0008734109052952501
772,0.772,0.7908340729711653,87.2,-0.0008747403100157048
773,0.773,0.8585733620106887,87.3,-0.0008758831966660713
774,0.774,0.6889014185267052,87.4,-0.0008768379052139991
775,0.775,0.6524378836961425,87.5,-0.0008776028060708206
776,0.776,0.6017491214044551,87.60000000000001,-0.0008781763006922088
777,0.777,0.40388866917668964,87.7,-0.000878556822176159
778,0.778,0.4605533366547106,87.79999999999998,-0.0008787428358580519
779,0.779,0.6994991619397315,87.9,-0.00087873283990273
780,0.78,0.36494400926602855,88.0,-0.0008785253658933886
781,0.781,0.7309218281941103,88.1,-0.0008781189794170767
782,0.782,0.6826656662037376,88.2,-0.0008775122806467532
783,0.783,0.16886689288749485,88.30000000000001,-0.0008767039049196051
784,0.784,0.35902468776104296,88.4,-0.000875692523311594
785,0.785,0.14024800346955663,88.5,-0.0008744768432079752
786,0.786,1.104368015004809,88.6,-0.0008730556088696759
787,0.787,0.36399298754327314,88.70000000000002,-0.0008714276019953464
788,0.788,0.11449610299277091,88.80000000000001,-0.0008695916422789464
789,0.789,-0.5508007589994381,88.89999999999999,-0.0008675465879626695
790,0.79,0.15644502004021113,89.0,-0.0008652913363850945
791,0.791,-0.2508359493646155,89.10000000000001,-0.0008628248245243202
792,0.792,-0.8138610342264792,89.2,-0.0008601460295360173
793,0.793,-0.42152563387670455,89.30000000000001,-0.0008572539692861765
794,0.794,-0.17114381690254418,89.4,-0.0008541477028783623
795,0.795,0.33002284562611206,89.5,-0.0008508263311754062
796,0.796,-0.23084458649190476,89.60000000000002,-0.0008472889973152781
797,0.797,-0.11674623721960006,89.7,-0.0008435348872210263
798,0.798,-0.4992574047441719,89.8,-0.0008395632301046117
799,0.799,-0.31957260358233425,89.9,-0.0008353732989644773
800,0.8,-0.277210240117194,90.0,-0.0008309644110766762
801,0.801,-0.33261249970852097,90.10000000000001,-0.0008263359284794309
802,0.802,-0.8896068708025601,90.2,-0.0008214872584509059
803,0.803,-0.3762922609317647,90.30000000000001,-0.000816417853980115
804,0.804,-0.8923809069907769,90.4,-0.0008111272142306978
805,0.805,-0.1654302544246753,90.50000000000001,-0.0008056148849975152
806,0.806,-1.0615779384217068,90.60000000000001,-0.0007998804591558367
807,0.807,-0.5190773512375673,90.69999999999999,-0.0007939235771029521
808,0.808,-0.3808348789200654,90.80000000000001,-0.00078774392719211
809,0.809,-0.345077587255651,90.9,-0.0007813412461585761
810,0.81,-0.6029559210435499,91.0,-0.0007747153195376694
811,0.811,-0.8896598653465451,91.10000000000001,-0.000767865982074603
812,0.812,-0.378791128143942,91.2,-0.0007607931181260391
813,0.8130000000000001,-1.0847929939133836,91.30000000000001,-0.0007534966620530908
814,0.8140000000000001,-0.16543517947796382,91.40000000000002,-0.0007459765986057497
815,0.8150000000000001,-0.6508974107675136,91.5,-0.0007382329632984515
816,0.8160000000000001,-1.4067785338986651,91.6,-0.0007302658427767541
817,0.8170000000000001,-1.1880218131880067,91.7,-0.0007220753751748972
818,0.8180000000000001,-2.284305616658809,91.80000000000001,-0.0007136617504640885
819,0.8190000000000001,-1.7130591932718668,91.9,-0.0007050252107914563
820,0.8200000000000001,-0.7879138136875113,92.0,-0.0006961660508093897
821,0.8210000000000001,-1.2450994227105456,92.10000000000001,-0.0006870846179952498
822,0.8220000000000001,-1.65985580432541,92.2,-0.0006777813129612074
823,0.8230000000000001,-1.6733009225287996,92.30000000000001,-0.0006682565897541264
824,0.8240000000000001,-1.3443235969942353,92.4,-0.0006585109561453115
825,0.8250000000000001,-1.5099018659348593,92.5,-0.0006485449739100078
826,0.8260000000000001,-1.3460051812534317,92.60000000000001,-0.0006383592590964878
827,0.8270000000000001,-0.6027454842959957,92.70000000000002,-0.0006279544822845999
828,0.8280000000000001,-0.5667934483918509,92.80000000000001,-0.0006173313688336615
829,0.8290000000000001,-1.246741493836729,92.9,-0.0006064906991194897
830,0.8300000000000001,-2.1354987175725686,93.0,-0.0005954333087605532
831,0.8310000000000001,-0.6050704538844927,93.10000000000001,-0.0005841600888329797
832,0.8320000000000001,-0.6856699699486628,93.20000000000002,-0.0005726719860743969
833,0.833,-0.2829964072914505,93.3,-0.0005609700030764241
834,0.834,0.5259761801432463,93.4,-0.0005490551984656828
835,0.835,0.4115772900403472,93.5,-0.0005369286870732393
836,0.836,0.9763092192587306,93.60000000000001,-0.0005245916400923079
837,0.837,0.985223965740211,93.69999999999999,-0.0005120452852241327
838,0.838,0.45341409665234955,93.79999999999998,-0.0004992909068119125
839,0.839,1.3787565204816281,93.9,-0.0004863298459626311
840,0.84,2.2947727633804202,94.0,-0.0004731635006567067
841,0.841,1.4467940344771357,94.1,-0.000459793325845353
842,0.842,1.2531460974040707,94.19999999999999,-0.00044622083353548146
843,0.843,1.6727904472748452,94.3,-0.0004324475928621073
844,0.844,1.6095673411864795,94.4,-0.0004184752301481033
845,0.845,1.605610911046057,94.5,-0.0004043054289512177
846,0.846,1.0734086332211832,94.6,-0.00038993993009824046
847,0.847,1.3634085824180344,94.70000000000002,-0.0003753805317062163
848,0.848,1.8493254613054684,94.8,-0.00036062908919063
849,0.849,1.5471883776685385,94.89999999999998,-0.0003456875152604281
850,0.85,0.6507213537110318,95.0,-0.00033055777989980087
851,0.851,1.0198055110919426,95.1,-0.0003152419103366627
852,0.852,1.6245922196443727,95.19999999999999,-0.0002997419909976765
853,0.853,0.6364024409828691,95.3,-0.0002840601634497843
854,0.854,0.19726062929027144,95.4,-0.00026819862632816764
855,0.855,0.7752643901653975,95.5,-0.0002521596352504972
856,0.856,1.3849436452657442,95.60000000000001,-0.00023594550271746105
857,0.857,0.7462635513933423,95.69999999999999,-0.0002195585979994389
858,0.858,0.4102906813100694,95.79999999999998,-0.00020300134700929886
859,0.859,0.635104668369182,95.9,-0.00018627623216119744
860,0.86,0.5030884338174261,96.0,-0.00016938579221533959
861,0.861,0.33698370539524364,96.1,-0.0001523326221086433
862,0.862,1.0052490539193384,96.19999999999999,-0.00013511937277121885
863,0.863,-0.5871548812405555,96.3,-0.00011774875092861754
864,0.864,-0.346449489391374,96.4,-0.00010022351888978888
865,0.865,0.4304634945617459,96.5,-8.254649432070589e-05
866,0.866,0.8412245773055342,96.6,-6.472055000358202e-05
867,0.867,0.5543576399453394,96.69999999999999,-4.6748613581642255e-05
868,0.868,0.27482931666034793,96.8,-2.863366728942266e-05
869,0.869,0.5840876497607064,96.9,-1.0378747668519683e-05
870,0.87,0.4589012395518098,97.0,8.013054731219837e-06
871,0.871,0.3147883959269326,97.1,2.6538595665128532e-05
872,0.872,-0.11180925274417336,97.2,4.519467752176512e-05
873,0.873,0.592194394022874,97.3,6.397804966565198e-05
874,0.874,-0.24637447970936094,97.4,8.288540879470646e-05
875,0.875,0.08737557399639906,97.5,0.00010191339931237535
876,0.876,-0.44187550263941827,97.6,0.00012105861371452602
877,0.877,-0.7022160726410768,97.7,0.000140317592991084
878,0.878,-0.2240668179501049,97.8,0.00015968682704245522
879,0.879,-0.07290103218650637,97.9,0.00017916275511069813
880,0.88,-0.36215697917585976,98.0,0.00019874176622551357
881,0.881,0.06198511221663805,98.1,0.00021842019966501178
882,0.882,0.16102277995625391,98.2,0.00023819434543126037
883,0.883,-0.026594973174854153,98.30000000000001,0.0002580604447406332
884,0.884,-0.4903609742675125,98.4,0.0002780146905289287
885,0.885,-0.5181906957224698,98.5,0.00029805322797126556
886,0.886,-0.5793485826116698,98.6,0.0003181721550167213
887,0.887,-0.6085556933780697,98.7,0.00033836752293770964
888,0.888,-0.4962520071918606,98.80000000000001,0.0003586353368940906
889,0.889,-0.5093337162099082,98.9,0.00037897155651194723
890,0.89,0.21432830147040371,99.0,0.0003993720964770344
891,0.891,-0.6863884090724827,99.1,0.00041983282714286806
892,0.892,-0.7652011090514862,99.20000000000002,0.00044034957515339787
893,0.893,-0.9424156722901564,99.30000000000001,0.00046091812408023225
894,0.894,-1.0496684050019234,99.39999999999999,0.00048153421507438564
895,0.895,-0.9236147912907862,99.5,0.0005021935475324969
896,0.896,-0.22797566134559488,99.6,0.0005228917797774378
897,0.897,-1.6832157182221765,99.7,0.000543624529753313
898,0.898,-0.4778350272953734,99.80000000000001,0.0005643873757347381
899,0.899,-1.3151211171893786,99.9,0.0005851758570503952
900,0.9,-1.7367858503113311,100.0,0.0006059854748207117
901,0.901,-1.5358414622696437,100.10000000000002,0.000626811692709691
902,0.902,-1.1652866460953124,100.2,0.0006476499376907792
903,0.903,-1.555233702805595,100.29999999999998,0.0006684956008266434
904,0.904,-2.3494644743324766,100.4,0.0006893440380628812
905,0.905,-1.6340102378870929,100.5,0.0007101905710354928
906,0.906,-2.018275432984398,100.6,0.0007310304878920706
907,0.907,-0.973005493595024,100.7,0.0007518590441265887
908,0.908,-1.1528878952208648,100.80000000000001,0.0007726714634277253
909,0.909,-0.330618922363372,100.9,0.0007934629385405927
910,0.91,-1.3217646076567917,101.0,0.0008142286321417915
911,0.911,-1.0216797037251333,101.1,0.0008349636777276451
912,0.912,-1.3976497255654659,101.20000000000002,0.0008556631805155786
913,0.913,-1.395023251271792,101.30000000000001,0.0008763222183584263
914,0.914,-0.7165885805927034,101.39999999999999,0.0008969358426716237
915,0.915,-0.8530038132526268,101.5,0.000917499079373163
916,0.916,-0.3803136694350435,101.6,0.0009380069298361112
917,0.917,0.013869929664298189,101.7,0.0009584543718536465
918,0.918,0.3859380966465046,101.80000000000001,0.0009788363606164346
919,0.919,0.8806773357193578,101.9,0.0009991478297022144
920,0.92,0.9776595903246433,102.0,0.001019383692077439
921,0.921,1.1083040328196487,102.10000000000002,0.0010395388411108745
922,0.922,1.3811240428986653,102.2,0.0010596081515989125
923,0.923,1.664988388429002,102.29999999999998,0.0010795864808025811
924,0.924,1.0012659867950842,102.4,0.0010994686694959339
925,0.925,1.7605642953514014,102.5,0.0011192495430257972
926,0.926,1.2648585523513678,102.6,0.0011389239123826616
927,0.927,1.766618557379143,102.7,0.0011584865752824693
928,0.928,1.2226658134003756,102.80000000000001,0.0011779323172592996
929,0.929,1.588119329442323,102.9,0.0011972559127685727
930,0.93,1.524503301113226,103.00000000000001,0.0012164521263007839
931,0.931,1.2683579199700676,103.10000000000001,0.0012355157135054285
932,0.932,1.435392650643317,103.19999999999999,0.0012544414223250335
933,0.933,1.8631797408814923,103.30000000000001,0.0012732239941390451
934,0.934,0.9716493479608901,103.4,0.0012918581649174392
935,0.935,1.2636556546841116,103.5,0.0013103386663837553
936,0.936,0.6889419018874492,103.60000000000001,0.0013286602271874736
937,0.937,1.0386328366778337,103.7,0.0013468175740854688
938,0.9380000000000001,0.33222235281594004,103.80000000000001,0.0013648054331322735
939,0.9390000000000001,0.6482802533096548,103.90000000000002,0.0013826185308790865
940,0.9400000000000001,0.8356774513864194,104.0,0.0014002515955811505
941,0.9410000000000001,0.4602629336835599,104.1,0.0014176993584133996
942,0.9420000000000001,1.0105945015561315,104.2,0.0014349565546940884
943,0.9430000000000001,0.5280328304937549,104.30000000000001,0.0014520179251161947
944,0.9440000000000001,1.010566446628012,104.4,0.0014688782169863777
945,0.9450000000000001,0.5529450314727208,104.5,0.0014855321854712316
946,0.9460000000000001,0.8606530915130828,104.60000000000001,0.0015019745948506155
947,0.9470000000000001,1.064888256753255,104.7,0.0015182002197778603
948,0.9480000000000001,0.13176421382892567,104.80000000000001,0.0015342038465464833
949,0.9490000000000001,0.16407249822053432,104.9,0.0015499802743633253
950,0.9500000000000001,0.2007251444505933,105.0,0.0015655243166277717
951,0.9510000000000001,0.2614724983693215,105.10000000000001,0.001580830802216759
952,0.9520000000000001,0.6524936564088729,105.20000000000002,0.0015958945767754486
953,0.9530000000000001,0.33163873289476076,105.30000000000001,0.0016107105040131743
954,0.9540000000000001,0.6024874468860528,105.4,0.0016252734670044813
955,0.9550000000000001,0.32683598415440906,105.5,0.0016395783694949523
956,0.9560000000000001,0.4095708095175288,105.60000000000001,0.001653620137211582
957,0.9570000000000001,-0.41827105373887824,105.70000000000002,0.001667393719177385
958,0.9580000000000001,-0.5394213296145562,105.80000000000001,0.0016808940890300629
959,0.9590000000000001,-0.020107809455734784,105.9,0.0016941162463442612
960,0.96,-0.8112702590284651,106.0,0.0017070552179574035
961,0.961,-0.14041568941218352,106.10000000000001,0.0017197060592985412
962,0.962,-0.3627763601562398,106.19999999999999,0.0017320638557201575
963,0.963,-0.7339831323207142,106.29999999999998,0.0017441237238325405
964,0.964,-0.17199375876145764,106.4,0.0017558808128403658
965,0.965,0.16363913507436856,106.5,0.00176733030588138
966,0.966,-0.3821690259097382,106.6,0.0017784674213667019
967,0.967,-0.5362126418633434,106.69999999999999,0.0017892874143225664
968,0.968,-0.12403375119147186,106.8,0.0017997855777331438
969,0.969,-0.5394496237865208,106.9,0.001809957243884175
970,0.97,-0.7034107978379869,107.0,0.001819797785707071
971,0.971,-1.1614508808966055,107.1,0.0018293026181232558
972,0.972,-0.945695779536032,107.20000000000002,0.0018384671993882794
973,0.973,-0.5004528211653135,107.3,0.0018472870324356368
974,0.974,-0.8170460211324367,107.39999999999998,0.001855757666219684
975,0.975,-0.6815187640009642,107.5,0.0018638746970575945
976,0.976,-1.0549241006884595,107.6,0.001871633769969924
977,0.977,-0.9654015776887044,107.69999999999999,0.0018790305800193876
978,0.978,-0.8355581284443536,107.8,0.0018860608736477194
979,0.979,0.04612326193819993,107.9,0.001892720450010106
980,0.98,-1.204279618835739,108.0,0.0018990051623069893
981,0.981,-0.6193488497563571,108.10000000000001,0.0019049109191128291
982,0.982,-1.3049924517276243,108.19999999999999,0.001910433685701607
983,0.983,-1.018064525897254,108.29999999999998,0.001915569485368562
984,0.984,-1.7066049290842535,108.4,0.001920314400748068
985,0.985,-1.3571483542207288,108.5,0.001924664575127066
986,0.986,-2.298655646825665,108.6,0.0019286162137539086
987,0.987,-1.3457060145997997,108.69999999999999,0.0019321655851422378
988,0.988,-1.9134182408918612,108.8,0.0019353090223694263
989,0.989,-2.2021169548382407,108.9,0.0019380429243694916
990,0.99,-2.2368558559641003,109.0,0.0019403637572198789
991,0.991,-1.2461423525394977,109.1,0.0019422680554219956
992,0.992,-2.022562826664526,109.19999999999999,0.001943752423175005
993,0.993,-1.6230647585723874,109.3,0.0019448135356426256
994,0.994,-1.357323867399549,109.4,0.0019454481402125215
995,0.995,-1.5117566448531825,109.5,0.0019456530577480606
996,0.996,-0.10120339196475936,109.6,0.0019454251838319147
997,0.997,-0.6426361363862227,109.7,0.0019447614900013352
998,0.998,-0.7508962203915985,109.8,0.001943659024974708
999,0.999,0.46999678320828303,109.9,0.001942114915868905
1000,1.0,-0.657483657572009,110.0,0.0019401263694073557
1001,1.0010000000000001,0.5008845854922104,109.89999999999999,0.0019376906731182082
1002,1.002,0.620747435589071,109.8,0.0019348051965224732
1003,1.0030000000000001,0.6772250283583743,109.69999999999999,0.0019314673923116151
1004,1.004,0.7726225492711778,109.6,0.0019276747975144066
1005,1.0050000000000001,0.9345375844311924,109.49999999999999,0.0019234250346525602
1006,1.006,1.3967125338260267,109.39999999999999,0.0019187158128849066
1007,1.0070000000000001,1.2112841338419789,109.29999999999998,0.0019135449291396702
1008,1.008,1.63930207428874,109.19999999999999,0.0019079102692346403
1009,1.0090000000000001,1.6975909099168818,109.09999999999998,0.0019018098089847036
1010,1.01,2.208944929914792,109.0,0.001895241615296561
1011,1.0110000000000001,1.1880806040837566,108.89999999999998,0.001888203847250226
1012,1.012,1.8525282143107864,108.80000000000001,0.00188069475716691
1013,1.0130000000000001,2.1960708433527296,108.69999999999999,0.0018727126916630444
1014,1.014,1.1543049480292573,108.6,0.0018642560926900515
1015,1.0150000000000001,1.5727213315983977,108.5,0.0018553234985595026
1016,1.016,1.4062148171063364,108.4,0.0018459135449533876
1017,1.0170000000000001,0.4191026440821366,108.29999999999998,0.0018360249659190896
1018,1.018,1.4442081267229676,108.19999999999999,0.0018256565948487763
1019,1.0190000000000001,0.08740644354783111,108.1,0.001814807365442888
1020,1.02,0.6235097452516629,108.0,0.0018034763126572807
1021,1.0210000000000001,0.972366541893993,107.89999999999998,0.0017916625736338516
1022,1.022,-0.07208774578578059,107.8,0.0017793653886142098
1023,1.0230000000000001,0.9442684616152579,107.69999999999999,0.0017665841018360351
1024,1.024,0.6620699867390077,107.6,0.0017533181624119565
1025,1.025,0.7467680516170501,107.50000000000001,0.0017395671251904197
1026,1.026,0.6405445457322463,107.39999999999999,0.0017253306515983716
1027,1.027,0.669849534003262,107.30000000000001,0.0017106085104653995
1028,1.028,0.6283882424296979,107.2,0.0016954005788289302
1029,1.029,0.7015822998172543,107.10000000000001,0.0016797068427203345
1030,1.03,0.9285682565654221,107.0,0.0016635273979314332
1031,1.031,0.5632777075699287,106.9,0.0016468624507612276
1032,1.032,0.4309307405550744,106.80000000000001,0.001629712318742517
1033,1.033,0.6902644085012162,106.70000000000002,0.0016120774313480339
1034,1.034,0.03936468047823538,106.6,0.0015939583306758555
1035,1.035,0.6120947712685948,106.5,0.0015753556721138035
1036,1.036,0.6519077454830124,106.4,0.0015562702249824214
1037,1.037,-0.1962895932456306,106.30000000000001,0.0015367028731564248
1038,1.038,-0.14213649291737185,106.19999999999999,0.0015166546156640778
1039,1.039,0.31618773291600644,106.1,0.0014961265672644966
1040,1.04,0.16013430672940998,106.0,0.001475119959002295
1041,1.041,-0.28291623058296156,105.9,0.0014536361387395512
1042,1.042,0.06324286958592329,105.79999999999998,0.0014316765716646139
1043,1.043,-0.06054892883750697,105.70000000000002,0.0014092428407776287
1044,1.044,0.19861628517698424,105.6,0.0013863366473523414
1045,1.045,0.19404268582594086,105.50000000000001,0.001362959811374112
1046,1.046,-0.507511078356327,105.39999999999999,0.0013391142719536685
1047,1.047,0.04755867243305706,105.30000000000001,0.0013148020877165045
1048,1.048,-0.3578628745335191,105.2,0.0012900254371675363
1049,1.049,-0.11923015521077529,105.10000000000001,0.0012647866190308474
1050,1.05,-1.0502968159024988,105.0,0.0012390880525642298
1051,1.051,-0.7770002957427776,104.9,0.0012129322778483167
1052,1.052,-0.21654365179241025,104.80000000000001,0.0011863219560499462
1053,1.053,-1.2672028403491595,104.7,0.0011592598696597402
1054,1.054,-0.49689569338464906,104.6,0.001131748922703389
1055,1.055,-0.6661090378136751,104.5,0.0011037921409266479
1056,1.056,-0.4472626546237697,104.39999999999999,0.0010753926719536862
1057,1.057,0.18623243156431113,104.3,0.0010465537854186218
1058,1.058,-0.18638305873345112,104.19999999999999,0.0010172788730699808
1059,1.059,-0.7894038504532565,104.1,0.0009875714488479608
1060,1.06,-1.0608304948136282,103.99999999999999,0.000957435148934144
1061,1.061,-0.7846963991545859,103.9,0.0009268737317736726
1062,1.062,-0.5648091341730603,103.79999999999998,0.0008958910780694216
1063,1.063,-1.3272682508835723,103.70000000000002,0.0008644911907482496
1064,1.064,-1.5044797887221284,103.6,0.0008326781948989183
1065,1.065,-1.4345041459992003,103.50000000000001,0.0008004563376817003
1066,1.066,-0.7606581487378661,103.4,0.0007678299882092482
1067,1.067,-1.1194973155875076,103.30000000000001,0.0007348036373988987
1068,1.068,-1.3788337995548174,103.2,0.0007013818977958575
1069,1.069,-1.7784583451356863,103.10000000000001,0.0006675695033674599
1070,1.07,-2.443643094530455,103.0,0.000633371309268086
1071,1.071,-1.3264116716553618,102.9,0.0005987922915747877
1072,1.072,-1.824702423779675,102.8,0.0005638375469933034
1073,1.073,-1.6152872572766233,102.69999999999999,0.0005285122925344903
1074,1.074,-1.0936939635998808,102.6,0.0004928218651609125
1075,1.075,-2.2596827086559186,102.5,0.0004567717214035949
1076,1.076,-1.4018838776205662,102.39999999999999,0.0004203674369486368
1077,1.077,-0.48854403533651003,102.3,0.00038361470619381
1078,1.078,-1.3818678241602915,102.19999999999999,0.0003465193417748114
1079,1.079,-0.8426534801706325,102.10000000000001,0.0003090872740612765
1080,1.08,-0.7120469413902552,101.99999999999999,0.0002713245506222237
1081,1.081,-0.693601445452434,101.9,0.0002332373356611527
1082,1.082,0.30711314277850127,101.79999999999998,0.00019483190942037065
1083,1.083,-0.1422718268443041,101.70000000000002,0.00015611466755478787
1084,1.084,-0.051095411697342746,101.6,0.00011709212047486973
1085,1.085,-0.17532885732659603,101.5,7.777089265890343e-05
1086,1.086,0.4742440301044182,101.4,3.8157721934284564e-05
1087,1.087,1.260699764370618,101.30000000000001,-1.7405412719599903e-06
1088,1.088,1.0781117911581772,101.19999999999999,-4.191693471369055e-05
1089,1.089,1.2254744628161591,101.1,-8.236438513702463e-05
1090,1.09,1.636553434625378,101.0,-0.0001230757091228541
1091,1.091,1.0961078498318546,100.9,-0.00016404361396016816
1092,1.092,1.40995653368959,100.79999999999998,-0.00020526069855060055
1093,1.093,1.518004203193546,100.69999999999999,-0.00024671945434381366
1094,1.094,1.6634723511877658,100.6,-0.00028841226630408874
1095,1.095,1.7733853819020808,100.5,-0.00033033141390771063
1096,1.096,1.5533468800421715,100.39999999999999,-0.0003724690721715605
1097,1.097,1.692936824770875,100.3,-0.00041481731271249413
1098,1.098,1.474433047355825,100.19999999999999,-0.0004573681048377862
1099,1.099,1.6123649274514886,100.10000000000001,-0.0005001133166663455
1100,1.1,1.5913284151611897,99.99999999999999,-0.0005430447162809095
1101,1.101,1.8566248880247191,99.9,-0.0005861539729108988
1102,1.102,0.8139219658120944,99.79999999999998,-0.0006294326581461078
1103,1.103,0.169250074696496,99.7,-0.0006728722471809358
1104,1.104,0.628435108394792,99.6,-0.0007164641200893729
1105,1.105,0.4273004287159449,99.5,-0.0007601995631302478
1106,1.106,0.8131803843719645,99.4,-0.000804069770083112
1107,1.107,-0.0020451190837953437,99.30000000000001,-0.0008480658436142514
1108,1.108,0.7803024091000086,99.19999999999999,-0.0008921787966729974
1109,1.109,0.9011818313488723,99.1,-0.0009363995539180306
1110,1.11,0.5228674123568333,99.0,-0.0009807189531737485
1111,1.111,0.7101480762873202,98.9,-0.0010251277469163131
1112,1.112,0.6061251625378952,98.79999999999998,-0.0010696166037895299
1113,1.113,0.6804612067127611,98.69999999999999,-0.0011141761101501457
1114,1.114,0.6879710792254579,98.6,-0.0011587967716425985
1115,1.115,0.7859033761403438,98.5,-0.0012034690148029204
1116,1.116,0.9607225474302123,98.39999999999998,-0.0012481831886917794
1117,1.117,0.40830927076121776,98.30000000000001,-0.0012929295665562808
1118,1.118,1.2060215319620164,98.19999999999999,-0.0013376983475205692
1119,1.119,-0.19436972153947968,98.10000000000001,-0.0013824796583047623
1120,1.12,0.48079777902203136,97.99999999999999,-0.001427263554972402
1121,1.121,1.519946721330433,97.9,-0.0014720400247056672
1122,1.122,1.1644910634369399,97.8,-0.0015167989876087656
1123,1.123,-0.6948869167142908,97.7,-0.0015615302985386966
1124,1.124,-0.15130813340930518,97.6,-0.0016062237489636048
1125,1.125,-0.08009263147535338,97.5,-0.001650869068848123
1126,1.1260000000000001,0.31069272022814653,97.39999999999999,-0.0016954559285657647
1127,1.127,-0.33117640675720394,97.3,-0.0017399739408378424
1128,1.1280000000000001,-0.2067933042126698,97.19999999999999,-0.001784412662698874
1129,1.129,0.254847533740641,97.1,-0.001828761597487957
1130,1.1300000000000001,0.249837532716836,96.99999999999999,-0.0018730101968661482
1131,1.131,-0.19750301763982903,96.89999999999999,-0.001917147862859196
1132,1.1320000000000001,-0.2972844373560878,96.79999999999998,-0.0019611639499256595
1133,1.133,-0.6847134908949202,96.69999999999999,-0.0020050477670498267
1134,1.1340000000000001,-0.5037483661172181,96.59999999999998,-0.002048788579859425
1135,1.135,-0.961365302304431,96.5,-0.0020923756127673963
1136,1.1360000000000001,0.183188552023002,96.39999999999998,-0.002135798051137877
1137,1.137,-0.7463285090807812,96.30000000000001,-0.0021790450434756308
1138,1.1380000000000001,-0.6558465965555774,96.19999999999999,-0.002222105703638905
1139,1.139,-0.3269450252920601,96.1,-0.0022649691130751065
1140,1.1400000000000001,0.494131674322687,96.0,-0.0023076243230791453
1141,1.141,-0.14988567778543382,95.9,-0.0023500603570739474
1142,1.1420000000000001,0.00238288564997291,95.79999999999998,-0.002392266212912819
1143,1.143,-0.5918789296991684,95.69999999999999,-0.0024342308652031863
1144,1.1440000000000001,-0.5623243175578995,95.6,-0.002475943267651584
1145,1.145,-1.123889130516441,95.5,-0.0025173923554290467
1146,1.1460000000000001,-0.640444418673849,95.39999999999998,-0.0025585670475570138
1147,1.147,-0.6615670194681985,95.3,-0.0025994562493129175
1148,1.1480000000000001,-0.7350731312487324,95.19999999999999,-0.002640048854655253
1149,1.149,-0.8668782210424721,95.1,-0.0026803337486676288
1150,1.1500000000000001,-0.6848969655656705,94.99999999999999,-0.0027202998100214508
1151,1.151,-1.1886207252778875,94.89999999999999,-0.0027599359134565793
1152,1.1520000000000001,-1.7978308138976995,94.79999999999998,-0.0027992309322799006
1153,1.153,-1.6272459470481258,94.7,-0.0028381737408808188
1154,1.154,-2.088030744634848,94.60000000000001,-0.002876753217263781
1155,1.155,-1.5636041261353246,94.5,-0.0029149582455969356
1156,1.156,-1.4577760653512757,94.4,-0.0029527777187765667
1157,1.157,-1.6759233063337662,94.30000000000001,-0.002990200541007049
1158,1.158,-1.3585431755214328,94.20000000000002,-0.003027215630395366
1159,1.159,-1.2472336722106738,94.1,-0.003063811921560223
1160,1.16,-0.9480215173047369,94.0,-0.003099978368254812
1161,1.161,-1.0971639655919474,93.9,-0.0031357039460030004
1162,1.162,-1.1302543959934463,93.80000000000001,-0.0031709776547482788
1163,1.163,-1.2034541012471691,93.69999999999999,-0.003205788521515025
1164,1.164,-0.7368440920008129,93.6,-0.0032401256030814354
1165,1.165,-0.24365130634213833,93.5,-0.003273977988663861
1166,1.166,-0.43241747975179,93.4,-0.003307334802611555
1167,1.167,0.5192824203501099,93.29999999999998,-0.0033401852071118063
1168,1.168,0.2903328632851893,93.20000000000002,-0.0033725184049044577
1169,1.169,0.34559221108195093,93.1,-0.0034043236420055346
1170,1.17,0.7236851941591096,93.00000000000001,-0.0034355902104392703
1171,1.171,1.3845150989962487,92.89999999999999,-0.0034663074509780527
1172,1.172,0.578922112760714,92.80000000000001,-0.0034964647558896
1173,1.173,1.6168866129311423,92.7,-0.0035260515716909317
1174,1.174,1.1377466107748146,92.60000000000001,-0.0035550574019083737
1175,1.175,1.336535647857878,92.5,-0.0035834718098431907
1176,1.176,1.41048290222984,92.4,-0.0036112844213420743
1177,1.177,2.443650859086,92.30000000000001,-0.003638484927571973
1178,1.178,2.1995111225191453,92.2,-0.0036650630877986807
1179,1.179,2.773282847856507,92.1,-0.0036910087321684972
1180,1.18,1.0813380287633372,92.0,-0.0037163117644923413
1181,1.181,2.025804155744011,91.89999999999999,-0.003740962165031851
1182,1.182,1.681172684355215,91.8,-0.003764949993286497
1183,1.183,0.7851513684182142,91.69999999999999,-0.003788265390781567
1184,1.184,1.35118546938567,91.6,-0.0038108985838558665
1185,1.185,1.2542745960618795,91.49999999999999,-0.0038328398864489167
1186,1.186,0.4220738679225169,91.4,-0.0038540797028867244
1187,1.187,0.46841867362994616,91.29999999999998,-0.003874608530665649
1188,1.188,1.4370960070410654,91.20000000000002,-0.0038944169632335445
1189,1.189,0.9437151592981566,91.1,-0.003913495692767806
1190,1.19,0.7368533009579444,91.00000000000001,-0.003931835512949215
1191,1.191,-0.4975411228142774,90.9,-0.003949427321731413
1192,1.192,0.2700377457824808,90.80000000000001,-0.003966262124104959
1193,1.193,1.4522802892165703,90.7,-0.003982331034855471
1194,1.194,0.745874778190542,90.60000000000001,-0.003997625281315193
1195,1.195,1.0676757614347916,90.5,-0.004012136206107215
1196,1.196,1.3946539532163618,90.4,-0.004025855269881731
1197,1.197,0.22566830026927054,90.3,-0.004038774054043646
1198,1.198,0.14184056200743528,90.2,-0.004050884263470836
1199,1.199,0.15458620703633896,90.1,-0.004062177729222374
1200,1.2,0.2403797450364753,90.0,-0.004072646411236068
1201,1.201,0.3979397449952744,89.89999999999999,-0.004082282401014501
1202,1.202,-0.06794672348088238,89.8,-0.004091077924299106
1203,1.203,0.2823566605070956,89.69999999999999,-0.004099025343731322
1204,1.204,-0.6342524880444093,89.60000000000001,-0.004106117161500272
1205,1.205,0.6690887530185026,89.49999999999999,-0.004112346021976364
1206,1.206,-0.4346959975190059,89.4,-0.00411770471432979
1207,1.207,0.1303676850496136,89.29999999999998,-0.004122186175133639
1208,1.208,-0.5669284624625566,89.20000000000002,-0.004125783490950593
1209,1.209,-0.5299712015047536,89.1,-0.004128489900902641
1210,1.21,0.04709701643330391,89.0,-0.004130298799223131
1211,1.211,0.40249906354820697,88.9,-0.004131203737790378
1212,1.212,-0.24709874410182758,88.80000000000001,-0.004131198428642157
1213,1.213,-0.2865122022697125,88.7,-0.004130276746470462
1214,1.214,-0.0692291424858757,88.6,-0.004128432731095599
1215,1.215,-0.7875689084506585,88.5,-0.004125660589919193
1216,1.216,0.06763714861958353,88.4,-0.004121954700355227
1217,1.217,-0.9406046652044678,88.29999999999998,-0.004117309612238364
1218,1.218,-0.9142008050495949,88.19999999999999,-0.0041117200502090836
1219,1.219,-0.3916222098282431,88.1,-0.004105180916074668
1220,1.22,-0.21986039355859754,88.0,-0.004097687291145492
1221,1.221,-0.38310316290576046,87.89999999999999,-0.004089234438545851
1222,1.222,-0.618048494882091,87.8,-0.004079817805498687
1223,1.223,-0.5201655451201085,87.69999999999999,-0.00406943302558344
1224,1.224,-0.7421274556673102,87.60000000000001,-0.004058075920966405
1225,1.225,-1.2452874660115674,87.49999999999999,-0.00404574250460278
1226,1.226,-0.7384301273840339,87.4,-0.004032428982409956
1227,1.227,-0.534873844275828,87.29999999999998,-0.004018131755411015
1228,1.228,-0.777503123800333,87.2,-0.0040028474218480195
1229,1.229,-1.5913449126627053,87.1,-0.003986572779264373
1230,1.23,-0.9098527068384508,87.0,-0.003969304826555375
1231,1.231,-1.0837354705350213,86.89999999999999,-0.0039510407659865505
1232,1.232,-1.065729107117465,86.8,-0.003931778005178913
1233,1.233,-0.8804347707328182,86.69999999999999,-0.0039115141590605135
1234,1.234,-1.2756543416047086,86.6,-0.003890247051783685
1235,1.235,-1.1092121359264882,86.49999999999999,-0.0038679747186071488
1236,1.236,-1.3634658543118063,86.39999999999999,-0.0038446954077425216
1237,1.237,-1.250171620590839,86.29999999999998,-0.0038204075821644504
1238,1.238,-1.708161205088127,86.19999999999999,-0.003795109921383649
1239,1.239,-1.534828382291604,86.1,-0.0037688013231823936
1240,1.24,-1.702803426838032,86.0,-0.0037414809053116656
1241,1.241,-1.129544910786017,85.89999999999998,-0.003713148007149247
1242,1.242,-1.7796448449396614,85.80000000000001,-0.0036838021913184363
1243,1.243,-1.5797230155275441,85.69999999999999,-0.0036534432452663065
1244,1.244,-1.113614851871882,85.60000000000001,-0.0036220711828013354
1245,1.245,-0.7801084661326221,85.49999999999999,-0.0035896862455893357
1246,1.246,-0.646386008301883,85.4,-0.003556288904607577
1247,1.247,-0.9831403188349337,85.3,-0.003521879861555946
1248,1.248,-0.2301715746274562,85.2,-0.003486460050225018
1249,1.249,-0.7311077868686942,85.1,-0.0034500306378200227
1250,1.25,-0.17439466786056898,85.0,-0.0034125930262405868
1251,1.2510000000000001,0.41878673320844606,84.89999999999999,-0.003374148853315125
1252,1.252,0.03108908538168559,84.8,-0.0033346999939897377
1253,1.2530000000000001,1.868196806857983,84.69999999999999,-0.0032942485614708855
1254,1.254,1.5585591862325474,84.6,-0.0032527969083211983
1255,1.2550000000000001,1.4995346129642433,84.49999999999999,-0.0032103476275079372
1256,1.256,0.8225946871754548,84.39999999999999,-0.003166903553403657
1257,1.2570000000000001,1.913507091533403,84.29999999999998,-0.0031224677627382557
1258,1.258,1.1613260978466744,84.19999999999999,-0.0030770435755022476
1259,1.2590000000000001,0.7795821641163285,84.09999999999998,-0.003030634555800259
1260,1.26,2.0407856002915965,84.0,-0.0029832445126548035
1261,1.2610000000000001,2.2812516816927673,83.89999999999998,-0.0029348775007592724
1262,1.262,2.008748440016558,83.80000000000001,-0.0028855378211799987
1263,1.2630000000000001,1.4160112678628731,83.69999999999999,-0.002835230022006703
1264,1.264,1.8834868792225523,83.6,-0.0027839588989510508
1265,1.2650000000000001,0.8177266994196943,83.5,-0.002731729495892482
1266,1.266,1.8115074448987802,83.4,-0.002678547105371308
1267,1.2670000000000001,1.6837397938357637,83.3,-0.0026244172690281895
1268,1.268,1.0122468960700526,83.2,-0.00256934577798989
1269,1.2690000000000001,1.2237562197574587,83.1,-0.0025133386732005066
1270,1.27,1.3077399662374818,83.0,-0.002456402245698185
1271,1.2710000000000001,0.5630355307629327,82.89999999999999,-0.0023985430368364145
1272,1.272,0.9488610026788888,82.8,-0.002339767838450011
1273,1.2730000000000001,0.6386724239705166,82.69999999999999,-0.0022800836929647342
1274,1.274,0.5332965475068693,82.60000000000001,-0.002219497893451029
1275,1.2750000000000001,-0.2840595643841044,82.49999999999999,-0.002158017983620511
1276,1.276,1.355328495495404,82.39999999999999,-0.002095651757765683
1277,1.2770000000000001,-0.1833700698738071,82.3,-0.002032407260641955
1278,1.278,0.44386544023207375,82.2,-0.0019682927872919816
1279,1.2790000000000001,0.637598860403278,82.09999999999998,-0.0019033168828116757
1280,1.28,-0.1446621063127076,81.99999999999999,-0.0018374883420578724
1281,1.281,0.8084948563937002,81.89999999999999,-0.0017708162092971078
1282,1.282,0.42590463690751595,81.8,-0.0017033097777952757
1283,1.283,0.7326149070346644,81.70000000000002,-0.001634978589347994
1284,1.284,0.05307309071805677,81.6,-0.0015658324337510731
1285,1.285,0.4948312544502891,81.50000000000001,-0.0014958813482113277
1286,1.286,0.26646801469974496,81.4,-0.001425135616696892
1287,1.287,0.18353611364345876,81.30000000000001,-0.00135360576922732
1288,1.288,0.10520236468886565,81.20000000000002,-0.001281302581102886
1289,1.289,1.3835277876576777,81.10000000000002,-0.00120823707207309
1290,1.29,0.1460722907345024,81.0,-0.0011344205054439173
1291,1.291,-0.5957746651836644,80.9,-0.0010598643871240097
1292,1.292,-0.1033558032189893,80.80000000000001,-0.000984580464609152
1293,1.293,0.36207422416722146,80.70000000000002,-0.000908580725905387
1294,1.294,0.31996287646930477,80.6,-0.0008318773983899757
1295,1.295,-0.27425348171796005,80.5,-0.0007544829476109204
1296,1.296,-0.570811581384161,80.4,-0.000676410076023938
1297,1.297,-0.5747779569791763,80.30000000000001,-0.0005976717216676689
1298,1.298,-0.6598043451488607,80.19999999999999,-0.0005182810567763116
1299,1.299,-0.6874260395811455,80.1,-0.00043825148633018973
1300,1.3,-0.8934316160740245,80.0,-0.0003575966465436362
1301,1.301,-0.28145903657101645,79.9,-0.00027633040329059615
1302,1.302,-0.40518470073908236,79.79999999999998,-0.00019446685046759583
1303,1.303,0.12173915473961072,79.70000000000002,-0.00011202030829428443
1304,1.304,-0.24989247540401197,79.6,-2.900532155118361e-05
1305,1.305,-0.2734000871464985,79.5,5.456334224482348e-05
1306,1.306,0.18768094044506056,79.4,0.00013867069472788194
1307,1.307,-1.2468096344304382,79.30000000000001,0.00022330152863273104
1308,1.308,-0.4041987105128416,79.19999999999999,0.000308440419807184
1309,1.309,-0.7855340038132859,79.1,0.00039407172928649704
1310,1.31,-0.7527775328666161,79.0,0.0004801796054306219
1311,1.311,-0.9872356067923045,78.9,0.0005667479861232981
1312,1.312,-0.9045065005221304,78.79999999999998,0.0006537606010336521
1313,1.313,-0.2935787444038134,78.69999999999999,0.0007412009739395069
1314,1.314,-1.7853467680160666,78.6,0.000829052425112937
1315,1.315,-1.211727747908379,78.5,0.0009172980737673264
1316,1.316,-1.7844382071555267,78.39999999999998,0.0010059208405661891
1317,1.317,-1.5223152946634482,78.29999999999998,0.0010949034501932667
1318,1.318,-1.317696727829398,78.2,0.0011842284339841
1319,1.319,-0.5031096803162578,78.10000000000001,0.001273878132618308
1320,1.32,-1.1791302586575567,77.99999999999999,0.0013638346988729996
1321,1.321,-1.201911551109993,77.90000000000002,0.0014540801004363836
1322,1.322,-1.8963702027078986,77.8,0.0015445961227821639
1323,1.323,-1.1958307958299135,77.7,0.001635364372103345
1324,1.324,-1.440765047476821,77.59999999999998,0.0017263662783064246
1325,1.325,-1.0320024691774168,77.50000000000001,0.0018175830980645341
1326,1.326,-1.631868578346096,77.39999999999999,0.0019089959179300682
1327,1.327,-1.1204865746973107,77.3,0.0020005856575058155
1328,1.328,-1.1866322402506055,77.2,0.0020923330726748102
1329,1.329,-0.42536635296452174,77.10000000000001,0.002184218758888062
1330,1.33,-0.9542685896860992,76.99999999999999,0.002276223154510108
1331,1.331,-0.19171232851938608,76.89999999999999,0.002368326544221743
1332,1.332,0.854998013262261,76.8,0.0024605090624798876
1333,1.333,-0.9021466494267091,76.7,0.002552750697033611
1334,1.334,0.8969284221273526,76.59999999999998,0.002645031292496486
1335,1.335,0.6149231733791103,76.5,0.002737330553974212
1336,1.336,-0.008284058240696113,76.4,0.0028296280507477257
1337,1.337,0.6704420415444562,76.30000000000001,0.0029219032200103563
1338,1.338,1.4646398143225703,76.19999999999999,0.003014135370659712
1339,1.339,1.6212198431042522,76.10000000000002,0.003106303687142552
1340,1.34,1.8133263336730263,76.0,0.003198387233353197
1341,1.341,1.991913140021833,75.9,0.0032903649565840095
1342,1.342,1.4892735625577194,75.79999999999998,0.003382215691528112
1343,1.343,1.1443177767706947,75.70000000000002,0.0034739181643332166
1344,1.344,1.993889410719549,75.6,0.0035654509967063264
1345,1.345,0.8017411566746311,75.5,0.0036567927100683503
1346,1.346,1.6089690829315453,75.4,0.003747921729758586
1347,1.347,1.7678410477026083,75.30000000000001,0.0038388163892875077
1348,1.348,1.70159461585384,75.19999999999999,0.0039294549346382945
1349,1.349,1.2176234608234164,75.1,0.004019815528615336
1350,1.35,1.3013660831204013,75.0,0.004109876255240016
1351,1.351,1.3703822773396537,74.9,0.004199615124192144
1352,1.352,1.0296562900077315,74.79999999999998,0.004289010075297183
1353,1.353,0.7325993967129731,74.69999999999999,0.004378038983057746
1354,1.354,1.023187928577147,74.6,0.004466679661229303
1355,1.355,0.5134601244014969,74.5,0.004554909867438715
1356,1.356,0.5550815840330403,74.39999999999998,0.004642707307845334
1357,1.357,0.4955677542586076,74.30000000000001,0.004730049641843513
1358,1.358,0.04574523447752654,74.19999999999999,0.0048169144868058615
1359,1.359,0.3581409776568758,74.1,0.004903279422866382
1360,1.36,0.2773404852814244,73.99999999999997,0.004989121997742818
1361,1.361,0.11290311427407007,73.9,0.005074419731596869
1362,1.362,0.4243113392109528,73.79999999999998,0.0051591501219322225
1363,1.363,0.2742658569046831,73.69999999999999,0.0052432906485284595
1364,1.364,0.5246396653224868,73.6,0.0053268187784111295
1365,1.365,0.21666459115682823,73.50000000000001,0.005409711970855879
1366,1.366,0.4802557019615752,73.39999999999999,0.005491947682426759
1367,1.367,0.8787638833672925,73.3,0.005573503372046987
1368,1.368,0.2600348124308953,73.2,0.0056543565061018064
1369,1.369,0.6423352581551519,73.10000000000001,0.0057344845635718695
1370,1.37,-0.2805182851048459,72.99999999999999,0.005813865041196943
1371,1.371,-0.08176643080787027,72.89999999999999,0.005892475458668006
1372,1.372,0.2287770539338101,72.8,0.005970293363847659
1373,1.373,0.5287941444675436,72.7,0.006047296338017099
1374,1.374,-0.3614014981260017,72.59999999999998,0.006123462001149081
1375,1.375,0.02643020454725479,72.50000000000001,0.0061987680172056496
1376,1.3760000000000001,-0.14089089795314239,72.39999999999999,0.006273192099459578
1377,1.377,-0.7478612362063729,72.3,0.006346712015838483
1378,1.3780000000000001,0.03776764820340214,72.19999999999997,0.006419305594290548
1379,1.379,-0.10494294012681804,72.10000000000001,0.006490950728170665
1380,1.3800000000000001,-0.1818046509836957,71.99999999999999,0.0065616253816461545
1381,1.381,-0.4904945419954759,71.89999999999999,0.006631307595120525
1382,1.3820000000000001,-0.3554956111005238,71.8,0.006699975490674571
1383,1.383,-0.43093736783657627,71.7,0.006767607277523429
1384,1.3840000000000001,-0.12281696526607111,71.59999999999998,0.006834181257488524
1385,1.385,0.2303324841793032,71.5,0.006899675830483128
1386,1.3860000000000001,-0.9498536529474393,71.39999999999999,0.0069640695000107045
1387,1.387,-0.910917986157029,71.30000000000001,0.007027340878674256
1388,1.3880000000000001,-1.4462234839793462,71.19999999999999,0.007089468693696238
1389,1.389,-0.13400625529251264,71.1,0.007150431792447157
1390,1.3900000000000001,-0.33552380570368895,71.0,0.0072102091479821365
1391,1.391,-0.8512138391294382,70.9,0.0072687798645838814
1392,1.3920000000000001,-1.141444613455149,70.79999999999998,0.007326123183311117
1393,1.393,-1.0549430358153233,70.69999999999999,0.007382218487550886
1394,1.3940000000000001,-0.9009241159052391,70.6,0.00743704530857413
1395,1.395,-0.8250361998125209,70.5,0.0074905833310922685
1396,1.3960000000000001,-1.4028783360494979,70.39999999999998,0.0075428123988146535
1397,1.397,-1.3812144264950221,70.30000000000001,0.0075937125200047735
1398,1.3980000000000001,-1.0142812376337673,70.19999999999999,0.007643263873034294
1399,1.399,-1.642157014074848,70.1,0.007691446811933735
1400,1.4000000000000001,-1.4194239742826054,70.0,0.007738241871938183
1401,1.401,-0.2238961048230148,69.9,0.007783629775027022
1402,1.4020000000000001,-2.195468091821027,69.79999999999998,0.007827591435456234
1403,1.403,-1.0731209903541599,69.69999999999999,0.007870107965281998
1404,1.4040000000000001,-1.7140516876525989,69.6,0.007911160679874282
1405,1.405,-1.3040487665455378,69.5,0.007950731103419076
1406,1.4060000000000001,-1.8420809863838932,69.39999999999998,0.007988800974407887
1407,1.407,-1.4432234409579041,69.29999999999998,0.008025352251113367
1408,1.408,-1.8755337881194711,69.20000000000002,0.008060367117049449
1409,1.409,-1.8522338987057148,69.1,0.008093827986414837
1410,1.41,-2.083585565252391,69.0,0.008125717509518468
1411,1.411,-1.104861959403687,68.89999999999998,0.008156018578185485
1412,1.412,-1.4665683095654105,68.80000000000001,0.008184714331142595
1413,1.413,-0.5155639099852038,68.69999999999999,0.008211788159381195
1414,1.414,-0.7582878086675348,68.6,0.008237223711497016
1415,1.415,0.21988356835000455,68.50000000000001,0.008261004899004954
1416,1.416,-0.10442791264525023,68.40000000000002,0.00828311590162764
1417,1.417,0.1036062249144466,68.3,0.008303541172556451
1418,1.418,0.06492225522627437,68.2,0.00832226544368349
1419,1.419,0.03918842289765423,68.10000000000001,0.008339273730803209
1420,1.42,0.5178876774376062,68.00000000000001,0.008354551338782401
1421,1.421,1.2355157280283977,67.89999999999999,0.008368083866696964
1422,1.422,1.0229499134529756,67.8,0.008379857212934137
1423,1.423,1.2027290451809434,67.7,0.008389857580259103
1424,1.424,1.5957199232656927,67.60000000000001,0.008398071480843943
1425,1.425,1.1701298503690982,67.49999999999999,0.008404485741258303
1426,1.426,1.9273136825787767,67.40000000000002,0.008409087507419815
1427,1.427,1.516835990772171,67.3,0.00841186424950322
1428,1.428,1.6907035357820717,67.2,0.008412803766806622
1429,1.429,1.1452605952158739,67.09999999999998,0.00841189419257364
1430,1.43,1.7027534918626308,67.00000000000001,0.008409123998769925
1431,1.431,1.5025960520373935,66.89999999999999,0.008404482000812924
1432,1.432,0.9060268038149645,66.8,0.008397957362253062
1433,1.433,1.973898928745971,66.7,0.008389539599405563
1434,1.434,2.121424582917271,66.60000000000001,0.008379218585931034
1435,1.435,1.4031366400181013,66.49999999999999,0.00836698455736362
1436,1.436,1.438657109952448,66.39999999999999,0.008352828115585626
1437,1.437,0.4851671631121801,66.30000000000001,0.008336740233246735
1438,1.438,0.9036177437091629,66.20000000000002,0.008318712258126925
1439,1.439,0.20529707246800422,66.1,0.008298735917441472
1440,1.44,0.9104784661725145,66.0,0.008276803322086836
1441,1.441,1.5984603498566905,65.9,0.008252906970825983
1442,1.442,1.0881050518651478,65.80000000000001,0.008227039754411972
1443,1.443,0.6075397734025706,65.69999999999999,0.00819919495964816
1444,1.444,0.23773359064642052,65.6,0.00816936627338418
1445,1.445,0.05465908793183738,65.5,0.008137547786445903
1446,1.446,0.5819448926761867,65.4,0.00810373399749836
1447,1.447,0.7646196150733688,65.29999999999998,0.008067919816840349
1448,1.448,0.9329989413895321,65.20000000000002,0.008030100570129059
1449,1.449,0.2839964989006234,65.1,0.007990272002034032
1450,1.45,-0.2624871172876877,65.0,0.00794843027981871
1451,1.451,0.33334387797269993,64.9,0.007904571996848318
1452,1.452,0.007203045927988039,64.80000000000001,0.007858694176023273
1453,1.453,0.5260283989319161,64.69999999999999,0.00781079427313619
1454,1.454,0.10039077496569387,64.6,0.0077608701801518114
1455,1.455,-0.18204315409181476,64.5,0.007708920228408564
1456,1.456,0.030410933508327576,64.4,0.007654943191740006
1457,1.457,-0.23192275852357408,64.29999999999998,0.007598938289515659
1458,1.458,0.3186904586498421,64.19999999999999,0.007540905189599687
1459,1.459,-0.40668482241046494,64.1,0.007480844011225952
1460,1.46,-0.03514999820012449,64.0,0.007418755327789095
1461,1.461,-0.29025886540603013,63.899999999999984,0.007354640169549453
1462,1.462,-0.36158114578757683,63.79999999999999,0.007288500026251513
1463,1.463,-0.4462470564709681,63.699999999999996,0.007220336849654301
1464,1.464,-0.4710649558011983,63.6,0.007150153055972791
1465,1.465,-0.809024837076697,63.49999999999998,0.007077951528228984
1466,1.466,0.015135836603338781,63.40000000000001,0.007003735618512017
1467,1.467,-0.14971280006792187,63.29999999999999,0.00692750915014555
1468,1.468,0.22237875583376,63.199999999999996,0.006849276419762124
1469,1.469,-0.22809003751163548,63.10000000000001,0.006769042199282826
1470,1.47,0.09671765650835018,63.000000000000014,0.006686811737801553
1471,1.471,-0.3153473720758056,62.89999999999999,0.00660259076337273
1472,1.472,-0.6501947997829297,62.8,0.006516385484701546
1473,1.473,0.4964772624775624,62.7,0.006428202592735577
1474,1.474,-0.5434157429951328,62.60000000000001,0.006338049262157226
1475,1.475,-0.05439672612659985,62.499999999999986,0.006245933152775186
1476,1.476,0.011997709982444094,62.39999999999999,0.006151862410815272
1477,1.477,-1.3720721227209147,62.3,0.006055845670108242
1478,1.478,-0.25930321313632687,62.2,0.00595789205317496
1479,1.479,-0.528765855434648,62.09999999999998,0.0058580111722071546
1480,1.48,-0.47507032787137404,61.999999999999986,0.0057562131299434705
1481,1.481,-0.5661458243336485,61.89999999999999,0.00565250852043953
1482,1.482,-1.4858469996594739,61.800000000000004,0.005546908429731552
1483,1.483,-1.747397130533811,61.69999999999998,0.005439424436392398
1484,1.484,-1.681177025959816,61.600000000000016,0.005330068611979671
1485,1.485,-1.4620293033099008,61.49999999999999,0.005218853521374425
1486,1.486,-1.7220135089059334,61.4,0.005105792223010606
1487,1.487,-2.108758733954476,61.300000000000004,0.004990898268993621
1488,1.488,-1.4547450303299176,61.20000000000001,0.0048741857051082
1489,1.489,-1.5090710225718338,61.09999999999999,0.004755669070713788
1490,1.49,-1.464071105156166,60.99999999999999,0.0046353633985283015
1491,1.491,-2.3815208844249818,60.9,0.0045132842142977785
1492,1.492,-1.7834627774910818,60.800000000000004,0.004389447536353127
1493,1.493,-1.7017722394154255,60.69999999999998,0.004263869875051791
1494,1.494,-0.9728995004688747,60.599999999999994,0.004136568232105049
1495,1.495,-1.4819063301358877,60.5,0.004007560099789442
1496,1.496,-1.1542691517820034,60.400000000000006,0.0038768634600423245
1497,1.497,-0.02272482860924263,60.29999999999998,0.003744496783440915
1498,1.498,-0.5117081737161358,60.19999999999999,0.003610479028064417
1499,1.499,-0.017837564255994476,60.099999999999994,0.0034748296382383285
1500,1.5,-0.13145237209102634,60.0,0.003337568543161403
1501,1.5010000000000001,0.73996080165881,59.89999999999998,0.00319871615541372
1502,1.502,-0.011303695937467828,59.80000000000001,0.0030582933693466415
1503,1.5030000000000001,0.3004462630989912,59.69999999999999,0.002916321559353093
1504,1.504,0.1653631741503936,59.599999999999994,0.0027728225780192144
1505,1.5050000000000001,0.4813672218381664,59.49999999999997,0.002627818754155545
1506,1.506,1.2002815864510772,59.400000000000006,0.002481332890708932
1507,1.5070000000000001,1.191290853724087,59.29999999999999,0.0023333882625535523
1508,1.508,2.3804748645799627,59.199999999999996,0.002184008614162156
1509,1.5090000000000001,2.4993077906049006,59.1,0.002033218157156012
1510,1.51,1.4691648149789263,59.00000000000001,0.001881041567734443
1511,1.5110000000000001,2.0231329051948133,58.899999999999984,0.0017275039839831586
1512,1.512,2.0009506352443593,58.79999999999999,0.0015726310030616801
1513,1.5130000000000001,1.5167699738135587,58.699999999999996,0.0014164486782691278
1514,1.514,1.5648253510142935,58.6,0.0012589835159893122
1515,1.5150000000000001,0.7631488297332731,58.49999999999998,0.0011002624725138517
1516,1.516,2.072850476001995,58.399999999999984,0.0009403129507446466
1517,1.5170000000000001,1.0466609524328225,58.29999999999999,0.0007791627967741537
1518,1.518,1.2945768475877453,58.199999999999996,0.0006168402963454162
1519,1.5190000000000001,1.303847778930013,58.09999999999998,0.00045337417118985313
1520,1.52,0.381842736385516,58.000000000000014,0.0002887935752447224
1521,1.5210000000000001,0.46350922718659304,57.89999999999999,0.0001231280907489359
1522,1.522,0.4821488847123352,57.8,-4.359227578134833e-05
1523,1.5230000000000001,1.2287348564457647,57.699999999999974,-0.00021133709769839942
1524,1.524,0.1600084058851996,57.60000000000001,-0.00038007553248859663
1525,1.5250000000000001,0.064860241331261,57.499999999999986,-0.0005497763261585703
1526,1.526,0.36881647291440756,57.39999999999999,-0.0007204078177410339
1527,1.5270000000000001,0.19065981072673216,57.3,-0.0008919379439207362
1528,1.528,0.04899499731235529,57.2,-0.0010643342437790797
1529,1.5290000000000001,0.6638749633419335,57.09999999999998,-0.0012375638636583969
1530,1.53,0.453097937979182,56.999999999999986,-0.0014115935621440714
1531,1.5310000000000001,0.8536904328082056,56.89999999999999,-0.0015863897151656985
1532,1.532,0.5163349947861047,56.800000000000004,-0.0017619183212148808
1533,1.5330000000000001,0.5819574257140037,56.69999999999998,-0.0019381450066813374
1534,1.534,0.882216542723946,56.59999999999999,-0.002115035031304871
1535,1.5350000000000001,0.05912525577205868,56.49999999999999,-0.002292553293744246
1536,1.536,0.3190254188259383,56.4,-0.002470664337261013
1537,1.537,0.9352277317635467,56.300000000000004,-0.0026493323555189805
1538,1.538,-0.07507549427485849,56.20000000000001,-0.0028285211984978714
1539,1.539,0.09697753161253311,56.100000000000016,-0.0030081943785202968
1540,1.54,0.15363686296816328,55.99999999999999,-0.003188315076392716
1541,1.541,0.5350374677445902,55.9,-0.0033688461476577883
1542,1.542,0.31238772954530053,55.800000000000004,-0.003549750128959176
1543,1.543,-0.33351366953106837,55.70000000000001,-0.003730989244516434
1544,1.544,-0.06166105426387014,55.599999999999994,-0.003912525412710553
1545,1.545,-0.473612359860307,55.5,-0.004094320252778298
1546,1.546,-0.6276143918619128,55.400000000000006,-0.004276335091615052
1547,1.547,-0.8407811930101861,55.30000000000001,-0.004458530970684901
1548,1.548,0.3077059744197912,55.19999999999999,-0.0046408686530376286
1549,1.549,-0.10795063544964784,55.099999999999994,-0.004823308630430679
1550,1.55,0.049900465667996774,55.0,-0.00500581113055632
1551,1.551,-0.3219895743354567,54.900000000000006,-0.005188336124371669
1552,1.552,-0.4060663391754452,54.79999999999998,-0.00537084333353206
1553,1.553,0.012457629077365917,54.70000000000002,-0.005553292237924798
1554,1.554,-1.1689872342755505,54.599999999999994,-0.005735642083304303
1555,1.555,-0.8071198948560563,54.5,-0.005917851889025487
1556,1.556,-1.1201643210288674,54.400000000000006,-0.006099880455876061
1557,1.557,-0.6630636647061303,54.30000000000001,-0.0062816863740047055
1558,1.558,-0.1900649051095032,54.199999999999996,-0.006463228030945759
1559,1.559,-0.6278079223980291,54.1,-0.0066444636197376125
1560,1.56,-0.44200816762440687,54.00000000000001,-0.006825351147134496
1561,1.561,-0.7003892764291361,53.90000000000001,-0.007005848441909748
1562,1.562,-1.3550723824641064,53.79999999999999,-0.007185913163249999
1563,1.563,-1.2669066766015187,53.699999999999996,-0.007365502809237651
1564,1.564,-1.0995470273188062,53.6,-0.00754457472542197
1565,1.565,-1.3594958618076927,53.50000000000001,-0.007723086113475239
1566,1.566,-1.765147824627455,53.399999999999984,-0.007900994039935024
1567,1.567,-1.3377777144343417,53.29999999999999,-0.00807825544502835
1568,1.568,-1.0820969799547435,53.2,-0.008254827151578804
1569,1.569,-1.383355143932824,53.10000000000001,-0.008430665873993066
1570,1.57,-1.9799008115450232,52.999999999999986,-0.008605728227326788
1571,1.571,-1.1560663463968908,52.90000000000002,-0.008779970736426843
1572,1.572,-1.7133175340941154,52.8,-0.008953349845149698
1573,1.573,-1.4073565648280884,52.7,-0.009125821925653175
1574,1.574,-1.4910304691916314,52.59999999999998,-0.009297343287760534
1575,1.575,-1.54079990025695,52.500000000000014,-0.009467870188394824
1576,1.576,-1.9430275875399505,52.39999999999999,-0.009637358841082255
1577,1.577,-1.5825682358792663,52.3,-0.009805765425522134
1578,1.578,-1.622242020821788,52.2,-0.009973046097222469
1579,1.579,-1.1350723796780828,52.10000000000001,-0.010139156997198204
1580,1.58,-1.0276730118555657,51.999999999999986,-0.01030405426173216
1581,1.581,0.12142120650259458,51.89999999999999,-0.010467694032194172
1582,1.582,-0.4525109582353778,51.8,-0.010630032464919436
1583,1.583,0.08926782245745944,51.70000000000001,-0.010791025741141838
1584,1.584,0.38323461597656283,51.59999999999999,-0.010950630076981775
1585,1.585,-0.4353571666124284,51.49999999999999,-0.011108801733485609
1586,1.586,0.9142011959182952,51.4,-0.011265497026715634
1587,1.587,0.8855962557995244,51.300000000000004,-0.011420672337887555
1588,1.588,0.9903478705957593,51.19999999999998,-0.011574284123554582
1589,1.589,2.231668396277078,51.100000000000016,-0.011726288925834832
1590,1.59,0.9843107064023594,50.99999999999999,-0.011876643382681443
1591,1.591,1.321870130660349,50.9,-0.012025304238191772
1592,1.592,1.3379363800092337,50.799999999999976,-0.012172228352954815
1593,1.593,2.0761826465157083,50.70000000000001,-0.01231737271443397
1594,1.594,1.1502994738803705,50.599999999999994,-0.012460694447383474
1595,1.595,1.1365091376733645,50.5,-0.012602150824295671
1596,1.596,0.9600989342727263,50.400000000000006,-0.012741699275877896
1597,1.597,1.8738108590489675,50.30000000000001,-0.012879297401555773
1598,1.598,1.8844436914368499,50.19999999999999,-0.013014902980001445
1599,1.599,1.3689818279400061,50.099999999999994,-0.013148473979683988
1600,1.6,1.8967892853417614,50.0,-0.013279968569439974
1601,1.601,0.961945616280335,49.900000000000006,-0.013409345129062021
1602,1.602,0.41708148618831453,49.79999999999998,-0.013536562259902697
1603,1.603,0.8955589380899343,49.69999999999999,-0.013661578795491413
1604,1.604,0.3527051982806869,49.599999999999994,-0.013784353812162916
1605,1.605,1.3768200339260384,49.5,-0.013904846639693186
1606,1.606,0.9325115271599134,49.39999999999998,-0.014023016871942554
1607,1.607,1.437406867732589,49.30000000000001,-0.014138824377501873
1608,1.608,1.2296988510321767,49.199999999999996,-0.014252229310340224
1609,1.609,0.7946389573061357,49.1,-0.014363192120451583
1610,1.61,1.6401791718890082,48.99999999999998,-0.01447167356449809
1611,1.611,1.0156062249930304,48.90000000000001,-0.014577634716446936
1612,1.612,0.2321097148271754,48.79999999999999,-0.014681036978199702
1613,1.613,0.6146947844627634,48.699999999999996,-0.014781842090209697
1614,1.614,0.8048311080220971,48.6,-0.014880012142086986
1615,1.615,0.5670023945093734,48.50000000000001,-0.014975509583186983
1616,1.616,0.42297706097212756,48.399999999999984,-0.015068297233180776
1617,1.617,0.36973923126966446,48.29999999999999,-0.015158338292604786
1618,1.618,0.23910788377682626,48.2,-0.015245596353386874
1619,1.619,0.6985180600495363,48.10000000000001,-0.015330035409346568
1620,1.62,0.05485035410425365,47.999999999999986,-0.015411619866666856
1621,1.621,0.6838369381935343,47.89999999999999,-0.015490314554334928
1622,1.622,0.17858344489369005,47.8,-0.015566084734549384
1623,1.623,0.0864692189352756,47.7,-0.015638896113091275
1624,1.624,0.0006707001475178553,47.59999999999998,-0.01570871484965636
1625,1.625,0.40622567589147507,47.499999999999986,-0.01577550756814634
1626,1.6260000000000001,0.7332240624669116,47.39999999999999,-0.015839241366915897
1627,1.627,-0.42448365834522883,47.3,-0.015899883828973303
1628,1.6280000000000001,0.07314237147676694,47.199999999999974,-0.01595740303213236
1629,1.629,-0.15429594467793256,47.10000000000001,-0.016011767559112024
1630,1.6300000000000001,-0.3795177876609681,46.999999999999986,-0.016062946507582335
1631,1.631,-0.6093185985068064,46.89999999999999,-0.016110909500153214
1632,1.6320000000000001,-0.6507058695691605,46.800000000000004,-0.01615562669430379
1633,1.633,0.004843615356731279,46.70000000000001,-0.016197068792249695
1634,1.6340000000000001,-0.7513265584619994,46.59999999999999,-0.016235207050745708
1635,1.635,-1.1572442347098426,46.49999999999999,-0.016270013290820777
1636,1.6360000000000001,-0.28786131621776023,46.4,-0.016301459907443795
1637,1.637,-0.2196649394568173,46.300000000000004,-0.016329519879115965
1638,1.6380000000000001,0.03996198794359307,46.19999999999998,-0.016354166777388764
1639,1.639,-0.5837518328739022,46.09999999999999,-0.016375374776303863
1640,1.6400000000000001,-0.4752305708403272,45.99999999999999,-0.016393118661752464
1641,1.641,-0.8121023764057962,45.900000000000006,-0.01640737384075228
1642,1.6420000000000001,-0.15284036334430695,45.79999999999998,-0.01641811635063837
1643,1.643,-0.5036954577907297,45.69999999999999,-0.01642532286816614
1644,1.6440000000000001,-1.3710092813939407,45.599999999999994,-0.01642897071852359
1645,1.645,-0.9093373221648279,45.5,-0.016429037884250184
1646,1.6460000000000001,-1.2942934891505458,45.39999999999998,-0.01642550301405982
1647,1.647,-1.4700792790451565,45.30000000000001,-0.01641834543156549
1648,1.6480000000000001,-1.032354761247241,45.19999999999999,-0.0164075451439026
1649,1.649,-0.9811440555477802,45.099999999999994,-0.01639308285024913
1650,1.6500000000000001,-1.0633617871690098,45.0,-0.016374939950239413
1651,1.651,-1.4578830571314074,44.900000000000006,-0.016353098552269178
1652,1.6520000000000001,-2.0146119470717525,44.79999999999998,-0.016327541481689828
1653,1.653,-1.8612396725157518,44.69999999999999,-0.01629825228888842
1654,1.6540000000000001,-1.8326798653080847,44.599999999999994,-0.016265215257252025
1655,1.655,-2.2598966459630505,44.5,-0.016228415411013067
1656,1.6560000000000001,-2.2083743465242724,44.39999999999998,-0.016187838522973466
1657,1.657,-1.2565578711837122,44.29999999999998,-0.016143471122105502
1658,1.6580000000000001,-1.4088576004758673,44.199999999999996,-0.016095300501026116
1659,1.659,-1.0559902048664367,44.1,-0.016043314723343
1660,1.6600000000000001,-1.7431871453197638,43.99999999999998,-0.015987502630869843
1661,1.661,-0.4457673903958348,43.899999999999984,-0.015927853850707753
1662,1.6620000000000001,-1.374358287685411,43.79999999999999,-0.0158643588021915
1663,1.663,-1.171736271275287,43.699999999999996,-0.01579700870369731
1664,1.6640000000000001,-1.8757001120332562,43.59999999999997,-0.015725795579310187
1665,1.665,-0.1686284266739758,43.50000000000001,-0.015650712265348785
1666,1.666,-1.0939968322879428,43.40000000000002,-0.0155717524167447
1667,1.667,0.36588784457407825,43.3,-0.015488910513274612
1668,1.668,0.5854774910735752,43.2,-0.015402181865642826
1669,1.669,0.8461097900531229,43.10000000000001,-0.015311562621411551
1670,1.67,0.9322007705440014,43.000000000000014,-0.015217049770777296
1671,1.671,1.475192570578058,42.89999999999999,-0.015118641152190778
1672,1.672,0.7001896438270487,42.8,-0.015016335457818233
1673,1.673,1.0981721903945434,42.7,-0.014910132238842038
1674,1.674,1.5272976209075109,42.60000000000001,-0.014800031910598374
1675,1.675,1.8332241760230836,42.499999999999986,-0.01468603575754988
1676,1.676,1.212533803903107,42.40000000000002,-0.014568145938091553
1677,1.677,2.0045773434348164,42.3,-0.014446365489186779
1678,1.678,1.3471182295416186,42.2,-0.014320698330833026
1679,1.679,2.249749167248998,42.09999999999998,-0.014191149270353677
1680,1.68,1.4427945604837458,42.000000000000014,-0.014057724006515216
1681,1.681,1.2819375545519773,41.89999999999999,-0.013920429133466604
1682,1.682,1.3435137236148786,41.8,-0.01377927214450045
1683,1.683,0.3649900034269127,41.70000000000001,-0.01363426143563242
1684,1.684,0.7360439978292014,41.600000000000016,-0.013485406308998419
1685,1.685,1.7287233057463078,41.49999999999999,-0.013332716976066689
1686,1.686,1.3951194711906472,41.4,-0.013176204560664078
1687,1.687,0.8961989011010688,41.300000000000004,-0.013015881101813188
1688,1.688,0.27787108855180387,41.20000000000001,-0.012851759556380455
1689,1.689,0.8358651747811927,41.09999999999999,-0.012683853801532006
1690,1.69,0.06608370869479274,40.99999999999999,-0.012512178636996475
1691,1.691,0.5770346744120858,40.9,-0.012336749787132688
1692,1.692,0.8589061817465293,40.80000000000001,-0.012157583902800953
1693,1.693,1.0090149983223957,40.69999999999999,-0.011974698563036042
1694,1.694,0.6604577206874853,40.599999999999994,-0.01178811227652091
1695,1.695,0.06429026003544858,40.5,-0.011597844482858676
1696,1.696,-0.13012358731849238,40.400000000000006,-0.011403915553642612
1697,1.697,0.6668162062642374,40.29999999999998,-0.011206346793321812
1698,1.698,0.08322161422926866,40.20000000000002,-0.011005160439861428
1699,1.699,0.6008047977146801,40.099999999999994,-0.010800379665196464
1700,1.7,0.8135825793051985,40.0,-0.010592028575477601
1701,1.701,0.3476830861085378,39.900000000000006,-0.010380132211107049
1702,1.702,0.5150979390300647,39.80000000000001,-0.010164716546565073
1703,1.703,0.8649330933092854,39.69999999999999,-0.009945808490023706
1704,1.704,0.39073192913333954,39.599999999999994,-0.009723435882748743
1705,1.705,0.530389455880571,39.5,-0.009497627498286575
1706,1.706,0.627881389688693,39.400000000000006,-0.009268413041437757
1707,1.707,0.8890827570265176,39.29999999999998,-0.0090358231470129
1708,1.708,-0.6944269938415388,39.19999999999999,-0.00879988937837316
1709,1.709,-0.6444905678679462,39.099999999999994,-0.008560644225751615
1710,1.71,-0.06071735643365328,39.00000000000001,-0.008318121104357227
1711,1.711,-0.15350503065143456,38.899999999999984,-0.008072354352258138
1712,1.712,0.013904365087279796,38.79999999999999,-0.00782337922804541
1713,1.713,-0.5376927863653682,38.699999999999996,-0.007571231908275518
1714,1.714,-0.37411720907820123,38.6,-0.0073159494846911565
1715,1.715,0.18653842200839033,38.499999999999986,-0.0070575699612193555
1716,1.716,-0.5731339378123463,38.40000000000001,-0.00679613225074738
1717,1.717,-0.03798524543674614,38.29999999999999,-0.006531676171674077
1718,1.718,0.44901141572133696,38.2,-0.006264242444238443
1719,1.719,-0.6150130522390813,38.10000000000001,-0.005993872686622218
1720,1.72,-0.542853654777288,38.000000000000014,-0.005720609410829392
1721,1.721,-0.5149451354388572,37.89999999999999,-0.00544449601833882
1722,1.722,-0.7341617137739321,37.8,-0.00516557679553253
1723,1.723,-0.20464359699373014,37.7,-0.004883896908897326
1724,1.724,-0.09525641330029849,37.60000000000001,-0.004599502400001334
1725,1.725,-0.9985771373991797,37.499999999999986,-0.004312440180243398
1726,1.726,-0.8819556874290837,37.39999999999999,-0.004022758025377069
1727,1.727,-0.19021444869283655,37.3,-0.0037305045698077764
1728,1.728,-0.5610083843089757,37.2,-0.0034357293006642043
1729,1.729,-0.9502711832867062,37.09999999999998,-0.003138482551642561
1730,1.73,-0.7490303629823521,36.999999999999986,-0.0028388154966258352
1731,1.731,-1.2986425235910726,36.89999999999999,-0.0025367801430758626
1732,1.732,-0.9024515670661732,36.8,-0.0022324293252008816
1733,1.733,-1.1177369136612476,36.699999999999974,-0.001925816696895964
1734,1.734,-1.3637708541539317,36.60000000000001,-0.0016169967244602406
1735,1.735,-1.3829131145308458,36.499999999999986,-0.0013060246790872615
1736,1.736,-1.177016526512109,36.4,-0.0009929566291325509
1737,1.737,-2.5301055350207218,36.300000000000004,-0.0006778494321559228
1738,1.738,-2.3407165188541055,36.20000000000001,-0.00036076072674157025
1739,1.739,-1.4402128670896144,36.09999999999999,-4.174892409417983e-05
1740,1.74,-1.2094137534308806,36.0,0.0002791268005863212
1741,1.741,-1.8632378350410619,35.900000000000006,0.0006018065169519995
1742,1.742,-1.3560457261315753,35.80000000000001,0.0009262295485744502
1743,1.743,-1.514482849940089,35.69999999999999,0.0012523344822331721
1744,1.744,-1.5152637549643477,35.599999999999994,0.0015800591774218686
1745,1.745,-0.4723948194605311,35.5,0.001909340776074253
1746,1.746,-1.0245347783026477,35.400000000000006,0.0022401157125056946
1747,1.747,-0.9913992841143772,35.29999999999998,0.002572319723572821
1748,1.748,0.07938774143923844,35.19999999999999,0.0029058878590461717
1749,1.749,-0.5691760758868019,35.099999999999994,0.003240754492198912
1750,1.75,0.3082266787232693,35.0,0.0035768533306067903
1751,1.7510000000000001,0.5831793901087456,34.89999999999998,0.003914117427160961
1752,1.752,0.6537616580918705,34.80000000000001,0.00425247919128988
1753,1.7530000000000001,1.1376793566829082,34.69999999999999,0.004591870400391335
1754,1.754,0.5149510944023015,34.599999999999994,0.004932222211471116
1755,1.7550000000000001,1.4997916035493783,34.49999999999997,0.005273465172988285
1756,1.756,1.5286311152836005,34.400000000000006,0.005615529236904496
1757,1.7570000000000001,0.9670216320854856,34.29999999999999,0.005958343770937157
1758,1.758,1.0965889077802908,34.19999999999999,0.006301837571012855
1759,1.7590000000000001,1.5365782128557954,34.099999999999994,0.006645938873921624
1760,1.76,1.29006172329741,34.0,0.0069905753701678015
1761,1.7610000000000001,1.6695062176506879,33.89999999999998,0.007335674217018869
1762,1.762,2.0295523174666323,33.79999999999998,0.007681162051746218
1763,1.7630000000000001,1.5719260818361118,33.69999999999999,0.008026965005060702
1764,1.764,1.084928361843822,33.60000000000001,0.008373008714736705
1765,1.7650000000000001,1.6292875528800406,33.499999999999986,0.008719218339426139
1766,1.766,1.3824708752504034,33.39999999999999,0.009065518572657439
1767,1.7670000000000001,0.9814764692630811,33.3,0.00941183365702004
1768,1.768,1.3779449488246143,33.2,0.00975808739852992
1769,1.7690000000000001,0.836926801586279,33.09999999999998,0.01010420318117575
1770,1.77,0.40618947810778283,33.000000000000014,0.010450103981641666
1771,1.7710000000000001,1.2671177046589017,32.89999999999999,0.010795712384206546
1772,1.772,0.6441066099912657,32.8,0.01114095059581468
1773,1.7730000000000001,0.7297042417858742,32.699999999999974,0.011485740461318103
1774,1.774,-0.09172553987413157,32.60000000000001,0.011830003478885616
1775,1.7750000000000001,0.24100375567634713,32.499999999999986,0.012173660815578649
1776,1.776,0.3122568477247016,32.39999999999999,0.012516633323087882
1777,1.7770000000000001,0.6298013219295757,32.3,0.012858841553631975
1778,1.778,0.9238188766233824,32.2,0.013200205776012055
1779,1.7790000000000001,0.81841453915471,32.09999999999998,0.013540645991822173
1780,1.78,0.2600938008927137,31.999999999999986,0.013880081951810359
1781,1.7810000000000001,0.7203197422707464,31.9,0.014218433172389612
1782,1.782,-0.18743897542122767,31.800000000000004,0.014555618952294505
1783,1.7830000000000001,-0.14813364816322871,31.69999999999998,0.014891558389381065
1784,1.784,0.2907973087784959,31.599999999999987,0.01522617039756619
1785,1.7850000000000001,0.629526503258169,31.499999999999993,0.015559373723905546
1786,1.786,0.366111899775854,31.4,0.015891086965803405
1787,1.7870000000000001,0.23567772373039003,31.299999999999976,0.016221228588355327
1788,1.788,0.8929134795740856,31.200000000000006,0.016549716941816745
1789,1.7890000000000001,-0.07673764619397416,31.099999999999987,0.016876470279197434
1790,1.79,0.2857086595774254,30.999999999999996,0.01720140677397545
1791,1.7910000000000001,-0.2803027509987835,30.899999999999974,0.017524444537930374
1792,1.792,0.260741525233316,30.800000000000008,0.017845501639089552
1793,1.793,-0.3931308195369163,30.700000000000014,0.01816449611978668
1794,1.794,0.3171383438878168,30.59999999999999,0.0184813460148264
1795,1.795,0.3046681909374117,30.499999999999996,0.01879596936975363
1796,1.796,-0.2596012971771718,30.400000000000002,0.019108284259223812
1797,1.797,-0.5314600377324546,30.300000000000008,0.019418208805468202
1798,1.798,-0.13375315257955667,30.19999999999999,0.01972566119685458
1799,1.799,-0.7008783462999084,30.099999999999994,0.020030559706535226
1800,1.8,-0.48278268279402914,30.0,0.020332822711182436
1801,1.801,-0.6376525460586846,29.900000000000006,0.02063236870980465
1802,1.802,-0.3915631325357637,29.799999999999983,0.02092911634264173
1803,1.803,0.04177278962484121,29.700000000000017,0.02122298441013384
1804,1.804,-1.184768765384488,29.599999999999994,0.021513891891961255
1805,1.805,-0.22011480823386448,29.5,0.021801757966150043
1806,1.806,-0.6851556127635661,29.400000000000013,0.02208650202824147
1807,1.807,-0.24945213756717788,29.30000000000002,0.022368043710518336
1808,1.808,-0.9488650843754938,29.199999999999996,0.022646302901287465
1809,1.809,-1.1146121507746045,29.1,0.022921199764211385
1810,1.81,-0.7649382696997742,29.000000000000007,0.02319265475768725
1811,1.811,-0.3327612153854182,28.900000000000013,0.02346058865426729
1812,1.812,-0.27606853378340024,28.79999999999999,0.02372492256011795
1813,1.813,-1.4129969407176888,28.699999999999996,0.023985577934512416
1814,1.814,-0.9435282230544766,28.6,0.024242476609353164
1815,1.815,-0.9425997120201344,28.50000000000001,0.024495540808719365
1816,1.816,-1.6787413106525375,28.399999999999988,0.024744693168436135
1817,1.817,-0.7304047246479037,28.299999999999994,0.02498985675565988
1818,1.818,-1.2472106752197427,28.2,0.02523095508847629
1819,1.819,-1.302748421470972,28.100000000000005,0.025467912155506534
1820,1.82,-2.2881518423317124,27.999999999999986,0.02570065243551715
1821,1.821,-1.8016253733166978,27.900000000000013,0.025929100917028606
1822,1.822,-1.5394658818148999,27.799999999999997,0.026153183117919858
1823,1.823,-1.362540509289142,27.699999999999996,0.026372825105021404
1824,1.824,-1.657777312004148,27.59999999999998,0.026587953513696395
1825,1.825,-1.6225261999833005,27.500000000000014,0.02679849556740093
1826,1.826,-1.5463366753980468,27.39999999999999,0.027004379097222767
1827,1.827,-1.347337896894934,27.299999999999997,0.027205532561391115
1828,1.828,-1.5250479189740582,27.200000000000003,0.02740188506475502
1829,1.829,-1.1420657132825538,27.10000000000001,0.027593366378223773
1830,1.83,-0.5841009680001533,26.999999999999986,0.027779906958167174
1831,1.831,-0.3076572233198729,26.89999999999999,0.027961437965767885
1832,1.832,-0.47541846066423976,26.800000000000004,0.02813789128632459
1833,1.833,0.10531032467405693,26.70000000000001,0.02830919954849867
1834,1.834,0.3551432701037851,26.599999999999987,0.028475296143501055
1835,1.835,0.08384680614241369,26.499999999999993,0.028636115244214378
1836,1.836,-0.040124229864058614,26.4,0.02879159182424562
1837,1.837,0.5073606971623726,26.300000000000004,0.02894166167690415
1838,1.838,1.0274193422417959,26.19999999999998,0.02908626143410156
1839,1.839,1.3840424672234704,26.100000000000016,0.029225328585167114
1840,1.84,1.116323882363706,25.999999999999993,0.029358801495575577
1841,1.841,1.0138460487307885,25.900000000000006,0.02948661942558131
1842,1.842,1.4386349013079143,25.799999999999983,0.02960872254875494
1843,1.843,1.9592068168743029,25.700000000000017,0.029725051970417533
1844,1.844,1.8364055839516908,25.599999999999994,0.029835549745967246
1845,1.845,1.2576664128033375,25.5,0.029940158899093804
1846,1.846,1.3651638718414396,25.400000000000006,0.030038823439877002
1847,1.847,1.4608475468615223,25.30000000000001,0.030131488382762434
1848,1.848,1.8384804652121731,25.19999999999999,0.030218099764412185
1849,1.849,1.8514498057897975,25.099999999999994,0.030298604661423714
1850,1.85,1.2831758211849449,25.0,0.030372951207913387
1851,1.851,1.370371876433921,24.900000000000006,0.030441088612959386
1852,1.852,1.877778958503671,24.799999999999983,0.030502967177899607
1853,1.853,1.0674212142893986,24.69999999999999,0.03055853831347928
1854,1.854,0.6729575589001985,24.599999999999994,0.030607754556844766
1855,1.855,0.405416510267968,24.5,0.030650569588376878
1856,1.856,1.2211813847905513,24.399999999999977,0.030686938248361374
1857,1.857,0.47811763066730834,24.30000000000001,0.0307168165534902
1858,1.858,0.9049748539734803,24.199999999999996,0.03074016171318912
1859,1.859,1.023520643421575,24.1,0.030756932145768228
1860,1.86,1.0955538230393413,23.99999999999998,0.030767087494389018
1861,1.861,0.3514425412242361,23.900000000000013,0.030770588642844786
1862,1.862,0.3299669570230303,23.79999999999999,0.030767397731148637
1863,1.863,0.5882960949220741,23.699999999999996,0.0307574781709258
1864,1.864,0.02112335461624687,23.6,0.030740794660604323
1865,1.865,0.44151068470759425,23.500000000000007,0.030717313200400647
1866,1.866,0.39537401802346095,23.399999999999984,0.030687001107094748
1867,1.867,0.11728279627333199,23.299999999999997,0.030649827028591554
1868,1.868,0.37021745288578023,23.200000000000003,0.03060576095826229
1869,1.869,-0.4408062700547213,23.10000000000001,0.0305547742490631
1870,1.87,-0.4057135374728996,22.999999999999986,0.030496839627425828
1871,1.871,0.4152394922962066,22.89999999999999,0.030431931206915976
1872,1.872,0.41240211511348823,22.799999999999997,0.030360024501654592
1873,1.873,-0.08433165041682081,22.700000000000003,0.030281096439499007
1874,1.874,0.3750229564745871,22.59999999999998,0.030195125374978267
1875,1.875,-0.6888868006718186,22.500000000000014,0.030102091101979256
1876,1.8760000000000001,0.17949825741019054,22.39999999999999,0.030001974866178685
1877,1.877,0.016144934632535246,22.299999999999997,0.029894759377217424
1878,1.8780000000000001,-0.7322424620986532,22.199999999999974,0.029780428820612964
1879,1.879,-0.2775144850766051,22.10000000000001,0.029658968869404723
1880,1.8800000000000001,-0.1813784991018853,21.999999999999986,0.029530366695530077
1881,1.881,-0.5329261304408823,21.89999999999999,0.029394610980925603
1882,1.8820000000000001,-1.0236406479822349,21.799999999999997,0.02925169192834922
1883,1.883,-0.23555919516461454,21.700000000000003,0.02910160127192159
1884,1.8840000000000001,-0.4656395959439432,21.59999999999998,0.02894433228737933
1885,1.885,-0.3323123803407074,21.499999999999993,0.028779879802039787
1886,1.8860000000000001,-0.4847969282537229,21.4,0.028608240204470288
1887,1.887,0.1490015338883771,21.300000000000004,0.028429411453861023
1888,1.8880000000000001,-0.060890431811895684,21.19999999999998,0.028243393089095185
1889,1.889,-0.2325886501713062,21.099999999999987,0.02805018623751483
1890,1.8900000000000001,-0.33013883948661116,20.999999999999993,0.027849793623376917
1891,1.891,-0.968055865280733,20.9,0.02764221957599813
1892,1.8920000000000001,-0.13967374863254345,20.799999999999976,0.027427470037582453
1893,1.893,-1.3369316021543156,20.69999999999999,0.027205552570729756
1894,1.8940000000000001,-0.5824170677600387,20.599999999999994,0.026976476365621997
1895,1.895,-1.207806609663561,20.5,0.026740252246882184
1896,1.8960000000000001,-1.059335054102115,20.399999999999977,0.026496892680104123
1897,1.897,-0.45983018109849516,20.30000000000001,0.02624641177804964
1898,1.8980000000000001,-0.3879434062361259,20.19999999999999,0.02598882530650887
1899,1.899,-1.0674748191376793,20.099999999999994,0.025724150689822294
1900,1.9000000000000001,-1.0494953481647404,20.0,0.025452407016059147
1901,1.901,-1.005153494364675,19.900000000000006,0.02517361504185199
1902,1.9020000000000001,-1.2249661194306753,19.799999999999983,0.024887797196881806
1903,1.903,-1.3211512248741373,19.69999999999999,0.02459497758801217
1904,1.9040000000000001,-2.8000289618648604,19.599999999999994,0.024295182003069356
1905,1.905,-1.8963343402907025,19.5,0.023988437914266
1906,1.9060000000000001,-1.26158292287713,19.399999999999977,0.02367477448126418
1907,1.907,-1.3127777598666532,19.299999999999983,0.02335422255387759
1908,1.9080000000000001,-2.165633038565648,19.19999999999999,0.023026814674407824
1909,1.909,-2.228289448671774,19.099999999999994,0.02269258507961449
1910,1.9100000000000001,-2.1617627681240243,18.99999999999997,0.022351569702314153
1911,1.911,-1.4644409533762242,18.899999999999984,0.022003806172609035
1912,1.9120000000000001,-1.1912362353538766,18.79999999999999,0.021649333818739618
1913,1.913,-0.8414029798401612,18.699999999999996,0.021288193667562304
1914,1.9140000000000001,-0.006697009894189199,18.599999999999973,0.020920428444646377
1915,1.915,0.05134984015684818,18.500000000000007,0.020546082573992878
1916,1.9160000000000001,-0.3519121941184925,18.399999999999984,0.020165202177368044
1917,1.917,-0.0553938584736105,18.29999999999999,0.019777835073253935
1918,1.9180000000000001,0.5280954609571806,18.199999999999996,0.01938403077541154
1919,1.919,-0.1319877364592814,18.10000000000001,0.018983840491056177
1920,1.92,1.475921285751284,18.000000000000014,0.01857731711864252
1921,1.921,0.835683523641354,17.89999999999999,0.01816451524525842
1922,1.922,0.8834816971213928,17.799999999999997,0.017745491143625516
1923,1.923,1.3093073971313178,17.700000000000003,0.017320302768705186
1924,1.924,2.143702674450124,17.60000000000001,0.01688900975390933
1925,1.925,1.1839814190940534,17.499999999999986,0.01645167340691262
1926,1.926,1.6213446004553451,17.40000000000002,0.016008356705068286
1927,1.927,1.8908952396027878,17.300000000000004,0.015559124290422523
1928,1.928,1.7455313262641496,17.200000000000003,0.015104042464330081
1929,1.929,0.9299775791432844,17.099999999999987,0.014643179181667418
1930,1.93,1.251982006896834,17.000000000000014,0.014176604044644473
1931,1.931,1.2668170758222488,16.89999999999999,0.013704388296212325
1932,1.932,0.9308670587045288,16.799999999999997,0.013226604813068503
1933,1.933,2.2741759481940167,16.700000000000003,0.012743328098256623
1934,1.934,1.493057896041036,16.60000000000001,0.012254634273363114
1935,1.935,0.42600428603910134,16.499999999999986,0.011760601070306092
1936,1.936,1.1436094001558885,16.4,0.01126130782272228
1937,1.937,0.4014529233599241,16.300000000000004,0.010756835456944745
1938,1.938,1.4983837746297597,16.20000000000001,0.010247266482577453
1939,1.939,0.2766949813529273,16.099999999999987,0.009732684982662101
1940,1.94,0.6401136742550471,15.999999999999993,0.009213176603440626
1941,1.941,1.1347499746648886,15.899999999999999,0.008688828543710638
1942,1.942,0.7325962015480095,15.800000000000004,0.008159729543776507
1943,1.943,0.5965350345352902,15.699999999999982,0.00762596987399458
1944,1.944,0.871946223074693,15.599999999999987,0.00708764132291468
1945,1.945,-0.1409959583128555,15.5,0.006544837185015691
1946,1.946,0.8194642643026376,15.400000000000006,0.005997652248039799
1947,1.947,1.4795960642913124,15.299999999999983,0.0054461827799215734
1948,1.948,0.44174236801792055,15.200000000000017,0.0048905265153173704
1949,1.949,0.8821846662960653,15.099999999999994,0.004330782641730669
1950,1.95,0.38235264185761103,15.0,0.0037670517852408025
1951,1.951,0.943451416963144,14.900000000000006,0.0031994359958290295
1952,1.952,0.36815541523696277,14.800000000000011,0.002628038732309653
1953,1.953,0.272768217886392,14.699999999999996,0.0020529648468620926
1954,1.954,-0.10590263152989993,14.600000000000001,0.001474320569170008
1955,1.955,0.5157392451056523,14.500000000000007,0.0008922134901645828
1956,1.956,-0.17213983130365598,14.400000000000013,0.00030675254537710717
1957,1.957,0.5206165084509814,14.29999999999999,-0.0002819520020997127
1958,1.958,0.540256835489349,14.199999999999996,-0.000873788579038367
1959,1.959,0.03155040130701328,14.100000000000001,-0.0014686443198915968
1960,1.96,0.35920569514690287,14.0,-0.0020664050849901693
1961,1.961,-0.4352417331819632,13.899999999999984,-0.002666955479125826
1962,1.962,0.2083829540522404,13.79999999999999,-0.0032701788705123947
1963,1.963,-0.5911233823934863,13.699999999999996,-0.0038759574101284514
1964,1.964,-0.08082073708944187,13.600000000000001,-0.004484172051432118
1965,1.965,0.05983188804583417,13.499999999999979,-0.005094702570453385
1966,1.966,-0.6703157968930491,13.400000000000013,-0.005707427586254331
1967,1.967,-0.09192772162446033,13.29999999999999,-0.0063222245817602055
1968,1.968,-0.558609587544152,13.199999999999996,-0.006938969924953883
1969,1.969,-0.3498953949603201,13.100000000000001,-0.007557538890435238
1970,1.97,-0.21807523187555117,13.000000000000014,-0.008177805681338761
1971,1.971,-0.2795319668952434,12.899999999999991,-0.008799643451608913
1972,1.972,-0.5632204187266195,12.799999999999997,-0.00942292432862817
1973,1.973,-0.000424389772821665,12.700000000000003,-0.010047519436197206
1974,1.974,-0.4804089619171615,12.600000000000009,-0.010673298917859887
1975,1.975,-1.2596245567949957,12.499999999999986,-0.01130013196057425
1976,1.976,-0.6647530489754596,12.399999999999991,-0.011927886818721303
1977,1.977,-0.04615349675648073,12.299999999999997,-0.012556430838453196
1978,1.978,-0.7935996731596705,12.200000000000003,-0.013185630482370389
1979,1.979,-0.9823093750161072,12.099999999999987,-0.013815351354531918
1980,1.98,-1.385550576630082,11.999999999999993,-0.014445458225787088
1981,1.981,-1.568524965835823,11.899999999999999,-0.01507581505943135
1982,1.982,-1.1779393020886577,11.800000000000004,-0.01570628503717629
1983,1.983,-1.5080262578126336,11.699999999999982,-0.016336730585434937
1984,1.984,-1.1014757672548485,11.600000000000016,-0.016967013401913734
1985,1.985,-2.1643448898590583,11.499999999999993,-0.017596994482509693
1986,1.986,-1.631437863393265,11.399999999999999,-0.01822653414850599
1987,1.987,-1.8026790201444527,11.300000000000004,-0.018855492074064884
1988,1.988,-1.5180413487995101,11.20000000000001,-0.019483727314008013
1989,1.989,-1.582036580584957,11.099999999999987,-0.020111098331885548
1990,1.99,-1.440781003306361,10.999999999999993,-0.020737463028323213
1991,1.991,-2.0180933452009313,10.899999999999999,-0.021362678769648417
1992,1.992,-1.1253145122394457,10.800000000000004,-0.021986602416783678
1993,1.993,-1.5730460799034232,10.699999999999982,-0.022609090354409524
1994,1.994,-1.526391286456113,10.599999999999987,-0.02322999852038501
1995,1.995,-2.335099178907203,10.499999999999993,-0.023849182435426067
1996,1.996,-0.10343045961218211,10.400000000000006,-0.024466497233031684
1997,1.997,-0.2810107540471871,10.299999999999983,-0.025081797689656626
1998,1.998,0.06956051432558452,10.199999999999989,-0.02569493825512177
1999,1.999,-0.8935059118922175,10.099999999999994,-0.026305773083258592
2000,2.0,0.17159482999311337,10.0,-0.026914156062780956
2001,2.001,0.6931602419089695,10.099999999999994,-0.027519940848379696
2002,2.0020000000000002,-0.013169397710675101,10.200000000000017,-0.028122980892032665
2003,2.003,0.7257692681176168,10.300000000000011,-0.028723129474524062
2004,2.004,1.073114629964813,10.400000000000006,-0.029320239737170562
2005,2.005,1.0991197802524213,10.499999999999993,-0.029914164713743297
2006,2.0060000000000002,1.0911053941061086,10.600000000000016,-0.030504757362582267
2007,2.007,1.8001002243621818,10.70000000000001,-0.031091870598895857
2008,2.008,1.4714682723169714,10.800000000000004,-0.0316753573272421
2009,2.009,1.507303471803883,10.899999999999999,-0.03225507047418009
2010,2.0100000000000002,1.5567738057256748,11.000000000000021,-0.0328308630210895
2011,2.011,1.6729338826892732,11.100000000000016,-0.033402588037148996
2012,2.012,1.6487510879816953,11.20000000000001,-0.0339700987124696
2013,2.013,1.0029289331186697,11.300000000000004,-0.034533248391373214
2014,2.0140000000000002,1.3115329835840375,11.40000000000002,-0.035091890605812054
2015,2.015,1.9173784714339694,11.500000000000021,-0.03564587910891982
2016,2.016,1.4777499886140317,11.600000000000016,-0.036195067908691765
2017,2.017,0.8705377260780263,11.699999999999982,-0.036739311301781416
2018,2.0180000000000002,0.9561449990546613,11.800000000000033,-0.03727846390741111
2019,2.019,1.0475276146735084,11.900000000000027,-0.037812380701386705
2020,2.02,0.6191691553005709,11.999999999999993,-0.0383409170502121
2021,2.021,1.1675538098063467,12.09999999999998,-0.038863928745292965
2022,2.0220000000000002,0.689822315998976,12.200000000000038,-0.03938127203722534
2023,2.023,0.9425537722235876,12.300000000000026,-0.03989280367015929
2024,2.024,0.9945987871374742,12.399999999999991,-0.040398380916233705
2025,2.025,0.30268805184950226,12.499999999999986,-0.04089786161007076
2026,2.0260000000000002,0.35542947938075586,12.600000000000037,-0.041391104183326026
2027,2.027,0.9160574758174971,12.700000000000003,-0.041877967699283106
2028,2.028,0.6128522395916989,12.799999999999997,-0.042358311887490493
2029,2.029,0.8311173919515207,12.899999999999991,-0.042831997178427395
2030,2.0300000000000002,0.5687642885930237,13.000000000000014,-0.04329888473819459
2031,2.031,0.5509430913624813,13.100000000000001,-0.04375883650322004
2032,2.032,0.9655243176332505,13.199999999999996,-0.04421171521497575
2033,2.033,0.9325247284678836,13.29999999999999,-0.044657384454691994
2034,2.0340000000000003,0.43793557636668085,13.400000000000013,-0.04509570867806638
2035,2.035,-0.13553826208096553,13.500000000000007,-0.045526553249956456
2036,2.036,0.026531695137346545,13.600000000000001,-0.045949784479051146
2037,2.037,0.3399041187348889,13.699999999999996,-0.046365269652509436
2038,2.0380000000000003,0.2845301829517287,13.800000000000018,-0.04677287707056116
2039,2.039,0.3920921096743891,13.900000000000013,-0.04717247608106012
2040,2.04,0.09731816288682973,14.0,-0.04756393711398349
2041,2.041,0.4225151673986689,14.100000000000001,-0.04794713171586706
2042,2.0420000000000003,-0.3115115588522405,14.200000000000017,-0.048321932584169926
2043,2.043,-0.03635018113024751,14.300000000000011,-0.04868821360155916
2044,2.044,0.2778488207552221,14.400000000000013,-0.049045849870108967
2045,2.045,-0.1433964198256526,14.500000000000007,-0.04939471774540232
2046,2.0460000000000003,0.1507294053829143,14.600000000000023,-0.049734694870529984
2047,2.047,0.14436599881783752,14.700000000000024,-0.05006566020997694
2048,2.048,-0.1567428836259391,14.800000000000018,-0.05038749408338972
2049,2.049,0.2279331407548768,14.900000000000006,-0.050700078199214425
2050,2.05,-0.7936429102217977,14.999999999999972,-0.05100329568819833
2051,2.051,-0.6011302682265464,15.100000000000023,-0.05129703113674716
2052,2.052,-0.6129552843655298,15.200000000000017,-0.051581170620128076
2053,2.053,0.41262404835283295,15.299999999999983,-0.05185560173551281
2054,2.054,-1.2008932876585299,15.399999999999977,-0.052120213634849935
2055,2.055,-0.06697200621045452,15.500000000000028,-0.05237489705755951
2056,2.056,0.07990195051508275,15.599999999999994,-0.052619544363041046
2057,2.057,-0.59314682095322,15.699999999999982,-0.052854049562988156
2058,2.058,-0.3195384647246889,15.799999999999976,-0.05307830835349891
2059,2.059,-0.45673788946422544,15.900000000000027,-0.05329221814697589
2060,2.06,-1.538478499361103,15.999999999999993,-0.05349567810380639
2061,2.061,-0.26399056732499837,16.099999999999987,-0.05368858916381554
2062,2.062,-0.9024254794758424,16.19999999999998,-0.05387085407748295
2063,2.063,-0.8315083309685927,16.300000000000004,-0.05404237743691539
2064,2.064,-1.0258064798500834,16.39999999999999,-0.05420306570656679
2065,2.065,-1.014478687220012,16.499999999999993,-0.05435282725369825
2066,2.066,-0.7956748350038116,16.59999999999998,-0.05449157237856847
2067,2.067,-1.1992466550904208,16.700000000000003,-0.05461921334434772
2068,2.068,-1.5427978589422706,16.799999999999997,-0.054735664406745786
2069,2.069,-2.0443042698699516,16.89999999999999,-0.05484084184334799
2070,2.07,-1.9117086258001375,16.999999999999993,-0.05493466398264829
2071,2.071,-1.3676327778494124,17.10000000000001,-0.055017051232773825
2072,2.072,-1.699943803304215,17.200000000000003,-0.05508792610989119
2073,2.073,-1.853989115837496,17.299999999999997,-0.05514721326628782
2074,2.074,-2.1777220466483937,17.4,-0.055194839518119036
2075,2.075,-1.2770261580648694,17.500000000000014,-0.05523073387281389
2076,2.076,-1.7952517622638826,17.60000000000001,-0.05525482755613154
2077,2.077,-1.4558035622338794,17.700000000000003,-0.05526705403885999
2078,2.078,-0.27483168883403886,17.799999999999997,-0.05526734906314987
2079,2.079,-1.0655755646995226,17.90000000000002,-0.05525565066847493
2080,2.08,-0.7356785270379217,18.000000000000014,-0.055231899217211895
2081,2.081,-0.8653985319091256,18.10000000000001,-0.05519603741983177
2082,2.082,-0.01579613853820594,18.199999999999996,-0.05514801035969504
2083,2.083,0.0936561515579324,18.30000000000002,-0.05508776551744304
2084,2.084,1.176919967226164,18.400000000000013,-0.05501525279497814
2085,2.085,1.0014143454673252,18.500000000000007,-0.054930424539024685
2086,2.086,0.29727513961338226,18.599999999999973,-0.054833235564264275
2087,2.087,0.8437808896537934,18.700000000000024,-0.05472364317603691
2088,2.088,1.3305601508512477,18.80000000000002,-0.05460160719260139
2089,2.089,1.048257849221177,18.899999999999984,-0.05446708996694745
2090,2.09,0.8815758235834772,18.99999999999997,-0.05432005640815231
2091,2.091,1.4358971618354124,19.10000000000003,-0.05416047400227487
2092,2.092,1.7545014300804986,19.200000000000017,-0.053988312832780286
2093,2.093,0.9970770631276876,19.299999999999983,-0.053803545600487536
2094,2.094,1.2236105371487704,19.399999999999977,-0.05360614764303398
2095,2.095,1.6626966798939582,19.50000000000003,-0.05339609695384921
2096,2.096,2.0623285362243196,19.599999999999994,-0.05317337420063203
2097,2.097,1.3498412076066137,19.69999999999999,-0.052937962743323144
2098,2.098,0.7952217541866721,19.799999999999983,-0.0526898486515679
2099,2.099,1.8083335785367463,19.900000000000006,-0.05242902072166175
2100,2.1,0.5112912951096122,20.0,-0.05215547049297293
2101,2.101,0.8489020464182166,20.099999999999994,-0.051869192263834046
2102,2.102,0.5858121715069857,20.19999999999999,-0.0515701831068992
2103,2.103,0.6551768034442785,20.30000000000001,-0.05125844288395763
2104,2.104,1.1087259177310036,20.400000000000006,-0.05093397426020053
2105,2.105,0.755115128555497,20.5,-0.05059678271793179
2106,2.106,0.7769415894437146,20.599999999999994,-0.05024687656972008
2107,2.107,0.5539482401055453,20.700000000000017,-0.049884266970984054
2108,2.108,0.40934711107850824,20.80000000000001,-0.049508967932007125
2109,2.109,0.5608098900683621,20.9,-0.04912099632937254
2110,2.11,0.4017462330984609,20.999999999999993,-0.048720371916818765
2111,2.111,-0.16420615288124862,21.100000000000016,-0.04830711733550435
2112,2.112,-0.04184087026283334,21.20000000000001,-0.04788125812368123
2113,2.113,0.7643720266745175,21.300000000000004,-0.0474428227257673
2114,2.114,0.5925251258033257,21.4,-0.04699184250081719
2115,2.115,-0.638832800918769,21.50000000000002,-0.04652835173038361
2116,2.116,-0.01259519021289035,21.60000000000001,-0.0460523876257655
2117,2.117,0.3324948961448157,21.70000000000001,-0.045563990334637636
2118,2.118,0.437481052574565,21.799999999999997,-0.04506320294705774
2119,2.119,-0.2722336634764426,21.90000000000002,-0.044550071500846104
2120,2.12,-0.6017362874898473,22.000000000000014,-0.044024644986334516
2121,2.121,0.312718556933255,22.10000000000001,-0.04348697535047715
2122,2.122,0.29280281126231406,22.199999999999974,-0.04293711750032352
2123,2.123,0.6557221444176796,22.300000000000026,-0.04237512930584635
2124,2.124,-0.0012763552471820733,22.40000000000002,-0.04180107160212235
2125,2.125,1.1776268438121344,22.500000000000014,-0.04121500819085977
2126,2.126,-0.054713804907867446,22.59999999999998,-0.040617005841272466
2127,2.1270000000000002,-0.30211325526953825,22.70000000000003,-0.040007134290293705
2128,2.128,-0.5007005804356055,22.800000000000026,-0.03938546624212985
2129,2.129,-0.20356957999178796,22.89999999999999,-0.038752077367145726
2130,2.13,0.5280188797400751,22.999999999999986,-0.03810704630008364
2131,2.1310000000000002,-0.5305066851773061,23.100000000000037,-0.03745045463761092
2132,2.132,-0.7377648450281807,23.200000000000003,-0.03678238693519357
2133,2.133,-0.5540014766612792,23.29999999999999,-0.0361029307032904
2134,2.134,0.604093634295261,23.39999999999999,-0.035412176402870976
2135,2.1350000000000002,-1.3760078994551774,23.500000000000036,-0.03471021744024965
2136,2.136,-0.17681321490145763,23.6,-0.03399715016123807
2137,2.137,-0.3528010363348951,23.699999999999996,-0.033273073844606496
2138,2.138,-0.04992046581684528,23.79999999999999,-0.03253809069486292
2139,2.1390000000000002,-1.0172247394274652,23.900000000000013,-0.03179230583433788
2140,2.14,-0.3559935507394254,24.000000000000007,-0.031035827294580785
2141,2.141,-1.0048464785909048,24.1,-0.030268766007059387
2142,2.142,-0.99220050551845,24.19999999999999,-0.029491235793168136
2143,2.1430000000000002,-0.4752591103739152,24.30000000000001,-0.028703353353538977
2144,2.144,-0.46781326177948845,24.400000000000013,-0.027905238256656462
2145,2.145,-0.7397176747598759,24.5,-0.027097012926773287
2146,2.146,-0.6747818656487172,24.599999999999994,-0.02627880263112923
2147,2.1470000000000002,-0.765398654199404,24.700000000000017,-0.02545073546646952
2148,2.148,-0.7990155806208341,24.80000000000001,-0.024612942344866
2149,2.149,-1.1954345563818345,24.900000000000006,-0.023765556978834167
2150,2.15,-1.6543554679194745,25.0,-0.022908715865754384
2151,2.1510000000000002,-1.2382970469545802,25.100000000000023,-0.022042558271590823
2152,2.152,-1.3090373101082438,25.200000000000017,-0.021167226213911972
2153,2.153,-1.3375958083210988,25.30000000000001,-0.020282864444209688
2154,2.154,-1.8319624597930295,25.400000000000006,-0.01938962042952123
2155,2.1550000000000002,-2.366928415354052,25.50000000000003,-0.018487644333351524
2156,2.156,-2.0264413190880814,25.600000000000023,-0.017577088995900318
2157,2.157,-1.7619118807307428,25.700000000000017,-0.016658109913588605
2158,2.158,-1.9545631806303172,25.799999999999983,-0.015730865217892877
2159,2.1590000000000003,-1.3932115636957327,25.900000000000027,-0.014795515653485058
2160,2.16,-0.995705843212189,26.00000000000003,-0.013852224555680102
2161,2.161,-1.005253685747832,26.100000000000016,-0.01290115782718924
2162,2.162,-0.804073209232266,26.19999999999998,-0.011942483914188394
2163,2.1630000000000003,-1.4842012887717566,26.300000000000033,-0.010976373781696858
2164,2.164,-1.0012858204534671,26.400000000000027,-0.010003000888272441
2165,2.165,-0.2019135502623138,26.499999999999993,-0.009022541160021604
2166,2.166,-0.5254554036236125,26.59999999999998,-0.008035172963931489
2167,2.1670000000000003,-0.2000286258277095,26.70000000000004,-0.007041077080522619
2168,2.168,-0.030904581658274033,26.800000000000004,-0.006040436675829394
2169,2.169,1.083240871663475,26.89999999999999,-0.005033437272703708
2170,2.17,1.7846167355734721,26.999999999999986,-0.0040202667214546475
2171,2.1710000000000003,0.7884930726749382,27.100000000000037,-0.003001115169819968
2172,2.172,1.7130461612440744,27.200000000000003,-0.0019761750322772535
2173,2.173,0.9713503712744201,27.299999999999997,-0.000945640958694119
2174,2.174,1.4707150453068076,27.39999999999999,9.029019767371056e-05
2175,2.1750000000000003,1.500654808393233,27.500000000000014,0.0011314194128367698
2176,2.176,1.919484084020389,27.6,0.002177545525369949
2177,2.177,1.036648407629181,27.700000000000003,0.0032284652703579676
2178,2.178,1.8398314619698093,27.799999999999997,0.004283973313973256
2179,2.179,1.907886634755707,27.89999999999999,0.005343862288690841
2180,2.18,1.9813446572612148,28.00000000000001,0.0064079228291290145
2181,2.181,1.12218607346361,28.100000000000005,0.007475943608513394
2182,2.182,1.05521648278696,28.2,0.00854771137576313
2183,2.183,1.5850422545047225,28.299999999999994,0.009623010993185204
2184,2.184,1.1109295155768106,28.400000000000016,0.010701625474779299
2185,2.185,0.8507657684095515,28.500000000000007,0.01178333602514122
2186,2.186,0.8127844188801552,28.600000000000005,0.012867922078968955
2187,2.187,0.5230040476885862,28.699999999999996,0.013955161341151018
2188,2.188,0.8715820535475788,28.80000000000002,0.01504482982744466
2189,2.189,0.8485594220930335,28.900000000000013,0.016136701905727267
2190,2.19,1.1975276590478716,29.000000000000007,0.017230550337824807
2191,2.191,0.1582888679262987,29.099999999999973,0.018326146321899574
2192,2.192,0.9603031070292888,29.200000000000024,0.01942325953539893
2193,2.193,0.710526071751698,29.30000000000002,0.02052165817855313
2194,2.194,0.7811631726782453,29.400000000000006,0.021621109018419998
2195,2.195,0.616423243870748,29.49999999999997,0.02272137743346343
2196,2.196,0.476833421904665,29.60000000000003,0.0238222274586634
2197,2.197,0.9765744785274311,29.700000000000017,0.02492342183114462
2198,2.198,0.19288959323439764,29.799999999999983,0.026024722036324804
2199,2.199,1.2378680090403154,29.899999999999977,0.02712588835456381
2200,2.2,0.23807713894632018,30.00000000000003,0.028226679908313915
2201,2.201,-0.16649805181980437,30.099999999999994,0.029326854709758373
2202,2.202,0.6488173938718141,30.199999999999985,0.03042616970893446
2203,2.203,-0.1854923941750486,30.299999999999983,0.03152438084232708
2204,2.204,-0.4350644578699004,30.40000000000003,0.03262124308192903
2205,2.205,0.6678654397184114,30.499999999999996,0.033716510484754166
2206,2.206,0.2665477101588752,30.59999999999999,0.03480993624280289
2207,2.207,-0.53303933945369,30.699999999999985,0.035901272733461366
2208,2.208,-0.3352857795671948,30.800000000000008,0.036990271570330385
2209,2.209,-0.4244695784836226,30.900000000000002,0.03807668365447299
2210,2.21,-0.11449846532490092,30.999999999999996,0.0391602592260761
2211,2.211,0.22817021735022677,31.099999999999987,0.04024074791650757
2212,2.212,-0.14644143396067916,31.200000000000006,0.04131789880076684
2213,2.213,-0.5355598468873375,31.300000000000008,0.04239146045031423
2214,2.214,0.14233564198230864,31.4,0.043461180986274085
2215,2.215,-0.642797634921862,31.499999999999993,0.04452680813299554
2216,2.216,-0.4747745953899933,31.600000000000012,0.04558808927196546
2217,2.217,0.168249503635155,31.70000000000001,0.046644771496058564
2218,2.218,-0.04958035994492582,31.799999999999997,0.04769660166412198
2219,2.219,-0.9091165344096764,31.9,0.048743326455873384
2220,2.22,-0.8576737522861065,32.00000000000002,0.049784692427110123
2221,2.221,-0.6220475537405039,32.10000000000001,0.05082044606521231
2222,2.222,-1.0549698131133662,32.20000000000001,0.051850333844936904
2223,2.223,-0.41465534775833307,32.3,0.0528741022844816
2224,2.224,-0.5416958171848621,32.40000000000002,0.05389149800181489
2225,2.225,-0.3475814860393601,32.500000000000014,0.05490226777125729
2226,2.226,-1.084997278557893,32.60000000000001,0.05590615858030432
2227,2.227,-0.7594584800065014,32.699999999999974,0.05690291768667742
2228,2.228,-1.0679208369450863,32.80000000000002,0.057892292675593426
2229,2.229,-1.2619419560943868,32.90000000000002,0.058874031517237
2230,2.23,-1.1755904123292658,33.000000000000014,0.05984788262443139
2231,2.231,-1.1167525107021616,33.09999999999998,0.06081359491048633
2232,2.232,-1.3285033274720734,33.20000000000003,0.061770917847218
2233,2.233,-1.0080149126345366,33.300000000000026,0.06271960152312371
2234,2.234,-0.7739273581098709,33.39999999999999,0.063659396701706
2235,2.235,-1.1268657821523989,33.49999999999997,0.06459005487992488
2236,2.236,-1.279000884797135,33.60000000000004,0.06551132834677278
2237,2.237,-1.4653191604185023,33.7,0.066422970241954
2238,2.238,-1.1636943665261597,33.79999999999998,0.06732473461466544
2239,2.239,-1.1560957593175414,33.89999999999998,0.06821637648245099
2240,2.24,-0.8987975695764078,34.00000000000003,0.06909765189013184
2241,2.241,-1.8156555101696628,34.099999999999994,0.0699683179687886
2242,2.242,-1.1167360160689048,34.19999999999999,0.07082813299479136
2243,2.243,-1.666417577932803,34.29999999999999,0.07167685644885607
2244,2.244,-1.3620948854989212,34.400000000000006,0.07251424907512041
2245,2.245,-1.6164748173955554,34.5,0.07334007294022149
2246,2.246,-1.4021657122210367,34.6,0.0741540914923682
2247,2.247,-0.7727337825688712,34.69999999999999,0.07495606962038695
2248,2.248,-0.6942960066768835,34.80000000000001,0.07574577371273432
2249,2.249,0.09501458527152873,34.900000000000006,0.07652297171645742
2250,2.25,0.5564793683528267,35.0,0.0772874331960958
2251,2.251,0.3713424464151212,35.099999999999994,0.078038929392503
2252,2.2520000000000002,0.37813877916791694,35.20000000000002,0.07877723328158011
2253,2.253,0.5283687552882653,35.30000000000001,0.07950211963290517
2254,2.254,0.9168245262227415,35.400000000000006,0.08021336506824599
2255,2.255,1.4516513493627994,35.5,0.08091074811994137
2256,2.2560000000000002,1.1939207133811551,35.600000000000016,0.0815940492891384
2257,2.257,1.5654696846984033,35.70000000000001,0.0822630511038696
2258,2.258,2.1171436159906634,35.80000000000001,0.08291753817696106
2259,2.259,1.1927028815061784,35.900000000000006,0.08355729726375122
2260,2.2600000000000002,1.3408804096865177,36.00000000000002,0.08418211731961205
2261,2.261,1.6866745702716772,36.10000000000002,0.08479178955725387
2262,2.262,1.4514960714827159,36.20000000000002,0.08538610750380642
2263,2.263,1.439773678932653,36.30000000000001,0.08596486705765453
2264,2.2640000000000002,1.646704492025536,36.40000000000002,0.08652786654502047
2265,2.265,1.5516299436049663,36.500000000000014,0.08707490677627522
2266,2.266,1.4108873715408268,36.60000000000001,0.0876057911019694
2267,2.267,1.4238915160228813,36.699999999999974,0.08812032546856291
2268,2.2680000000000002,0.9663963997569155,36.800000000000026,0.08861831847384641
2269,2.269,1.2333999343011097,36.90000000000002,0.08909958142203579
2270,2.27,0.8692065043267718,36.999999999999986,0.08956392837852929
2271,2.271,1.032297300665369,37.09999999999998,0.09001117622430992
2272,2.2720000000000002,0.7937609538072445,37.20000000000003,0.0904411447099822
2273,2.273,1.1023639081190977,37.300000000000026,0.0908536565094267
2274,2.274,0.4191626085666722,37.39999999999999,0.09124853727306213
2275,2.275,0.30332939769708256,37.499999999999986,0.09162561568069709
2276,2.2760000000000002,0.7464844542404228,37.60000000000004,0.0919847234939601
2277,2.277,0.4599601540506071,37.7,0.09232569560829343
2278,2.278,-0.11842640765840906,37.8,0.0926483701044979
2279,2.279,0.676962684179666,37.89999999999999,0.09295258829981298
2280,2.2800000000000002,0.7387166251436121,38.000000000000014,0.0932381947985206
2281,2.281,0.9677872920972627,38.1,0.09350503754205725
2282,2.282,0.3422376955138071,38.199999999999996,0.09375296785862289
2283,2.283,-0.32706897742915975,38.29999999999999,0.09398184051227064
2284,2.2840000000000003,0.6914776542525574,38.40000000000001,0.09419151375146606
2285,2.285,0.09272193887073388,38.50000000000001,0.09438184935710041
2286,2.286,0.48348975188785487,38.6,0.0945527126899474
2287,2.287,0.5396246420620705,38.7,0.09470397273754663
2288,2.2880000000000003,0.6798069179424462,38.80000000000002,0.0948355021605036
2289,2.289,0.08063913942780265,38.90000000000001,0.09494717733819087
2290,2.29,-0.21714419978849916,39.0,0.09503887841383907
2291,2.291,-0.14951141771134288,39.099999999999994,0.0951104893390032
2292,2.2920000000000003,0.09106178158315642,39.20000000000002,0.09516189791739238
2293,2.293,0.09074196325668402,39.30000000000001,0.09519299584804936
2294,2.294,-0.1935354121762231,39.400000000000006,0.09520367876786819
2295,2.295,-0.14933637133987587,39.5,0.09519384629343587
2296,2.2960000000000003,-1.043840739660926,39.60000000000002,0.09516340206218667
2297,2.297,0.17014680794801945,39.70000000000002,0.09511225377285586
2298,2.298,0.09826242816730535,39.80000000000001,0.09504031322522077
2299,2.299,-1.0078347312023568,39.900000000000006,0.09494749635911715
2300,2.3000000000000003,0.3887168051180535,40.00000000000003,0.09483372329271758
2301,2.301,-0.3756486565511262,40.10000000000002,0.09469891836006207
2302,2.302,-1.0396340623522353,40.20000000000002,0.09454301014782554
2303,2.303,-0.46268881750540103,40.29999999999998,0.09436593153131399
2304,2.3040000000000003,-0.7474653921514298,40.400000000000034,0.09416761970967467
2305,2.305,-0.4061441646477354,40.50000000000003,0.09394801624031118
2306,2.306,0.06344568128358163,40.59999999999999,0.09370706707248895
2307,2.307,-0.8091410166034252,40.69999999999998,0.09344472258012353
2308,2.308,-0.6185830790592949,40.799999999999976,0.09316093759373621
2309,2.309,-0.8163610047066918,40.90000000000003,0.09285567143157089
2310,2.31,-0.7743667792212577,40.99999999999999,0.09252888792985645
2311,2.311,-1.543257761179732,41.09999999999999,0.09218055547220629
2312,2.312,-0.9813467013579322,41.19999999999998,0.09181064701814454
2313,2.313,-1.7513741266042142,41.300000000000004,0.09141914013074745
2314,2.314,-1.6008141851603006,41.4,0.09100601700339084
2315,2.315,-1.489462786664304,41.499999999999986,0.09057126448559086
2316,2.316,-1.4148808340958186,41.59999999999998,0.09011487410793166
2317,2.317,-1.0671125616527035,41.7,0.08963684210606698
2318,2.318,-1.3625146224277036,41.8,0.08913716944378872
2319,2.319,-1.6796375402294168,41.89999999999999,0.08861586183514847
2320,2.32,-1.8219524964647085,41.999999999999986,0.0880729297656285
2321,2.321,-1.5088241745713913,42.10000000000001,0.08750838851234843
2322,2.322,-1.5273958205325264,42.2,0.08692225816330021
2323,2.323,-1.8779917183043267,42.3,0.08631456363560314
2324,2.324,-1.6992545491798479,42.39999999999999,0.08568533469276882
2325,2.325,-1.657833618240532,42.500000000000014,0.0850346059609681
2326,2.326,-2.2630552090720006,42.60000000000001,0.08436241694429387
2327,2.327,-1.2905977448068513,42.7,0.08366881203900554
2328,2.328,-1.1537237501167925,42.8,0.08295384054675567
2329,2.329,-0.27937352900773493,42.90000000000002,0.08221755668678335
2330,2.33,-0.8068505345100674,43.000000000000014,0.08146001960707346
2331,2.331,-1.2533000678103972,43.10000000000001,0.08068129339446638
2332,2.332,-0.5679291599480834,43.199999999999996,0.07988144708372003
2333,2.333,0.2715502761436291,43.30000000000002,0.07906055466551051
2334,2.334,0.12531253024287836,43.40000000000001,0.07821869509336937
2335,2.335,0.8614552485879285,43.50000000000001,0.07735595228954534
2336,2.336,0.24821520511674994,43.59999999999997,0.07647241514978889
2337,2.337,0.7694149779452425,43.700000000000024,0.07556817754705487
2338,2.338,1.3691757039557648,43.80000000000002,0.07464333833411227
2339,2.339,1.3959246097499554,43.899999999999984,0.07369800134505589
2340,2.34,1.7679763544887954,43.99999999999997,0.07273227539572019
2341,2.341,1.1467909614731706,44.10000000000003,0.07174627428298391
2342,2.342,1.3785715822320666,44.20000000000002,0.07074011678296577
2343,2.343,1.3891080900915238,44.29999999999998,0.06971392664809843
2344,2.344,1.733428054843754,44.39999999999998,0.06866783260308651
2345,2.345,2.045138657911674,44.50000000000003,0.06760196833973636
2346,2.346,2.2760432888329567,44.599999999999994,0.0665164725106591
2347,2.347,1.6514408748666956,44.69999999999999,0.06541148872183558
2348,2.348,1.6013664182190284,44.79999999999998,0.06428716552404946
2349,2.349,1.7899931485816285,44.900000000000006,0.06314365640317753
2350,2.35,1.0952242820795428,45.0,0.06198111976933704
2351,2.351,1.8212718590893586,45.099999999999994,0.06079971894488731
2352,2.352,1.1603251962301835,45.19999999999999,0.059599622151282
2353,2.353,0.0317663601562066,45.30000000000001,0.05838100249476992
2354,2.354,0.6944348546028283,45.400000000000006,0.05714403795094557
2355,2.355,0.6989558819674755,45.5,0.055888911348138115
2356,2.356,0.38654822301195585,45.599999999999994,0.054615810349650164
2357,2.357,0.6536418115104798,45.70000000000002,0.053324927434834135
2358,2.358,1.1130859717203099,45.800000000000004,0.0520164598790136
2359,2.359,0.854904440088648,45.9,0.050690609732238046
2360,2.36,0.753599854406095,45.99999999999999,0.04934758379688302
2361,2.361,0.6003926293187496,46.100000000000016,0.04798759360408567
2362,2.362,0.8656998216291507,46.20000000000001,0.046610855389023084
2363,2.363,0.20957687163379723,46.300000000000004,0.04521759006502358
2364,2.364,0.3129376846726712,46.4,0.04380802319652061
2365,2.365,0.1073905722732243,46.50000000000002,0.042382384970850166
2366,2.366,0.13884881861744547,46.600000000000016,0.04094091016888646
2367,2.367,0.24829938607870872,46.7,0.03948383813451612
2368,2.368,0.532303086285442,46.8,0.03801141274296327
2369,2.369,0.7619457421599827,46.90000000000002,0.03652388236795566
2370,2.37,1.016071058040436,47.000000000000014,0.0350214998477431
2371,2.371,0.0685038244686609,47.10000000000001,0.033504522449958746
2372,2.372,-0.24915959528521137,47.199999999999974,0.03197321183534025
2373,2.373,-0.030810089848301747,47.300000000000026,0.030427834020302025
2374,2.374,0.00938679756174355,47.40000000000002,0.028868659338371013
2375,2.375,-0.200955627227711,47.499999999999986,0.02729596240047645
2376,2.376,-0.19866035475595395,47.59999999999998,0.025710022054113428
2377,2.3770000000000002,-0.43736972134313273,47.70000000000003,0.024111121341372097
2378,2.378,-0.13793313077753813,47.800000000000026,0.022499547455841606
2379,2.379,-0.3400739362422276,47.89999999999999,0.0208755916983926
2380,2.38,-1.1328026970138063,47.999999999999986,0.01923954943184267
2381,2.3810000000000002,0.5052730988491445,48.10000000000004,0.017591720034509407
2382,2.382,-0.13210919045307518,48.2,0.015932406852660966
2383,2.383,-0.145101875844048,48.3,0.014261917151857666
2384,2.384,0.14409774737013792,48.399999999999984,0.01258056206720673
2385,2.3850000000000002,-0.8364845366127351,48.500000000000036,0.010888656552523229
2386,2.386,-0.8070102195678021,48.6,0.009186519328413575
2387,2.387,-0.30147310032354047,48.699999999999996,0.0074744728292749285
2388,2.388,-0.40888855921314127,48.79999999999999,0.005752843149234083
2389,2.3890000000000002,-0.23928769971068115,48.90000000000001,0.004021959987019796
2390,2.39,-0.3939606591739322,49.00000000000001,0.002282156589786988
2391,2.391,-0.9261076616122199,49.1,0.0005337696958818168
2392,2.392,-1.3444369280230464,49.199999999999996,-0.0012228605234143825
2393,2.3930000000000002,-0.1903133704512412,49.30000000000001,-0.002987390523184806
2394,2.394,-0.1743217482070093,49.400000000000006,-0.004759473445188743
2395,2.395,-0.6396095006400982,49.5,-0.006538759179195174
2396,2.396,-0.5893706507658325,49.599999999999994,-0.008324894425311041
2397,2.3970000000000002,-1.0687515128769836,49.70000000000002,-0.010117522757308709
2398,2.398,-1.4837113281730736,49.80000000000001,-0.011916284686932472
2399,2.399,-1.3249698830059373,49.900000000000006,-0.013720817729188189
2400,2.4,-2.1022848046850178,50.0,-0.015530756468588371
2401,2.4010000000000002,-2.114883010403722,50.10000000000002,-0.01734573262635625
2402,2.402,-1.0980916907397678,50.20000000000002,-0.019165375128567554
2403,2.403,-1.526247662552815,50.30000000000001,-0.02098931017523313
2404,2.404,-1.75796443207243,50.400000000000006,-0.022817161310293606
2405,2.4050000000000002,-1.4741775549139298,50.50000000000003,-0.02464854949252769
2406,2.406,-1.0622914391145137,50.60000000000002,-0.026483093167357016
2407,2.407,-1.0520071833693858,50.70000000000002,-0.028320408339536855
2408,2.408,-1.0280127919208,50.79999999999998,-0.030160108646719738
2409,2.4090000000000003,-1.1572085692929184,50.900000000000034,-0.03200180543388083
2410,2.41,-1.296309371734788,51.00000000000003,-0.033845107828586955
2411,2.411,-1.1480887228726875,51.100000000000016,-0.035689622817109246
2412,2.412,-0.9418271784378949,51.19999999999998,-0.03753495532134881
2413,2.4130000000000003,-0.3456717545383169,51.30000000000003,-0.039380708276575756
2414,2.414,-0.5931785082752296,51.40000000000003,-0.04122648270995746
2415,2.415,-0.8602597157348286,51.49999999999999,-0.04307187781987596
2416,2.416,-0.0343039843115206,51.59999999999999,-0.044916491056002976
2417,2.4170000000000003,0.6024918411926411,51.70000000000004,-0.04675991820013162
2418,2.418,0.06549333934454499,51.800000000000004,-0.04860175344773925
2419,2.419,0.8348588460588631,51.89999999999999,-0.05044158949028544
2420,2.42,0.7025528616366251,51.999999999999986,-0.05227901759819955
2421,2.4210000000000003,1.1852039036727398,52.10000000000004,-0.05411362770457347
2422,2.422,1.173524065233897,52.2,-0.05594500848952104
2423,2.423,1.25685800423691,52.3,-0.057772747465206886
2424,2.424,1.4985964619403809,52.39999999999999,-0.05959643106151072
2425,2.4250000000000003,1.9457520323141038,52.500000000000014,-0.061415644712324365
2426,2.426,2.177752851997193,52.60000000000001,-0.06322997294245512
2427,2.427,2.2077730686210724,52.7,-0.06503899945513204
2428,2.428,2.1161961359118493,52.8,-0.06684230722008125
2429,2.4290000000000003,1.7151622824723087,52.90000000000002,-0.0686394785621672
2430,2.43,2.014932897970457,53.000000000000014,-0.07043009525057123
2431,2.431,1.3837648639069098,53.10000000000001,-0.07221373858850531
2432,2.432,1.6144889470447177,53.2,-0.07398998950342434
2433,2.433,0.799547110782317,53.3,-0.07575842863773237
2434,2.434,1.4577936121019148,53.40000000000002,-0.07751863643996443
2435,2.435,1.1289146271565977,53.500000000000014,-0.07927019325641005
2436,2.436,1.1953948331961737,53.6,-0.08101267942318809
2437,2.437,1.9315212484797255,53.699999999999996,-0.08274567535872576
2438,2.438,0.6255700232952592,53.80000000000002,-0.08446876165664097
2439,2.439,0.33644792572077425,53.90000000000001,-0.08618151917899848
2440,2.44,0.42261414447658197,54.00000000000001,-0.0878835291499338
2441,2.441,0.787491085776157,54.09999999999997,-0.08957437324960862
2442,2.442,0.8290860727620453,54.200000000000024,-0.09125363370849221
2443,2.443,0.5618898772503553,54.30000000000002,-0.09292089340193833
2444,2.444,0.28486802780440457,54.40000000000001,-0.0945757359450521
2445,2.445,0.36830729083301117,54.49999999999997,-0.09621774578780919
2446,2.446,0.1611924947278784,54.60000000000002,-0.09784650831042041
2447,2.447,1.0710059485769572,54.70000000000002,-0.09946160991891585
2448,2.448,1.0086938105800147,54.79999999999998,-0.10106263814093025
2449,2.449,0.41383637933322254,54.89999999999998,-0.10264918172166708
2450,2.45,-0.06846397139865196,55.00000000000003,-0.10422083072002312
2451,2.451,0.5522054425985583,55.099999999999994,-0.1057771766048475
2452,2.452,0.9101971448518809,55.19999999999999,-0.1073178123513256
2453,2.453,0.4185559987590629,55.29999999999998,-0.10884233253745154
2454,2.454,-0.35695424029897876,55.40000000000003,-0.11035033344058087
2455,2.455,-0.31457665887926084,55.5,-0.1118414131340322
2456,2.456,-0.13224515253629063,55.599999999999994,-0.11331517158372921
2457,2.457,0.22558566828424856,55.69999999999999,-0.1147712107448459
2458,2.458,0.04301009254737796,55.80000000000001,-0.11620913465844593
2459,2.459,-0.4997405248590412,55.900000000000006,-0.11762854954808587
2460,2.46,-0.19472104563090833,56.0,-0.11902906391637051
2461,2.461,0.1042826208093928,56.09999999999999,-0.12041028864142607
2462,2.462,-0.31505182680578314,56.20000000000001,-0.1217718370732816
2463,2.463,0.07480991661333075,56.300000000000004,-0.12311332513012173
2464,2.464,0.35647247568894,56.4,-0.12443437139440962
2465,2.465,0.15634319703637412,56.49999999999999,-0.12573459720883642
2466,2.466,-0.4168522622687992,56.600000000000016,-0.12701362677208958
2467,2.467,-0.9362617292837568,56.70000000000001,-0.12827108723440833
2468,2.468,-1.398889287234585,56.800000000000004,-0.12950660879291537
2469,2.469,-0.25482729938569293,56.9,-0.13071982478668925
2470,2.47,-0.33412574911520204,57.00000000000002,-0.13191037179156437
2471,2.471,-0.7741053319238262,57.10000000000001,-0.1330778897146308
2472,2.472,-1.2093241598641942,57.2,-0.13422202188841842
2473,2.473,-0.6682592241700944,57.3,-0.13534241516473325
2474,2.474,-0.8773687208416217,57.40000000000002,-0.13643872000813148
2475,2.475,-0.581424292701513,57.500000000000014,-0.13751059058900408
2476,2.476,-0.9104920676576138,57.60000000000001,-0.138557684876253
2477,2.477,0.0731031293425285,57.699999999999974,-0.13957966472953248
2478,2.478,-1.059206253911615,57.800000000000026,-0.14057619599103674
2479,2.479,-1.1607931842076016,57.90000000000001,-0.14154694857680664
2480,2.48,-1.443215305609393,58.00000000000001,-0.14249159656754126
2481,2.481,-1.006600557967694,58.09999999999997,-0.14340981829888116
2482,2.482,-0.2453001436701039,58.200000000000024,-0.1443012964511492
2483,2.483,-1.745161882802573,58.30000000000002,-0.14516571813852105
2484,2.484,-1.1791300651176462,58.399999999999984,-0.14600277499760872
2485,2.485,-1.7833748808120178,58.49999999999998,-0.14681216327542806
2486,2.486,-1.1601461861667182,58.60000000000003,-0.14759358391673302
2487,2.487,-1.7967139287885094,58.699999999999996,-0.1483467426506901
2488,2.488,-1.4972872560988408,58.79999999999999,-0.14907135007687658
2489,2.489,-1.271936053420076,58.899999999999984,-0.14976712175057416
2490,2.49,-1.526625219473961,59.000000000000036,-0.15043377826733878
2491,2.491,-1.558663861870041,59.1,-0.1510710453468235
2492,2.492,-1.4296826650132957,59.199999999999996,-0.15167865391583643
2493,2.493,-1.4611261542658405,59.29999999999999,-0.15225634019060455
2494,2.494,-1.0835123014908434,59.40000000000001,-0.15280384575822734
2495,2.495,-0.7088314717563055,59.50000000000001,-0.15332091765729583
2496,2.496,-1.233913875517699,59.599999999999994,-0.15380730845765803
2497,2.497,-1.1054448857364212,59.69999999999999,-0.15426277633930421
2498,2.498,-0.36661030391257043,59.80000000000001,-0.1546870851703564
2499,2.499,-0.30108067780105957,59.900000000000006,-0.15508000458413573
2500,2.5,0.3506909120646234,60.0,-0.15544131005529072
2501,2.501,0.047129950426755246,60.09999999999999,-0.15577078297496144
2502,2.5020000000000002,0.5344119707523285,60.20000000000001,-0.1560682107249613
2503,2.503,1.1300908204220397,60.30000000000001,-0.1563333867509539
2504,2.504,-0.11625495544719977,60.4,-0.15656611063460615
2505,2.505,1.2460849518898436,60.5,-0.15676618816469456
2506,2.5060000000000002,1.5675372109850523,60.60000000000002,-0.15693343140714602
2507,2.507,1.1053796679684817,60.70000000000001,-0.1570676587739922
2508,2.508,1.5503504739308933,60.80000000000001,-0.15716869509121761
2509,2.509,2.501647151598125,60.9,-0.15723637166548096
2510,2.5100000000000002,2.1517952812210908,61.00000000000002,-0.15727052634969013
2511,2.511,1.8693041597319098,61.10000000000001,-0.15727100360741192
2512,2.512,1.8226810400946514,61.20000000000001,-0.15723765457609523
2513,2.513,0.9104232699720232,61.300000000000004,-0.15717033712909054
2514,2.5140000000000002,0.7837867336699793,61.40000000000002,-0.15706891593644504
2515,2.515,2.031330376637311,61.50000000000002,-0.1569332625244552
2516,2.516,1.092394039541377,61.600000000000016,-0.15676325533395816
2517,2.517,0.2554281556593323,61.69999999999998,-0.1565587797773423
2518,2.5180000000000002,0.718390259787677,61.80000000000003,-0.15631972829426058
2519,2.519,1.7035945796281422,61.90000000000003,-0.15604600040602806
2520,2.52,1.049668932029297,61.99999999999999,-0.15573750276868273
2521,2.521,0.6389575826198163,62.09999999999998,-0.15539414922469716
2522,2.5220000000000002,1.263613071799762,62.20000000000004,-0.15501586085331945
2523,2.523,1.0946750201613022,62.300000000000026,-0.15460256601952907
2524,2.524,1.204162237664129,62.39999999999999,-0.154154200421587
2525,2.525,-0.19756375430878848,62.49999999999999,-0.15367070713716824
2526,2.5260000000000002,0.6929133052919361,62.60000000000004,-0.1531520366680563
2527,2.527,1.0120014083701787,62.7,-0.15259814698338603
2528,2.528,0.784618825721956,62.79999999999999,-0.15200900356141625
2529,2.529,0.9173056686511321,62.89999999999999,-0.15138457942981942
2530,2.5300000000000002,0.7780137727025724,63.000000000000014,-0.15072485520447124
2531,2.531,0.40252554510405003,63.1,-0.15002981912672447
2532,2.532,0.27722526000778935,63.2,-0.14929946709915426
2533,2.533,0.7550332113506513,63.29999999999999,-0.148533802719758
2534,2.5340000000000003,0.40412130399410884,63.40000000000001,-0.14773283731459655
2535,2.535,0.3433341074270864,63.5,-0.14689658996886526
2536,2.536,0.10462264990831313,63.6,-0.14602508755637317
2537,2.537,0.00025488124163786097,63.69999999999999,-0.14511836476742795
2538,2.5380000000000003,0.6723088833216924,63.80000000000001,-0.14417646413510457
2539,2.539,0.6511499905904108,63.90000000000001,-0.1431994360598906
2540,2.54,-0.18520590398251188,64.0,-0.14218733883268989
2541,2.541,-0.6023338106841147,64.10000000000001,-0.14114023865617892
2542,2.5420000000000003,-0.7227976566430518,64.20000000000003,-0.1400582096644988
2543,2.543,0.22761823981008383,64.30000000000001,-0.1389413339412769
2544,2.544,-0.9153478998670519,64.4,-0.13778970153595746
2545,2.545,-0.20712801430473632,64.5,-0.13660341047843932
2546,2.5460000000000003,0.16197685367812054,64.60000000000002,-0.1353825667920104
2547,2.547,-0.16655087398077378,64.69999999999999,-0.13412728450456202
2548,2.548,-0.29907189962154795,64.79999999999998,-0.1328376856580739
2549,2.549,-0.08647453882155937,64.89999999999998,-0.1315139003163687
2550,2.5500000000000003,-0.24308419823417454,65.00000000000003,-0.13015606657111745
2551,2.551,-1.2175148723771658,65.10000000000002,-0.12876433054609474
2552,2.552,-0.20343123751265474,65.20000000000002,-0.12733884639966486
2553,2.553,-0.07818574129001787,65.30000000000001,-0.12587977632550384
2554,2.5540000000000003,-1.1393379048499768,65.4,-0.12438729055153903
2555,2.555,-0.39842399940748885,65.5,-0.12286156733710712
2556,2.556,-0.2115444537549871,65.6,-0.12130279296831262
2557,2.557,-0.20728907624845677,65.69999999999999,-0.11971116175159315
2558,2.5580000000000003,-0.28555110028952074,65.80000000000004,-0.11808687600547697
2559,2.559,-0.8602981502971149,65.90000000000003,-0.11643014605052826
2560,2.56,-1.077300677743144,66.00000000000003,-0.11474119019747643
2561,2.561,-1.0627384391760812,66.10000000000002,-0.11302023473352314
2562,2.562,-1.06427183715351,66.2,-0.1112675139068221
2563,2.563,-0.6550976168442346,66.30000000000001,-0.10948326990912732
2564,2.564,-0.784597710077742,66.39999999999999,-0.10766775285661036
2565,2.565,-0.9812326574185934,66.5,-0.10582122076883099
2566,2.566,-1.613537591866035,66.59999999999998,-0.10394393954587373
2567,2.567,-1.3642338615127256,66.70000000000005,-0.10203618294363583
2568,2.568,-1.6005162471101178,66.80000000000003,-0.10009823254727321
2569,2.569,-1.7035142143262527,66.90000000000003,-0.09813037774278899
2570,2.57,-1.8195339334070155,66.99999999999996,-0.09613291568678038
2571,2.571,-0.7732127600599801,67.10000000000001,-0.09410615127433085
2572,2.572,-0.727748577374706,67.2,-0.09205039710504985
2573,2.573,-1.3114797691993105,67.3,-0.08996597344726136
2574,2.574,-1.641202454988157,67.39999999999999,-0.08785320820033987
2575,2.575,-1.358032734461954,67.50000000000004,-0.08571243685519371
2576,2.576,-1.3459502181785126,67.59999999999998,-0.08354400245290326
2577,2.577,-1.2047673620844528,67.69999999999997,-0.08134825554149921
2578,2.578,-1.2547268375354785,67.79999999999997,-0.0791255541309043
2579,2.579,-1.0928441440576449,67.90000000000002,-0.07687626364602324
2580,2.58,-0.2334750136126924,68.0,-0.07460075687799692
2581,2.581,-1.1435261129108159,68.10000000000001,-0.0722994139336061
2582,2.582,-0.6071998890694839,68.19999999999999,-0.06997262218285054
2583,2.583,-0.5675109503413884,68.3,-0.06762077620468909
2584,2.584,-0.6395891990994862,68.39999999999998,-0.06524427773095955
2585,2.585,0.7910023377938652,68.49999999999999,-0.0628435355884641
2586,2.586,0.3524537939665768,68.59999999999998,-0.06041896563924996
2587,2.587,1.3420082808194063,68.70000000000002,-0.05797099071906499
2588,2.588,1.1311817330882235,68.80000000000001,-0.05550004057402746
2589,2.589,1.5524101005506599,68.9,-0.05300655179547176
2590,2.59,2.1603882627269373,69.0,-0.05049096775302036
2591,2.591,1.7879464503905425,69.1,-0.047953738525862336
2592,2.592,2.8379941829626336,69.2,-0.045395320832262255
2593,2.593,1.7147164771882186,69.29999999999998,-0.04281617795728793
2594,2.594,1.509112944765124,69.39999999999999,-0.04021677967879044
2595,2.595,1.4390946182300832,69.50000000000003,-0.03759760219162577
2596,2.596,2.1835617944976207,69.60000000000002,-0.0349591280301427
2597,2.597,1.4098260139230048,69.70000000000002,-0.03230184598892633
2598,2.598,1.762510778792731,69.80000000000001,-0.02962625104183361
2599,2.599,1.7125548721211425,69.9,-0.026932844259312177
2600,2.6,1.2544029120160771,70.0,-0.024222132724021524
2601,2.601,1.8522623590780753,70.1,-0.021494629444767356
2602,2.602,1.5306245863589698,70.19999999999999,-0.01875085326876045
2603,2.603,0.9262520778043637,70.30000000000004,-0.01599132879221201
2604,2.604,0.7964052789409525,70.40000000000003,-0.013216586269286183
2605,2.605,1.3685402007957546,70.50000000000003,-0.010427161519402971
2606,2.606,0.20941297656239632,70.59999999999997,-0.007623595832932529
2607,2.607,0.15292406501629985,70.70000000000002,-0.004806435875273231
2608,2.608,0.7068223348961148,70.80000000000001,-0.0019762335893448364
2609,2.609,0.7318466847319123,70.9,0.0008664539035104607
2610,2.61,0.10772992496756562,71.0,0.0037210644041757554
2611,2.611,0.5402144156124682,71.10000000000005,0.006587030737962239
2612,2.612,0.5844585056994018,71.19999999999997,0.009463780858333937
2613,2.613,0.411174466860306,71.29999999999998,0.012350737952160178
2614,2.614,0.43594792202252053,71.39999999999996,0.015247320546449021
2615,2.615,0.8449393171261215,71.50000000000003,0.018152942616575043
2616,2.616,0.7850648625428525,71.60000000000001,0.021067013695945387
2617,2.617,0.6516019955128213,71.70000000000002,0.023988938987136693
2618,2.618,0.15658472265732323,71.8,0.026918119474434406
2619,2.619,-0.10735764395865327,71.9,0.02985395203778657
2620,2.62,0.13889052688621434,71.99999999999999,0.032795829568133955
2621,2.621,0.06017941147756242,72.09999999999998,0.0357431410841196
2622,2.622,-0.11829191659022115,72.19999999999997,0.0386952718501285
2623,2.623,-0.41407565730738,72.30000000000003,0.04165160349565977
2624,2.624,-0.19807275943336922,72.40000000000002,0.04461151413599286
2625,2.625,-0.19336366112284706,72.50000000000001,0.04757437849414967
2626,2.626,0.5763427363661838,72.60000000000001,0.05053956802410109
2627,2.6270000000000002,-0.0052510660163580525,72.7,0.05350645103521818
2628,2.628,-0.38690588271172865,72.8,0.05647439281793609
2629,2.629,-0.3853910409903185,72.89999999999999,0.05944275577060962
2630,2.63,-0.02960631811831166,72.99999999999997,0.062410899527536534
2631,2.6310000000000002,0.043527874669140876,73.10000000000004,0.065378181088127
2632,2.632,0.21597307137520183,73.20000000000002,0.06834395494718569
2633,2.633,0.05055387041310211,73.30000000000003,0.07130757322630427
2634,2.634,-0.5249145307534135,73.4,0.07426838580631077
2635,2.6350000000000002,-0.7467981043291556,73.50000000000001,0.07722574046077306
2636,2.636,0.3261365030036647,73.6,0.08017898299051433
2637,2.637,-0.8313600674941954,73.7,0.08312745735913782
2638,2.638,-0.41829272345795687,73.79999999999998,0.08607050582950565
2639,2.6390000000000002,-0.27494365199754456,73.90000000000005,0.08900746910116794
2640,2.64,-0.703808488982833,74.00000000000003,0.0919376864486993
2641,2.641,0.22764766249420587,74.10000000000002,0.09486049586093752
2642,2.642,-0.6673849675924973,74.19999999999996,0.0977752341810674
2643,2.6430000000000002,-0.2992734173075457,74.30000000000001,0.10068123724755325
2644,2.644,-0.8533669825843344,74.4,0.10357784003585456
2645,2.645,-0.9164242151578955,74.5,0.10646437680094592
2646,2.646,-0.41365627457376364,74.6,0.1093401812205645
2647,2.6470000000000002,-1.4382973594664303,74.70000000000005,0.11220458653918676
2648,2.648,-1.3468018242829671,74.80000000000004,0.11505692571268679
2649,2.649,-1.6369845463015766,74.89999999999998,0.11789653155366975
2650,2.65,-1.3886254667819873,74.99999999999997,0.12072273687742227
2651,2.6510000000000002,-1.1955165568135955,75.10000000000002,0.12353487464847224
2652,2.652,-2.1029306354569712,75.20000000000002,0.12633227812771167
2653,2.653,-1.0105816305451403,75.30000000000001,0.12911428102007322
2654,2.654,-1.703763825380969,75.4,0.13188021762270302
2655,2.6550000000000002,-0.8985111916383532,75.5,0.13462942297361974
2656,2.656,-1.3147490992604864,75.6,0.13736123300081818
2657,2.657,-1.2646606750139404,75.69999999999999,0.1400749846717913
2658,2.658,-1.722940229068287,75.79999999999998,0.1427700161434352
2659,2.6590000000000003,-1.1537215136521024,75.90000000000002,0.14544566691230854
2660,2.66,-1.2763709068074354,76.00000000000003,0.148101277965206
2661,2.661,-1.7031229150558096,76.10000000000002,0.15073619193003351
2662,2.662,-1.5426638273108817,76.20000000000002,0.1533497532269261
2663,2.6630000000000003,-1.2114310762973584,76.30000000000001,0.15594130821959654
2664,2.664,-1.2773644233692902,76.39999999999999,0.15851020536686697
2665,2.665,-0.8531568845494086,76.5,0.1610557953743709
2666,2.666,0.3243584756029174,76.59999999999998,0.16357743134636607
2667,2.6670000000000003,0.8198273669840584,76.70000000000005,0.16607446893764632
2668,2.668,0.37682249387615346,76.80000000000003,0.16854626650550342
2669,2.669,-0.21732586583639357,76.90000000000003,0.1709921852617233
2670,2.67,0.7462375489249252,77.00000000000001,0.1734115894245659
2671,2.6710000000000003,1.220279858645018,77.10000000000002,0.17580384637069726
2672,2.672,0.6410120142471465,77.2,0.17816832678704722
2673,2.673,1.6990616001657763,77.3,0.1805044048225615
2674,2.674,1.8685699989319429,77.39999999999999,0.1828114582397963
2675,2.6750000000000003,1.8735624534644737,77.50000000000004,0.1850888685663393
2676,2.676,1.6733872935552365,77.60000000000004,0.18733602124600812
2677,2.677,2.1751099544805292,77.70000000000003,0.1895523057898103
2678,2.678,2.229130249798893,77.79999999999997,0.1917371159266073
2679,2.6790000000000003,1.8250114647715423,77.90000000000002,0.19388984975346565
2680,2.68,1.0132807817622072,78.00000000000001,0.19600990988564815
2681,2.681,1.8765958285789255,78.10000000000001,0.19809670360622503
2682,2.682,1.941905255114842,78.19999999999999,0.20014964301525265
2683,2.6830000000000003,1.0978261198435553,78.30000000000005,0.20216814517849704
2684,2.684,0.893603072427654,78.40000000000003,0.20415163227566177
2685,2.685,0.32184517284338654,78.49999999999999,0.2060995317480893
2686,2.686,1.0691208501237386,78.59999999999997,0.20801127644589595
2687,2.6870000000000003,0.5210044265019685,78.70000000000003,0.20988630477450926
2688,2.688,0.4113506583301369,78.80000000000001,0.21172406084056689
2689,2.689,1.04577108612163,78.90000000000002,0.21352399459715493
2690,2.69,0.8903972349843196,79.0,0.21528556198833274
2691,2.691,0.6192962189527533,79.1,0.2170082250929229
2692,2.692,0.4980444315256695,79.19999999999999,0.21869145226752656
2693,2.693,0.06044342076147913,79.29999999999998,0.22033471828872564
2694,2.694,1.1747134631280187,79.39999999999998,0.2219375044944477
2695,2.695,0.17955237889145093,79.49999999999997,0.22349929892444403
2696,2.696,0.15785673156389968,79.60000000000002,0.2250195964598585
2697,2.697,0.5473535561377593,79.70000000000002,0.22649789896184144
2698,2.698,0.1839621265806572,79.80000000000001,0.227933715409191
2699,2.699,0.45563668424375275,79.9,0.22932656203496266
2700,2.7,-0.12072210537703731,80.0,0.23067596246203545
2701,2.701,0.5547192485309269,80.1,0.2319814478375852
2702,2.702,0.7176406463914498,80.19999999999999,0.23324255696644108
2703,2.703,-0.01056770905498311,80.29999999999998,0.23445883644328272
2704,2.704,0.9724586809751501,80.40000000000003,0.23562984078364776
2705,2.705,0.10140027183160705,80.50000000000003,0.2367551325537152
2706,2.706,0.43555570516985453,80.60000000000002,0.23783428249883384
2707,2.707,-0.4184151768610448,80.70000000000002,0.23886686967075552
2708,2.708,0.18466744039914545,80.80000000000001,0.23985248155354563
2709,2.709,0.4729939525384699,80.89999999999999,0.2407907141881328
2710,2.71,-0.8701793829083322,81.0,0.24168117229547129
2711,2.711,0.812707180611823,81.1,0.24252346939827454
2712,2.712,0.06204550015567872,81.20000000000005,0.24331722794129385
2713,2.713,-0.4811990498326515,81.30000000000003,0.2440620794101048
2714,2.714,0.3812407674197132,81.39999999999998,0.2447576644483747
2715,2.715,-0.5753576501038562,81.49999999999997,0.2454036329735715
2716,2.716,-0.030416643185528336,81.60000000000001,0.24599964429108886
2717,2.717,-0.08476022618703793,81.70000000000002,0.24654536720675077
2718,2.718,-0.7916516899431385,81.8,0.24704048013766838
2719,2.719,-0.39606986222817214,81.9,0.24748467122141415
2720,2.72,-1.1520434801038415,82.00000000000004,0.24787763842348332
2721,2.721,0.14553075322499143,82.1,0.24821908964301367
2722,2.722,-0.6281462678837536,82.19999999999997,0.2485087428167314
2723,2.723,-0.7039544651917656,82.29999999999998,0.248746326021093
2724,2.724,-0.5627627765597735,82.40000000000002,0.2489315775725934
2725,2.725,-0.7400963475444555,82.5,0.2490642461262114
2726,2.726,0.09032076693975422,82.60000000000001,0.24914409077196117
2727,2.727,-0.591671527006262,82.7,0.249170881129524
2728,2.728,-0.3525174250995371,82.8,0.24914439744092848
2729,2.729,-0.7970715953459018,82.89999999999999,0.24906443066125175
2730,2.73,-0.629214807733478,82.99999999999999,0.2489307825473146
2731,2.731,-0.7522185585447281,83.09999999999998,0.24874326574434147
2732,2.732,-1.1430851139183957,83.20000000000003,0.24850170387055862
2733,2.733,-1.0570581753018298,83.30000000000003,0.24820593159970414
2734,2.734,-1.5028686130530728,83.4,0.24785579474142114
2735,2.735,-1.0074897093183357,83.50000000000001,0.24745115031951007
2736,2.736,-1.3588222340461922,83.6,0.24699186664801212
2737,2.737,-1.6967103090747813,83.7,0.24647782340510166
2738,2.738,-2.2562851967839914,83.79999999999998,0.24590891170475673
2739,2.739,-2.207947280796862,83.89999999999999,0.24528503416618938
2740,2.74,-1.3849463916490279,84.00000000000003,0.24460610498100702
2741,2.741,-2.0446917757174736,84.10000000000004,0.24387204997808268
2742,2.742,-0.7200306212373687,84.20000000000002,0.24308280668611074
2743,2.743,-1.4089086730630385,84.30000000000001,0.24223832439382412
2744,2.744,-0.6476135082353525,84.4,0.24133856420785066
2745,2.745,-0.9670074812917372,84.5,0.2403834991081885
2746,2.746,-1.1631091784720056,84.6,0.23937311400127356
2747,2.747,-0.42011427635155757,84.69999999999999,0.23830740577062462
2748,2.748,-1.167678328124129,84.80000000000004,0.2371863833250388
2749,2.749,-0.34097625523905384,84.90000000000003,0.2360100676443246
2750,2.75,0.648912538651337,84.99999999999997,0.23477849182254049
2751,2.751,0.11896858289339221,85.09999999999997,0.2334917011087346
2752,2.7520000000000002,0.24124047710443358,85.20000000000002,0.23214975294515508
2753,2.753,0.5103656754636818,85.30000000000001,0.2307527170029177
2754,2.754,0.8353219894058711,85.4,0.22930067521511227
2755,2.755,0.9596925605208424,85.5,0.2277937218073297
2756,2.7560000000000002,0.6373983080711442,85.60000000000005,0.2262319633255917
2757,2.757,1.645507977237573,85.69999999999999,0.22461551866167287
2758,2.758,1.2608855882283836,85.79999999999998,0.22294451907578686
2759,2.759,2.087572604472761,85.89999999999996,0.22121910821663568
2760,2.7600000000000002,1.5970733225153682,86.00000000000003,0.21943944213879668
2761,2.761,1.441340488215967,86.10000000000001,0.21760568931744223
2762,2.762,1.5734449407755027,86.20000000000002,0.21571803066036258
2763,2.763,1.365686679708731,86.3,0.21377665951730068
2764,2.7640000000000002,1.476474492288989,86.4,0.21178178168656617
2765,2.765,1.2441125606440893,86.49999999999999,0.20973361541893332
2766,2.766,1.5342502688485025,86.6,0.20763239141879217
2767,2.767,1.2291692320856298,86.69999999999997,0.20547835284256413
2768,2.7680000000000002,1.0315027940122719,86.80000000000004,0.20327175529434835
2769,2.769,1.1145603531466013,86.90000000000002,0.20101286681881964
2770,2.77,1.0805513752072797,87.00000000000001,0.1987019678913278
2771,2.771,1.4109039565079555,87.10000000000001,0.1963393514052284
2772,2.7720000000000002,1.2110062160645587,87.2,0.1939253226564131
2773,2.773,0.8125301719167207,87.3,0.19146019932504751
2774,2.774,0.4945994109458196,87.39999999999999,0.18894431145448867
2775,2.775,0.7484972602647046,87.5,0.18637800142740257
2776,2.7760000000000002,0.9576096182480391,87.60000000000004,0.18376162393905507
2777,2.777,0.20577717571159015,87.70000000000002,0.18109554596778596
2778,2.778,0.5143481556335874,87.80000000000003,0.17838014674264274
2779,2.779,0.12958177579697283,87.9,0.17561581770819437
2780,2.7800000000000002,0.4011160747374543,88.00000000000001,0.17280296248650406
2781,2.781,0.2972846225083562,88.1,0.1699419968362644
2782,2.782,1.1448689684351527,88.2,0.1670333486090945
2783,2.783,0.29285752310373514,88.29999999999998,0.16407745770299495
2784,2.7840000000000003,-0.020510197699551536,88.40000000000005,0.16107477601295936
2785,2.785,0.6919873927188479,88.50000000000003,0.15802576737875285
2786,2.786,0.29937549100477123,88.60000000000002,0.15493090752983354
2787,2.787,0.5636939616582085,88.69999999999997,0.15179068402744997
2788,2.7880000000000003,0.12177698374521335,88.80000000000001,0.14860559620389086
2789,2.789,1.1222656494372547,88.9,0.14537615509890975
2790,2.79,-0.05200353298718405,89.0,0.14210288339330104
2791,2.791,0.20377398898336876,89.10000000000001,0.13878631533966385
2792,2.7920000000000003,0.013045783220267275,89.20000000000005,0.13542699669033248
2793,2.793,-0.1225800096465747,89.29999999999998,0.13202548462249805
2794,2.794,-0.43472786691640725,89.39999999999998,0.12858234766050078
2795,2.795,-0.18150737064984065,89.49999999999997,0.1250981655953341
2796,2.7960000000000003,0.14529704204897315,89.60000000000002,0.12157352940133034
2797,2.797,-0.39048948150455304,89.70000000000002,0.11800904115008364
2798,2.798,-0.7217077039789686,89.80000000000001,0.11440531392155351
2799,2.799,-0.14593792106765732,89.9,0.11076297171242162
2800,2.8000000000000003,0.003549643772233102,90.0,0.1070826493416709
2801,2.801,-0.6406723267150488,90.1,0.10336499235342246
2802,2.802,0.2089881575619542,90.19999999999999,0.09961065691701065
2803,2.803,-0.36416969591351983,90.29999999999998,0.09582030972434517
2804,2.8040000000000003,-0.8915067088991422,90.40000000000003,0.09199462788454352
2805,2.805,0.10794265690260552,90.50000000000003,0.08813429881586853
2806,2.806,-0.5755282638094907,90.60000000000002,0.08424002013495491
2807,2.807,0.09620426709401597,90.70000000000002,0.08031249954337669
2808,2.8080000000000003,-0.30810893237387976,90.80000000000001,0.07635245471154217
2809,2.809,-0.5592591435396129,90.9,0.07236061315994355
2810,2.81,-0.5335591291519427,91.0,0.0683377121377754
2811,2.811,-0.9242583061569652,91.09999999999998,0.06428449849893912
2812,2.8120000000000003,-0.8928376495654428,91.20000000000005,0.06020172857544881
2813,2.813,-0.9189121318071404,91.30000000000003,0.05609016804826877
2814,2.814,-0.5487863571429439,91.40000000000003,0.05195059181557156
2815,2.815,-0.9045516454136987,91.50000000000001,0.04778378385847632
2816,2.816,-1.3517392518194131,91.59999999999997,0.04359053710425718
2817,2.817,-2.1018112247126544,91.7,0.039371653287052735
2818,2.818,-1.1954610164900408,91.80000000000001,0.03512794280610843
2819,2.819,-1.7795640696190471,91.89999999999999,0.03086022458154285
2820,2.82,-0.821326540702858,91.99999999999999,0.0265693259077019
2821,2.821,-1.231426513120602,92.10000000000004,0.02225608230409143
2822,2.822,-1.6409715243298406,92.20000000000003,0.017921337363937015
2823,2.823,-1.901624393949541,92.29999999999998,0.01356594260036403
2824,2.824,-1.5246810730914795,92.39999999999996,0.009190757290252599
2825,2.825,-1.2003026767656797,92.50000000000001,0.004796648315791743
2826,2.826,-0.6697708676893721,92.60000000000001,0.00038449000374167995
2827,2.827,-1.8626871493233885,92.70000000000002,-0.004044836037570853
2828,2.828,-1.3131872194390113,92.8,-0.008490441083466221
2829,2.829,-0.4180715406839147,92.90000000000003,-0.012951429460338686
2830,2.83,-0.8095281441868503,92.99999999999999,-0.01742689871524132
2831,2.831,-1.1184264884709822,93.09999999999997,-0.021915939787634613
2832,2.832,-1.3883905830623218,93.19999999999997,-0.02641763718322492
2833,2.833,0.5181420970387567,93.30000000000001,-0.030931069149897003
2834,2.834,-0.4323018705903934,93.40000000000002,-0.035455307855683335
2835,2.835,0.13051085718471955,93.5,-0.03998941956877321
2836,2.836,1.0757554310836885,93.60000000000001,-0.044532464839485586
2837,2.837,0.6878984231914859,93.69999999999999,-0.04908349868420553
2838,2.838,1.0399776759540387,93.79999999999998,-0.0536415707712374
2839,2.839,1.7981031315248708,93.89999999999998,-0.058205725608543396
2840,2.84,1.3822135050055584,93.99999999999997,-0.06277500273333221
2841,2.841,1.5695106847162879,94.10000000000002,-0.06734843690346524
2842,2.842,1.3411697132901264,94.20000000000002,-0.07192505829063116
2843,2.843,1.502658585581856,94.30000000000001,-0.07650389267528622
2844,2.844,1.9455729010734832,94.4,-0.08108396164327852
2845,2.845,1.9085516499474047,94.5,-0.08566428278415492
2846,2.846,1.5211509905664202,94.6,-0.0902438698910861
2847,2.847,1.8784513166165215,94.69999999999999,-0.09482173316240702
2848,2.848,1.9045449600993305,94.79999999999998,-0.09939687940468907
2849,2.849,1.5483166981054566,94.90000000000003,-0.10396831223734106
2850,2.85,0.8826865117730651,95.00000000000003,-0.1085350322986693
2851,2.851,0.3076724499884136,95.10000000000002,-0.11309603745340616
2852,2.852,0.7487999371043833,95.19999999999996,-0.11765032300158869
2853,2.853,1.3035467524426692,95.30000000000001,-0.122196881888825
2854,2.854,1.0878615738379611,95.4,-0.1267347049178481
2855,2.855,0.904430372168955,95.5,-0.13126278096136312
2856,2.856,0.7071550378152421,95.6,-0.13578009717609893
2857,2.857,-0.21917408707832453,95.70000000000005,-0.14028563921805653
2858,2.858,0.9671685710869985,95.80000000000004,-0.14477839145888508
2859,2.859,0.69382033221686,95.89999999999998,-0.14925733720337495
2860,2.86,0.5687503925579427,95.99999999999997,-0.15372145890798258
2861,2.861,0.7333968605200563,96.10000000000002,-0.15816973840037474
2862,2.862,0.35924818891357,96.20000000000002,-0.1626011570999224
2863,2.863,0.15522695959103094,96.3,-0.16701469623913393
2864,2.864,0.3066947306996375,96.4,-0.171409337085937
2865,2.865,0.24977236948250028,96.50000000000004,-0.17578406116679715
2866,2.866,0.8056364152156203,96.6,-0.18013785049061154
2867,2.867,0.9476663060249985,96.69999999999997,-0.1844696877733365
2868,2.868,1.03151070909517,96.79999999999998,-0.18877855666329726
2869,2.869,1.0335323293610568,96.90000000000002,-0.19306344196713804
2870,2.87,-0.17022385234833604,97.00000000000003,-0.19732332987635057
2871,2.871,0.09936966645826628,97.10000000000001,-0.20155720819436435
2872,2.872,0.271011740956976,97.2,-0.2057640665641083
2873,2.873,-0.048512991331580435,97.3,-0.20994289669602909
2874,2.874,-0.3637298764346768,97.39999999999999,-0.21409269259649163
2875,2.875,0.08426228944011187,97.49999999999999,-0.2182124507965454
2876,2.876,-0.16382760904998367,97.59999999999998,-0.2223011705809657
2877,2.8770000000000002,-1.1270426147076917,97.70000000000003,-0.22635785421755503
2878,2.878,0.3478811191405499,97.80000000000003,-0.2303815071866235
2879,2.879,-0.16757142559335225,97.90000000000002,-0.23437113841064708
2880,2.88,-0.292407987818929,98.00000000000001,-0.23832576048398119
2881,2.8810000000000002,0.6042527672800793,98.1,-0.24224438990264935
2882,2.882,-0.3886776266903769,98.2,-0.24612604729410503
2883,2.883,-0.6402892705096574,98.29999999999998,-0.24996975764695642
2884,2.884,-0.4407836750906698,98.39999999999999,-0.253774550540564
2885,2.8850000000000002,-0.8410254776097672,98.50000000000003,-0.25753946037448894
2886,2.886,-0.5187045948895261,98.60000000000004,-0.2612635265977188
2887,2.887,0.029415992717816142,98.70000000000002,-0.2649457939376482
2888,2.888,-0.4238614389572175,98.80000000000003,-0.2685853126287261
2889,2.8890000000000002,-1.0821440403811293,98.9,-0.2721811386407461
2890,2.89,-0.7397250912721407,99.0,-0.2757323339067069
2891,2.891,-0.10953800583920126,99.1,-0.2792379665502198
2892,2.892,-0.24629372740475053,99.19999999999999,-0.2826971111123738
2893,2.8930000000000002,-0.5808393819839623,99.30000000000004,-0.28610884877803333
2894,2.894,-0.2295518717185452,99.40000000000003,-0.2894722676015058
2895,2.895,-0.32483727772172644,99.49999999999997,-0.2927864627315296
2896,2.896,-0.929006065679042,99.59999999999997,-0.2960505366355257
2897,2.8970000000000002,-0.9948612914872562,99.70000000000002,-0.29926359932306806
2898,2.898,-1.123441057913847,99.80000000000001,-0.30242476856850514
2899,2.899,-1.2295157121195348,99.9,-0.3055331701327071
2900,2.9,-1.2544138984474904,100.0,-0.3085879379838537
2901,2.9010000000000002,-1.669176540181157,100.10000000000005,-0.3115882145172355
2902,2.902,-2.0292821780861385,100.19999999999999,-0.3145331507739968
2903,2.903,-0.8451315376307416,100.29999999999998,-0.3174219066587928
2904,2.904,-0.7839548491271812,100.39999999999998,-0.32025365115627874
2905,2.9050000000000002,-0.5536986285667345,100.50000000000003,-0.32302756254640136
2906,2.906,-1.5247960736964816,100.60000000000002,-0.32574282861842385
2907,2.907,-2.3967316421701774,100.70000000000002,-0.32839864688365866
2908,2.908,-1.7222640244506007,100.80000000000001,-0.3309942247868142
2909,2.9090000000000003,-1.7281424851695963,100.9,-0.33352877991594637
2910,2.91,-1.3062368202177734,101.0,-0.33600154021093176
2911,2.911,-0.5827565997033768,101.1,-0.33841174417043407
2912,2.912,-0.7774805859057363,101.19999999999999,-0.340758641057293
2913,2.9130000000000003,-1.284365340818436,101.30000000000004,-0.34304149110229676
2914,2.914,-1.3483306204705845,101.40000000000003,-0.3452595657062769
2915,2.915,-0.9477441059557418,101.50000000000001,-0.3474121476404934
2916,2.916,0.3482002181685427,101.60000000000002,-0.3494985312452324
2917,2.9170000000000003,0.9826852965394536,101.7,-0.3515180226265885
2918,2.918,0.08275168483441211,101.80000000000001,-0.35346993985136616
2919,2.919,0.8015300586443633,101.89999999999999,-0.355353613140066
2920,2.92,1.4061721658825657,102.0,-0.3571683850578877
2921,2.9210000000000003,0.0013257668638038123,102.10000000000004,-0.35891361070371336
2922,2.922,1.2962136143842313,102.20000000000005,-0.36058865789701616
2923,2.923,0.9202569529710305,102.30000000000003,-0.3621929073626492
2924,2.924,0.8378849892882552,102.4,-0.36372575291345954
2925,2.9250000000000003,2.088677258677005,102.50000000000001,-0.36518660163068667
2926,2.926,1.9072246331748277,102.6,-0.36657487404208805
2927,2.927,1.567453673743407,102.7,-0.3678900042977573
2928,2.928,1.5643317866630666,102.8,-0.36913144034357204
2929,2.9290000000000003,1.389362791266544,102.90000000000005,-0.37029864409223634
2930,2.93,1.777804172033409,103.00000000000003,-0.3713910915918627
2931,2.931,2.039577349774456,103.09999999999997,-0.3724082731920569
2932,2.932,1.1988422214260845,103.19999999999997,-0.37334969370744864
2933,2.9330000000000003,1.4054415657627402,103.30000000000001,-0.3742148725786304
2934,2.934,1.0334266605582585,103.40000000000002,-0.37500334403045593
2935,2.935,1.3206388170846455,103.5,-0.37571465722765546
2936,2.936,1.1772643711046644,103.60000000000001,-0.37634837642772234
2937,2.9370000000000003,1.6859329142425064,103.70000000000005,-0.3769040811310267
2938,2.938,1.0614671647720195,103.8,-0.3773813662281133
2939,2.939,0.47368521407324093,103.89999999999998,-0.37777984214414395
2940,2.94,0.9835347685158149,103.99999999999997,-0.3780991349804355
2941,2.9410000000000003,-0.006997831203536808,104.10000000000002,-0.37833888665305765
2942,2.942,1.4625628696418005,104.20000000000002,-0.3784987550284451
2943,2.943,-0.18539060623914416,104.30000000000001,-0.37857841405598675
2944,2.944,0.23074062592732292,104.4,-0.3785775538975484
2945,2.945,0.9234337663942325,104.5,-0.37849588105389115
2946,2.946,0.2905397967712229,104.6,-0.378333118487945
2947,2.947,0.48440104939830725,104.69999999999999,-0.3780890057449016
2948,2.948,0.618570917002299,104.79999999999998,-0.3777632990690838
2949,2.949,0.6985204833651039,104.89999999999998,-0.37735577151755656
2950,2.95,0.8463837877492317,105.00000000000003,-0.37686621307044676
2951,2.951,1.2313115728108583,105.10000000000002,-0.3762944307379275
2952,2.952,0.45402243371439244,105.20000000000002,-0.3756402486638354
2953,2.953,0.32173975486849016,105.30000000000001,-0.37490350822588725
2954,2.954,0.7703765676600236,105.4,-0.3740840681324592
2955,2.955,0.14535517068510784,105.5,-0.37318180451589694
2956,2.956,0.7188105057275708,105.6,-0.3721966110223181
2957,2.957,0.6962806595858632,105.69999999999999,-0.37112839889788335
2958,2.958,0.030142691374472827,105.80000000000004,-0.36997709707149706
2959,2.959,0.11462090407145012,105.90000000000003,-0.36874265223391167
2960,2.96,-0.036621058180753896,106.00000000000003,-0.3674250289131976
2961,2.961,-0.7839733988471597,106.09999999999997,-0.3660242095465598
2962,2.962,-0.8909156927868778,106.20000000000002,-0.3645401945484634
2963,2.963,0.33467418824192136,106.30000000000001,-0.3629730023750427
2964,2.964,-0.8462134983844128,106.4,-0.36132266958476933
2965,2.965,-0.41108431064761225,106.5,-0.3595892508953467
2966,2.966,-0.4945106970483765,106.60000000000005,-0.3577728192368081
2967,2.967,0.4076795122234308,106.70000000000003,-0.3558734658007985
2968,2.968,-1.2280242866195799,106.79999999999998,-0.3538913000859989
2969,2.969,-0.7275972094338259,106.89999999999996,-0.3518264499396916
2970,2.97,-1.1240228273826782,107.00000000000003,-0.34967906159542544
2971,2.971,-0.3893220041886985,107.10000000000001,-0.34744929970677274
2972,2.972,0.05086843675527908,107.20000000000002,-0.34513734737713864
2973,2.973,-0.18216789562328012,107.3,-0.342743406185624
2974,2.974,-0.7075169648545039,107.39999999999998,-0.34026769620890457
2975,2.975,-1.1034037654919293,107.49999999999999,-0.33771045603912203
2976,2.976,-0.39368968061030024,107.59999999999997,-0.33507194279774977
2977,2.977,-1.0069702060631291,107.69999999999997,-0.3323524321454321
2978,2.978,-0.6936209880907411,107.80000000000001,-0.3295522182877836
2979,2.979,-0.4261128538237724,107.90000000000002,-0.3266716139771184
2980,2.98,-1.0731775857535044,108.0,-0.32371095051009435
2981,2.981,-1.8397354593539248,108.10000000000001,-0.3206705777212783
2982,2.982,-1.4619247561984012,108.19999999999999,-0.31755086397259774
2983,2.983,-1.8890968310169525,108.29999999999998,-0.3143521961386846
2984,2.984,-1.5275606546762721,108.39999999999998,-0.3110749795880753
2985,2.985,-1.9021008229948337,108.49999999999997,-0.3077196381602871
2986,2.986,-0.9179804059954473,108.60000000000002,-0.3042866141387377
2987,2.987,-0.8561097003390404,108.70000000000002,-0.300776368219517
2988,2.988,-1.210942944144288,108.80000000000001,-0.2971893794759786
2989,2.989,-1.3469891891893864,108.9,-0.29352614531917637
2990,2.99,-1.3390491245994083,109.0,-0.28978718145411525
2991,2.991,-1.9338482534582466,109.1,-0.28597302183182177
2992,2.992,-1.6994839415889467,109.19999999999999,-0.2820842185972289
2993,2.993,-0.6642679633783601,109.29999999999998,-0.2781213420328712
2994,2.994,-1.386816303859643,109.40000000000003,-0.27408498049838614
2995,2.995,-1.7472228856203373,109.50000000000003,-0.2699757403658336
2996,2.996,-1.294347635828904,109.60000000000002,-0.2657942459508014
2997,2.997,-0.6163554556668673,109.69999999999996,-0.26154113943933877
2998,2.998,-0.6554096290988904,109.80000000000001,-0.25721708081068667
2999,2.999,-0.0003565752790732346,109.9,-0.252822747755832
3000,3.0,-0.5814233163312239,110.0,-0.24835883559185654
3001,3.001,0.319865815333222,109.9,-0.24382605717212458
3002,3.0020000000000002,0.21867443318645668,109.79999999999995,-0.23922514279228402
3003,3.003,0.5237755677156115,109.69999999999996,-0.23455684009211134
3004,3.004,1.2231986271289663,109.60000000000002,-0.22982191395317386
3005,3.005,0.5174598078113382,109.50000000000003,-0.22502114639234944
3006,3.0060000000000002,1.1289359914414516,109.39999999999998,-0.22015533645121207
3007,3.007,2.2456450460114965,109.29999999999998,-0.2152253000812735
3008,3.008,1.2189983416690606,109.19999999999999,-0.2102318700250882
3009,3.009,0.9654757887449907,109.1,-0.2051758956932701
3010,3.0100000000000002,1.4072876170402207,108.99999999999994,-0.2000582430373955
3011,3.011,2.0243095921128447,108.9,-0.19487979441883668
3012,3.012,1.9822357516641043,108.80000000000001,-0.189641448473501
3013,3.013,1.12064880267195,108.70000000000002,-0.1843441199725415
3014,3.0140000000000002,0.9953665102190905,108.59999999999998,-0.1789887396790147
3015,3.015,0.9073597009479729,108.49999999999997,-0.17357625420053613
3016,3.016,1.1240558030010894,108.39999999999998,-0.168107625837908
3017,3.017,0.5153648700745395,108.29999999999998,-0.16258383242979368
3018,3.0180000000000002,0.7017479504741819,108.19999999999999,-0.15700586719341797
3019,3.019,0.8934242512598425,108.1,-0.1513747385613322
3020,3.02,1.0998663067325907,108.0,-0.1456914700142638
3021,3.021,1.4454639651049812,107.9,-0.13995709991007274
3022,3.0220000000000002,1.6516490519800286,107.79999999999995,-0.13417268130883803
3023,3.023,0.3411957146343222,107.69999999999997,-0.12833928179411572
3024,3.024,0.9624561558795266,107.59999999999998,-0.12245798329035248
3025,3.025,0.49670788805069216,107.49999999999999,-0.11652988187653901
3026,3.0260000000000002,0.4763721981274021,107.39999999999999,-0.11055608759608564
3027,3.027,0.5386771844161146,107.3,-0.10453772426298441
3028,3.028,-0.15557848009628683,107.2,-0.09847592926424047
3029,3.029,0.3332373885010502,107.10000000000001,-0.09237185335866267
3030,3.0300000000000002,0.3163533423282773,106.99999999999996,-0.08622666047199869
3031,3.031,0.2155843389972703,106.89999999999996,-0.08004152748848571
3032,3.032,0.8560085557506172,106.79999999999998,-0.07381764403878419
3033,3.033,0.6302272632666115,106.70000000000005,-0.06755621228443609
3034,3.0340000000000003,0.037911538405163314,106.6,-0.06125844669877304
3035,3.035,-0.12756509865005328,106.5,-0.05492557384439389
3036,3.036,1.4087249479151926,106.4,-0.04855883214718133
3037,3.037,0.01563245482567105,106.30000000000001,-0.042159471666960664
3038,3.0380000000000003,1.0422902220994725,106.19999999999996,-0.035728753864790554
3039,3.039,0.47520630761801075,106.09999999999997,-0.02926795136696344
3040,3.04,-0.4730384879887546,106.00000000000003,-0.022778347725705854
3041,3.041,0.6054891307746206,105.90000000000003,-0.016261237176683988
3042,3.0420000000000003,0.14176488742239282,105.79999999999998,-0.00971792439330644
3043,3.043,0.3946682628272906,105.69999999999999,-0.0031497242379060456
3044,3.044,-0.020771725903185045,105.6,0.003442038490206213
3045,3.045,-0.790997073278671,105.5,0.01005602930970558
3046,3.0460000000000003,0.016593205842948544,105.39999999999995,0.016690904315238373
3047,3.047,-0.21849982685639258,105.30000000000001,0.023345310438360946
3048,3.048,-0.6338217509133787,105.20000000000002,0.03001788571138846
3049,3.049,-0.6858995421747698,105.10000000000002,0.036707259534104635
3050,3.0500000000000003,0.5572282566440447,104.99999999999997,0.04341205294328656
3051,3.051,-0.3439647221264428,104.89999999999998,0.05013087888497456
3052,3.052,-0.4562639347263741,104.79999999999998,0.05686234248948564
3053,3.053,-0.25840271292753425,104.69999999999999,0.06360504134905282
3054,3.0540000000000003,-0.6788485753442249,104.6,0.07035756579809054
3055,3.055,0.12086880494169272,104.5,0.07711849919599348
3056,3.056,-0.39843195696225875,104.4,0.08388641821246734
3057,3.057,-0.7443829664727766,104.30000000000001,0.09065989311527103
3058,3.0580000000000003,-0.7934005228763681,104.19999999999996,0.09743748806036752
3059,3.059,-1.194837360352695,104.09999999999997,0.10421776138438382
3060,3.06,-1.0995745605424845,103.99999999999997,0.1109992658993968
3061,3.061,-0.4147973161297181,103.89999999999998,0.11778054918987063
3062,3.0620000000000003,-0.15655337906852607,103.79999999999998,0.12456015391180704
3063,3.063,-0.6773238525268761,103.69999999999999,0.13133661809395963
3064,3.064,-0.8627184627509457,103.6,0.1381084754411263
3065,3.065,-1.6636889314866656,103.50000000000001,0.1448742556393888
3066,3.0660000000000003,-1.437555290150097,103.39999999999996,0.15163248466329235
3067,3.067,-1.611868471110661,103.29999999999997,0.15838168508486342
3068,3.068,-1.0945093104625603,103.19999999999997,0.16512037638445695
3069,3.069,-1.1625495730800246,103.09999999999998,0.17184707526330337
3070,3.0700000000000003,-1.422357650327669,102.99999999999999,0.17856029595774525
3071,3.071,-1.6058870365067177,102.89999999999999,0.18525855055506002
3072,3.072,-1.1247289786156205,102.8,0.19194034931085716
3073,3.073,-0.9663431992891149,102.69999999999999,0.19860420096791764
3074,3.074,-1.9354656071281013,102.60000000000001,0.20524861307645806
3075,3.075,-1.5854398426993652,102.49999999999996,0.21187209231575335
3076,3.076,-1.8080651029475399,102.40000000000002,0.21847314481699065
3077,3.077,-1.1744698191015872,102.30000000000003,0.2250502764873957
3078,3.078,-0.8546801827872882,102.20000000000003,0.23160199333545428
3079,3.079,-0.8852633153195694,102.09999999999998,0.23812680179723023
3080,3.08,-0.44359064198808407,101.99999999999999,0.2446232090636692
3081,3.081,-0.594219665941859,101.89999999999999,0.2510897234088711
3082,3.082,-0.8365938551547969,101.80000000000001,0.25752485451919704
3083,3.083,0.20600514817510276,101.70000000000002,0.2639271138231916
3084,3.084,-0.062357365857188096,101.60000000000002,0.27029501482221285
3085,3.085,0.6293015908480313,101.50000000000003,0.2766270734217493
3086,3.086,0.34398597803122294,101.40000000000003,0.2829218082632886
3087,3.087,0.5549484900305566,101.29999999999998,0.2891777410567157
3088,3.088,1.1349642353801421,101.19999999999999,0.29539339691314687
3089,3.089,1.2798263889001922,101.1,0.3015673046781339
3090,3.09,1.848116644259466,101.0,0.3076979972651628
3091,3.091,1.7542955996765364,100.9,0.3137840119893779
3092,3.092,1.0368258809061301,100.80000000000001,0.31982389090144225
3093,3.093,1.2310492994646525,100.70000000000002,0.3258161811215022
3094,3.094,1.7134400039994278,100.60000000000002,0.33175943517312556
3095,3.095,1.6509010000826843,100.49999999999997,0.3376522113171856
3096,3.096,1.7682635540506944,100.39999999999998,0.34349307388558203
3097,3.097,1.075072298583091,100.29999999999998,0.34928059361477043
3098,3.098,1.2387251197227456,100.19999999999999,0.3550133479789679
3099,3.099,1.2085772706082618,100.1,0.3606899215230065
3100,3.1,1.8160539869362327,100.0,0.3663089061947251
3101,3.101,0.8639856505184942,99.9,0.37186890167686926
3102,3.102,0.6931641533266046,99.80000000000001,0.37736851571836566
3103,3.103,1.1042934917521972,99.69999999999996,0.38280636446495525
3104,3.104,0.8442093262531375,99.59999999999997,0.3881810727890405
3105,3.105,1.4509201311684548,99.49999999999997,0.39349127461876093
3106,3.106,0.9858123103432789,99.40000000000003,0.3987356132661339
3107,3.107,0.4383998584893755,99.29999999999998,0.40391274175424113
3108,3.108,0.4053128406314087,99.19999999999999,0.4090213231433505
3109,3.109,0.6170315635136168,99.1,0.41406003085594
3110,3.11,-0.21316781650217642,99.0,0.4190275490004968
3111,3.111,0.782048290501745,98.89999999999995,0.4239225726940548
3112,3.112,-0.024237160390854662,98.80000000000001,0.4287438083833673
3113,3.113,0.7335749026420223,98.70000000000002,0.4334899741646765
3114,3.114,-0.07613766157157842,98.60000000000002,0.43815980010195754
3115,3.115,0.16902280203088882,98.49999999999997,0.44275202854359647
3116,3.116,0.35747994320139653,98.39999999999998,0.44726541443741086
3117,3.117,0.7363687925886818,98.3,0.4516987256439465
3118,3.118,0.9446894288762211,98.2,0.45605074324796585
3119,3.119,-0.1657301402560597,98.10000000000001,0.46032026186806413
3120,3.12,0.5840298535774291,98.00000000000001,0.46450608996431886
3121,3.121,0.8593152171840792,97.90000000000002,0.468607050143936
3122,3.122,0.04459055063061759,97.80000000000003,0.47262197946477
3123,3.123,-0.03807157070264175,97.69999999999997,0.4765497297366822
3124,3.124,-0.03364695665239115,97.59999999999998,0.48038916782063756
3125,3.125,-0.0017942097613382944,97.49999999999999,0.48413917592549527
3126,3.126,0.3133358179131581,97.39999999999999,0.4877986519023861
3127,3.1270000000000002,0.20481165640252227,97.3,0.4913665095366277
3128,3.128,-0.7689640680680967,97.2,0.4948416788370905
3129,3.129,0.11134204671176179,97.10000000000001,0.49822310632296124
3130,3.13,-0.38700801377635263,97.00000000000001,0.5015097553078101
3131,3.1310000000000002,-0.26358363692934983,96.89999999999996,0.504700606180896
3132,3.132,-0.15767322390515928,96.79999999999997,0.5077946566856453
3133,3.133,-0.4126972341556748,96.69999999999997,0.5107909221952385
3134,3.134,-0.453860443846185,96.59999999999998,0.5136884359852112
3135,3.1350000000000002,-0.6152934205630212,96.5,0.516486249503022
3136,3.136,-0.20449796641162626,96.4,0.5191834326345025
3137,3.137,-0.2583302148224572,96.30000000000001,0.5217790739671379
3138,3.138,-1.8172144449844085,96.20000000000002,0.5242722810500873
3139,3.1390000000000002,-0.8344757949086405,96.09999999999997,0.5266621806508944
3140,3.14,-1.1338963083705877,95.99999999999997,0.5289479190088058
3141,3.141,-0.2909452906564704,95.89999999999998,0.5311286620846486
3142,3.142,-0.45635150895326576,95.80000000000004,0.5332035958071795
3143,3.1430000000000002,-0.0015525612392625066,95.69999999999999,0.5351719263158539
3144,3.144,-0.8189924117741554,95.6,0.5370328801999436
3145,3.145,-0.34837139680312923,95.5,0.5387857047339433
3146,3.146,-1.0076200643187967,95.4,0.5404296681091945
3147,3.1470000000000002,-0.9517170448841383,95.29999999999995,0.5419640596616696
3148,3.148,-1.9181762652555758,95.19999999999996,0.5433881900958477
3149,3.149,-1.1462006585575846,95.10000000000002,0.5447013917046292
3150,3.15,-1.1977800299355317,95.00000000000003,0.5459030185852148
3151,3.1510000000000002,-0.9235120951841193,94.89999999999998,0.5469924468509001
3152,3.152,-1.7137173631754976,94.79999999999998,0.5479690748387149
3153,3.153,-2.024888454860057,94.69999999999999,0.5488323233128608
3154,3.154,-2.0492707325211152,94.6,0.5495816356638745
3155,3.1550000000000002,-1.8905437756007015,94.5,0.5502164781034683
3156,3.156,-0.6015470338919136,94.4,0.5507363398549867
3157,3.157,-1.8194087120348263,94.30000000000001,0.5511407333394274
3158,3.158,-1.6269138459949608,94.20000000000002,0.5514291943569627
3159,3.1590000000000003,-1.1042429243456062,94.09999999999997,0.5516012822639158
3160,3.16,-1.9401995439157933,93.99999999999997,0.5516565801451323
3161,3.161,-1.1726227044900046,93.89999999999998,0.5515946949816971
3162,3.162,-1.2999356097534251,93.79999999999998,0.5514152578139409
3163,3.1630000000000003,-0.6761070653484004,93.69999999999999,0.5511179238996912
3164,3.164,-0.6192561831818576,93.6,0.5507023728677106
3165,3.165,0.12734286679594714,93.5,0.5501683088662775
3166,3.166,-0.27042386142335806,93.4,0.5495154607068604
3167,3.1670000000000003,0.2311924178618997,93.29999999999995,0.5487435820028341
3168,3.168,0.5807376653435377,93.19999999999996,0.5478524513032
3169,3.169,0.81569205977434,93.09999999999998,0.5468418722212531
3170,3.17,1.6575610033669808,92.99999999999999,0.5457116735581621
3171,3.1710000000000003,0.7774740908454798,92.89999999999999,0.544461709421411
3172,3.172,1.3227396050657418,92.8,0.5430918593380647
3173,3.173,2.0188336169489567,92.7,0.5416020283628151
3174,3.174,1.6572968781052535,92.60000000000001,0.5399921471807653
3175,3.1750000000000003,2.2942128558970856,92.49999999999996,0.5382621722049146
3176,3.176,0.9221926155945872,92.39999999999996,0.5364120856683104
3177,3.177,1.4282100843636252,92.29999999999997,0.5344418957108136
3178,3.178,0.6746539369074204,92.20000000000003,0.5323516364604624
3179,3.1790000000000003,1.6399220959918632,92.1,0.530141368109384
3180,3.18,1.1990684986459188,91.99999999999999,0.5278111769842293
3181,3.181,1.5647030762120897,91.89999999999999,0.5253611756110854
3182,3.182,1.7835795336190015,91.8,0.5227915027748494
3183,3.1830000000000003,1.0881948904733167,91.69999999999995,0.5201023235730217
3184,3.184,1.6202127806055333,91.59999999999995,0.5172938294638979
3185,3.185,1.7427543245652255,91.50000000000003,0.5143662383091162
3186,3.186,0.792170882525729,91.40000000000003,0.5113197944105446
3187,3.1870000000000003,0.6102657049048271,91.29999999999998,0.5081547685414928
3188,3.188,1.2004031359458327,91.19999999999999,0.5048714579721982
3189,3.189,0.8437380990210591,91.1,0.501470186489571
3190,3.19,0.39832118634063773,91.0,0.4979513044111913
3191,3.1910000000000003,0.5650612687323748,90.89999999999995,0.4943151885935185
3192,3.192,0.8610251227366872,90.80000000000001,0.49056224243430685
3193,3.193,0.32236159852968466,90.70000000000002,0.4866928958691864
3194,3.194,0.08925474154849011,90.60000000000002,0.4827076053624224
3195,3.1950000000000003,0.7083264694928646,90.49999999999997,0.4786068538918096
3196,3.196,0.361192996740615,90.39999999999998,0.4743911509277124
3197,3.197,0.07342114308877595,90.29999999999998,0.4700610324061974
3198,3.198,0.2945278376307805,90.19999999999999,0.4656170606962949
3199,3.1990000000000003,0.9074449547749132,90.1,0.4610598245613412
3200,3.2,0.2514927849545405,90.0,0.45638993911440606
3201,3.201,0.5897171366164712,89.9,0.451608045767797
3202,3.202,0.27084606878999595,89.80000000000001,0.4467148121766274
3203,3.203,0.5485131334446234,89.70000000000002,0.44171093217644763
3204,3.204,-0.39479144894992174,89.59999999999997,0.436597125714929
3205,3.205,0.3581263944481162,89.49999999999997,0.43137413877761216
3206,3.206,0.11158218792185177,89.39999999999998,0.4260427433076824
3207,3.207,-0.16447028678782966,89.29999999999998,0.4206037371198167
3208,3.208,0.07623821536468575,89.19999999999999,0.415057943808068
3209,3.209,-0.46216023397280337,89.1,0.40940621264781485
3210,3.21,-0.2896812683059323,89.0,0.4036494184917403
3211,3.211,0.10637951305349133,88.9,0.39778846165989484
3212,3.212,-0.19419615640250587,88.79999999999995,0.39182426782381313
3213,3.213,-0.22675920572183703,88.69999999999997,0.385757787884702
3214,3.214,-0.6049194394118237,88.60000000000002,0.3795899978457124
3215,3.215,-0.9516191042267156,88.50000000000003,0.37332189867829824
3216,3.216,0.0008017642573397987,88.39999999999999,0.36695451618267483
3217,3.217,-0.4211057177508102,88.29999999999998,0.3604889008424062
3218,3.218,-0.5235392474390337,88.19999999999999,0.35392612767308906
3219,3.219,-0.4163347639287574,88.1,0.34726729606521
3220,3.22,-0.9837767260400657,87.99999999999996,0.3405135296211431
3221,3.221,-0.5598311449271911,87.90000000000002,0.3336659759863446
3222,3.222,-0.9840643410519357,87.80000000000003,0.3267258066747109
3223,3.223,-1.1440870824357647,87.70000000000003,0.3196942168881852
3224,3.224,-0.7582803179432762,87.59999999999998,0.3125724253305853
3225,3.225,0.3712627652911782,87.49999999999999,0.3053616740157124
3226,3.226,-0.6430448744421912,87.39999999999999,0.2980632280697121
3227,3.227,-0.24974385157749318,87.3,0.2906783755277877
3228,3.228,-1.3153564229691548,87.2,0.2832084271252128
3229,3.229,-0.26656672667739023,87.10000000000001,0.2756547160827726
3230,3.23,-0.6130347565830913,87.00000000000001,0.2680185978865298
3231,3.231,-1.3841264968886435,86.90000000000002,0.2603014500620763
3232,3.232,-0.7468635067192673,86.79999999999997,0.25250467194322124
3233,3.233,-2.084780848528042,86.69999999999997,0.24462968443520006
3234,3.234,-1.7951145276735074,86.59999999999998,0.23667792977237637
3235,3.235,-1.1631667321940025,86.49999999999999,0.22865087127055223
3236,3.236,-0.9907785806458185,86.39999999999999,0.22054999307386158
3237,3.237,-1.7107157124787473,86.30000000000001,0.2123767998963351
3238,3.238,-1.6277441989320602,86.20000000000002,0.20413281675811074
3239,3.239,-2.0780521730662374,86.10000000000002,0.19581958871641475
3240,3.24,-2.3463037174818555,85.99999999999997,0.18743868059129412
3241,3.241,-1.930358781464161,85.89999999999998,0.1789916766861701
3242,3.242,-1.2651091389816225,85.79999999999998,0.17048018050325567
3243,3.243,-1.875674037306339,85.69999999999999,0.16190581445388133
3244,3.244,-1.2998782884256594,85.6,0.15327021956377607
3245,3.245,-0.9218039445174474,85.5,0.14457505517337776
3246,3.246,-1.138867961572638,85.4,0.1358219986331593
3247,3.247,-1.146985224149055,85.30000000000001,0.12701274499410942
3248,3.248,-1.0974419326550813,85.19999999999996,0.11814900669335221
3249,3.249,-0.7053494506315063,85.09999999999997,0.10923251323501244
3250,3.25,0.360614463384219,84.99999999999997,0.10026501086631219
3251,3.251,0.7089233928081868,84.90000000000003,0.09124826224904437
3252,3.2520000000000002,-0.02770948241460247,84.79999999999998,0.08218404612641031
3253,3.253,0.7006603411291815,84.69999999999999,0.07307415698533493
3254,3.254,0.6478844686403706,84.6,0.06392040471424856
3255,3.255,1.3769143320781114,84.5,0.05472461425649131
3256,3.2560000000000002,1.3543396791925322,84.39999999999995,0.04548862525930383
3257,3.257,1.308970465986529,84.30000000000001,0.03621429171859216
3258,3.258,2.4207552244402835,84.20000000000002,0.02690348161936732
3259,3.259,1.7265711318124923,84.10000000000002,0.0175580765720861
3260,3.2600000000000002,2.1202377495620035,83.99999999999997,0.008179971444860427
3261,3.261,1.3502181405070712,83.89999999999998,-0.0012289260083362256
3262,3.262,1.463665158230644,83.79999999999998,-0.010666695523469315
3263,3.263,1.621287816856216,83.69999999999999,-0.020131404706087163
3264,3.2640000000000002,1.6594359527168614,83.6,-0.029621109414810116
3265,3.265,1.8454025608137778,83.50000000000001,-0.03913385414853608
3266,3.266,1.115905250673625,83.40000000000002,-0.048667672437362766
3267,3.267,0.8353407046540087,83.30000000000003,-0.058220587237057975
3268,3.2680000000000002,0.7298212146812826,83.19999999999997,-0.06779061132707183
3269,3.269,0.8240322198261169,83.09999999999998,-0.07737574771198506
3270,3.27,0.740785607724654,82.99999999999999,-0.08697399002632052
3271,3.271,0.9428140956892483,82.89999999999999,-0.0965833229426377
3272,3.2720000000000002,0.5264595337690601,82.8,-0.10620172258283546
3273,3.273,0.5812044145673119,82.7,-0.11582715693255287
3274,3.274,0.5001999815143428,82.60000000000001,-0.12545758625865688
3275,3.275,0.7103517610581308,82.50000000000001,-0.1350909635296396
3276,3.2760000000000002,0.14893509089129764,82.39999999999996,-0.14472523483891625
3277,3.277,-0.0010969513642536954,82.29999999999997,-0.1543583398308828
3278,3.278,0.6314362103197497,82.19999999999997,-0.16398821212972223
3279,3.279,0.8226166875932014,82.09999999999998,-0.17361277977077916
3280,3.2800000000000002,0.4592174980206791,81.99999999999999,-0.1832299656344906
3281,3.281,0.31300185491408083,81.89999999999999,-0.1928376878827274
3282,3.282,0.18225287215694508,81.8,-0.20243386039753353
3283,3.283,1.2115781049490078,81.70000000000002,-0.21201639322207402
3284,3.2840000000000003,0.7205949715424991,81.59999999999997,-0.22158319300380355
3285,3.285,0.9155667969057201,81.49999999999997,-0.23113216343963963
3286,3.286,0.039991559582160774,81.39999999999998,-0.24066120572321437
3287,3.287,-0.06405307461074639,81.30000000000004,-0.25016821899394975
3288,3.2880000000000003,0.5634614424087321,81.19999999999999,-0.25965110078796516
3289,3.289,-0.5320933429975219,81.1,-0.2691077474906623
3290,3.29,-0.1790509391905939,81.0,-0.27853605479096716
3291,3.291,0.4422088138664015,80.9,-0.2879339181370404
3292,3.2920000000000003,-0.038746556086475994,80.79999999999995,-0.2972992331934336
3293,3.293,-1.1130625023980052,80.70000000000002,-0.30662989629954085
3294,3.294,-0.06290775171700373,80.60000000000002,-0.31592380492931954
3295,3.295,-0.1884067020079337,80.50000000000003,-0.3251788581520928
3296,3.2960000000000003,-0.8023864696480126,80.39999999999998,-0.33439295709440253
3297,3.297,-0.19659891039945276,80.29999999999998,-0.34356400540278603
3298,3.298,-0.6929934297911529,80.19999999999999,-0.3526899097073843
3299,3.299,-0.5928392466999416,80.1,-0.3617685800862778
3300,3.3000000000000003,-0.3321031168375918,80.0,-0.3707979305304572
3301,3.301,-0.48569496245586197,79.9,-0.37977587940929847
3302,3.302,-0.3136255759974443,79.80000000000001,-0.3887003499365121
3303,3.303,-0.6571640698322753,79.70000000000002,-0.39756927063636993
3304,3.3040000000000003,-0.473914242441497,79.59999999999997,-0.40638057581018455
3305,3.305,-0.32015774943701514,79.49999999999997,-0.41513220600288164
3306,3.306,-0.19087360616513166,79.39999999999998,-0.423822108469634
3307,3.307,-0.9342171134058072,79.29999999999998,-0.43244823764236795
3308,3.3080000000000003,-0.34442591479400964,79.19999999999999,-0.4410085555961058
3309,3.309,0.2596298080430659,79.1,-0.4495010325149939
3310,3.31,-1.4287690549594338,79.0,-0.45792364715796885
3311,3.311,-0.6322189799355463,78.9,-0.46627438732390514
3312,3.3120000000000003,-1.3475847602366486,78.79999999999995,-0.47455125031614265
3313,3.313,-1.011006598621755,78.69999999999996,-0.4827522434063212
3314,3.314,-0.9084367779243694,78.59999999999998,-0.49087538429742233
3315,3.315,-0.7395306993936428,78.49999999999997,-0.4989187015858576
3316,3.3160000000000003,-1.1586973102499114,78.39999999999998,-0.5068802352225567
3317,3.317,-0.9556282463017393,78.29999999999998,-0.5147580369729073
3318,3.318,-1.0388999817499756,78.2,-0.5225501708754993
3319,3.319,-1.5471919467304236,78.10000000000001,-0.5302547136994931
3320,3.3200000000000003,-2.0520234800886596,77.99999999999996,-0.5378697554005692
3321,3.321,-2.0866444260321284,77.89999999999996,-0.5453933995753092
3322,3.322,-2.1027702258357674,77.79999999999997,-0.5528237639139582
3323,3.323,-0.7997575746203996,77.70000000000003,-0.5601589806513974
3324,3.3240000000000003,-1.776241109028295,77.59999999999998,-0.5673971970162703
3325,3.325,-1.865082378045662,77.49999999999999,-0.5745365756781384
3326,3.326,-1.5418088625428834,77.39999999999999,-0.5815752951925699
3327,3.327,-1.171321681646954,77.3,-0.5885115504440473
3328,3.3280000000000003,-0.851821282074736,77.19999999999995,-0.5953435530866036
3329,3.329,-0.7280861866154521,77.09999999999995,-0.6020695319820545
3330,3.33,-0.5789590581378612,77.00000000000001,-0.6086877336357792
3331,3.331,-0.9482834838259466,76.90000000000002,-0.6151964226298747
3332,3.332,-0.1726179967196862,76.80000000000003,-0.6215938820536345
3333,3.333,-0.4585896072973832,76.69999999999997,-0.6278784139312291
3334,3.334,0.5802536986253667,76.59999999999998,-0.6340483396464709
3335,3.335,0.41277653173680956,76.5,-0.6401020003646085
3336,3.336,0.2610787670686735,76.4,-0.6460377574509867
3337,3.337,1.6955011005212266,76.30000000000001,-0.651853992886518
3338,3.338,0.3210557368200444,76.20000000000002,-0.6575491096798289
3339,3.339,1.2502012767051427,76.10000000000002,-0.6631215322760394
3340,3.34,1.1664966319654748,76.00000000000003,-0.6685697069619828
3341,3.341,1.7027284695336162,75.89999999999998,-0.6738921022678589
3342,3.342,1.8470854679044595,75.79999999999998,-0.6790872093651539
3343,3.343,1.0457590557249383,75.69999999999999,-0.6841535424607825
3344,3.344,2.0850291851135094,75.6,-0.6890896391873029
3345,3.345,1.849681275721256,75.5,-0.693894060989146
3346,3.346,1.9506207735922834,75.4,-0.6985653935047336
3347,3.347,1.686809187741478,75.30000000000001,-0.7031022469444242
3348,3.348,1.10404019909789,75.20000000000002,-0.7075032564641512
3349,3.349,1.8752868199817074,75.09999999999997,-0.7117670825346849
3350,3.35,0.762478966628192,74.99999999999997,-0.7158924113064089
3351,3.351,1.1326085530089534,74.89999999999998,-0.7198779549695432
3352,3.352,1.360014117627772,74.80000000000004,-0.7237224521096821
3353,3.353,1.439173378657024,74.69999999999999,-0.727424668058587
3354,3.354,0.8297876408818003,74.6,-0.7309833952401289
3355,3.355,1.2477185089000828,74.5,-0.7343974535112945
3356,3.356,1.0168384872416518,74.4,-0.7376656904981634
3357,3.357,0.4001074476963929,74.29999999999995,-0.7407869819267725
3358,3.358,0.965937075510255,74.19999999999996,-0.7437602319487668
3359,3.359,0.19514661375101372,74.10000000000002,-0.7465843734617786
3360,3.36,0.6106204147055468,74.00000000000003,-0.7492583684244111
3361,3.361,1.265283755349907,73.89999999999998,-0.7517812081657719
3362,3.362,0.8330746622916024,73.79999999999998,-0.7541519136894526
3363,3.363,0.2749582507298169,73.69999999999999,-0.7563695359718935
3364,3.364,1.2504096474610429,73.6,-0.7584331562550239
3365,3.365,1.3023693424789196,73.49999999999994,-0.7603418863331185
3366,3.366,1.2990547256116953,73.40000000000002,-0.7620948688337787
3367,3.367,-0.7337057132690794,73.30000000000003,-0.7636912774929713
3368,3.368,0.6747029064573267,73.20000000000003,-0.7651303174240296
3369,3.369,-0.037587616716776906,73.09999999999998,-0.7664112253805574
3370,3.37,0.1291663110488633,72.99999999999999,-0.7675332700131494
3371,3.371,1.032865298892851,72.89999999999999,-0.7684957521198605
3372,3.372,0.4652976849398335,72.8,-0.7692980048903472
3373,3.373,0.021254562849150477,72.7,-0.7699393941436072
3374,3.374,-0.19628892152421729,72.60000000000001,-0.7704193185592524
3375,3.375,-0.06773256001773682,72.50000000000001,-0.770737209902243
3376,3.376,-0.42179662104650434,72.40000000000002,-0.770892533241012
3377,3.3770000000000002,0.006228594749771027,72.29999999999997,-0.7708847871589164
3378,3.378,-0.39614806794518465,72.19999999999997,-0.77071350395895
3379,3.379,-0.05902201355824696,72.09999999999998,-0.7703782498616496
3380,3.38,-0.5128005835003295,71.99999999999999,-0.7698786251961361
3381,3.3810000000000002,-0.7872519504987461,71.89999999999999,-0.769214264584226
3382,3.382,-0.07303859034555416,71.8,-0.7683848371175529
3383,3.383,-0.6750016447577432,71.7,-0.7673900465276443
3384,3.384,-1.0139384842929275,71.60000000000001,-0.7662296313488894
3385,3.3850000000000002,-0.14871975956386935,71.49999999999996,-0.7649033650743486
3386,3.386,-0.4129130885550474,71.39999999999998,-0.7634110563043448
3387,3.387,-0.9542013788700016,71.29999999999998,-0.7617525488877874
3388,3.388,-0.44195762000283634,71.19999999999999,-0.7599277220561731
3389,3.3890000000000002,-0.1343485315161969,71.1,-0.7579364905502182
3390,3.39,-0.20898157822078606,71.0,-0.7557788047390736
3391,3.391,0.06763458400971989,70.9,-0.753454650732063
3392,3.392,-0.9357569384854825,70.80000000000001,-0.7509640504829203
3393,3.3930000000000002,-0.9355248522401967,70.69999999999996,-0.7483070618864623
3394,3.394,-0.5794617188123811,70.59999999999997,-0.7454837788676724
3395,3.395,-0.6072918210254434,70.50000000000003,-0.7424943314631213
3396,3.396,-0.6154798191071436,70.40000000000003,-0.739338885894741
3397,3.3970000000000002,-0.9270076029983356,70.29999999999998,-0.736017644635853
3398,3.398,-1.2191685844492146,70.19999999999999,-0.7325308464694612
3399,3.399,-1.406963421205163,70.1,-0.7288787665387425
3400,3.4,-1.430772409386302,70.0,-0.7250617163897277
3401,3.4010000000000002,-1.8197377507769896,69.89999999999995,-0.7210800440061216
3402,3.402,-1.3062499594343855,69.80000000000001,-0.716934133836254
3403,3.403,-0.8541186895097169,69.70000000000002,-0.7126244068121004
3404,3.404,-1.705946544164828,69.60000000000002,-0.7081513203603832
3405,3.4050000000000002,-1.5733961924607218,69.49999999999997,-0.7035153684057052
3406,3.406,-1.4526702360412256,69.39999999999998,-0.6987170813657086
3407,3.407,-1.402485423235062,69.29999999999998,-0.6937570261382081
3408,3.408,-1.7794272434982146,69.19999999999999,-0.6886358060803245
3409,3.4090000000000003,-1.8359627259158977,69.1,-0.6833540609795489
3410,3.41,-1.1925608252019952,69.0,-0.677912467016792
3411,3.411,-1.0543841445595408,68.9,-0.6723117367213075
3412,3.412,-1.0486448540114046,68.80000000000001,-0.6665526189175696
3413,3.4130000000000003,-1.4247391900938775,68.69999999999996,-0.6606358986640377
3414,3.414,0.10128405536331231,68.59999999999998,-0.6545623971838338
3415,3.415,-0.2073683443125976,68.49999999999999,-0.6483329717872781
3416,3.416,-0.563850868590056,68.39999999999999,-0.6419485157863377
3417,3.4170000000000003,0.6361734707988858,68.3,-0.635409958400937
3418,3.418,0.17652572862254018,68.2,-0.6287182646571656
3419,3.419,0.20550052219777842,68.10000000000001,-0.6218744352773303
3420,3.42,0.624902153962668,68.00000000000001,-0.6148795065619188
3421,3.4210000000000003,1.2111043540690805,67.89999999999996,-0.6077345502634335
3422,3.422,1.134517439002954,67.79999999999997,-0.6004406734521113
3423,3.423,0.8697310756696282,67.69999999999997,-0.5929990183735472
3424,3.424,1.8534911468231416,67.59999999999998,-0.5854107622982159
3425,3.4250000000000003,2.0867538654361857,67.49999999999999,-0.5776771173629085
3426,3.426,1.9107261825241784,67.39999999999999,-0.5697993304041177
3427,3.427,1.1487010266495932,67.3,-0.5617786827833263
3428,3.428,2.3137136078523377,67.2,-0.5536164902042938
3429,3.4290000000000003,1.2382950801835297,67.09999999999995,-0.5453141025222995
3430,3.43,1.4068170259856352,66.99999999999996,-0.5368729035454046
3431,3.431,2.047833905828131,66.90000000000002,-0.5282943108276968
3432,3.432,1.6343406083743455,66.80000000000003,-0.5195797754546163
3433,3.4330000000000003,1.3701519849421775,66.69999999999997,-0.5107307818203273
3434,3.434,1.1452535972707465,66.59999999999998,-0.5017488473972128
3435,3.435,0.43713170745456575,66.49999999999999,-0.49263552249745035
3436,3.436,0.7436570575546693,66.39999999999999,-0.48339239002679346
3437,3.4370000000000003,0.9856255302165482,66.29999999999995,-0.4740210652304918
3438,3.438,0.8274050458240254,66.20000000000002,-0.4645231954315124
3439,3.439,0.8080219218879361,66.10000000000002,-0.4549004597609268
3440,3.44,0.07801698281642078,66.00000000000003,-0.44515456888066784
3441,3.4410000000000003,1.1249025687573015,65.89999999999998,-0.43528726469859275
3442,3.442,0.22676566608562143,65.79999999999998,-0.42530032007595864
3443,3.443,0.47119159794693816,65.69999999999999,-0.4151955385272714
3444,3.444,0.9188775515721119,65.6,-0.40497475391265786
3445,3.4450000000000003,0.5923395119688413,65.5,-0.39463983012272325
3446,3.446,0.3051401814500665,65.4,-0.38419266075600933
3447,3.447,0.25845331975303265,65.30000000000001,-0.3736351687890188
3448,3.448,0.21137988322131582,65.20000000000002,-0.3629693062389618
3449,3.4490000000000003,0.4318277809246127,65.09999999999997,-0.352197053819203
3450,3.45,-0.5238087372145953,64.99999999999997,-0.3413204205874957
3451,3.451,0.5267936922138308,64.89999999999998,-0.33034144358705597
3452,3.452,1.0124695490063602,64.79999999999998,-0.3192621874805374
3453,3.4530000000000003,-0.18721814487798466,64.69999999999999,-0.3080847441769604
3454,3.454,0.5766524274704578,64.6,-0.2968112324516952
3455,3.455,0.26575422749538213,64.5,-0.28544379755947835
3456,3.456,-0.5631319139596125,64.4,-0.273984610840641
3457,3.457,0.5010919887032296,64.30000000000001,-0.2624358693205349
3458,3.458,0.0030631952701531164,64.19999999999996,-0.25079979530225255
3459,3.459,-0.28234072396584575,64.09999999999997,-0.2390786359527424
3460,3.46,-0.6977706084148344,63.99999999999998,-0.2272746628823077
3461,3.461,-0.06270499355587661,63.90000000000004,-0.21539017171767716
3462,3.462,-0.1816437635016541,63.79999999999999,-0.20342748166863267
3463,3.463,0.7059549649398549,63.699999999999996,-0.1913889350883436
3464,3.464,-0.557953489539329,63.6,-0.1792768970273972
3465,3.465,-1.0128074106329064,63.50000000000001,-0.16709375478169003
3466,3.466,-0.7895085992666322,63.399999999999956,-0.1548419174342599
3467,3.467,-0.4092031042412714,63.29999999999996,-0.14252381539109207
3468,3.468,0.12102566476509768,63.200000000000024,-0.13014189991098235
3469,3.469,-0.23819800650921905,63.10000000000004,-0.11769864262962752
3470,3.47,-0.8431907331057915,62.999999999999986,-0.10519653507794367
3471,3.471,-0.14277187750869513,62.89999999999999,-0.09263808819477452
3472,3.472,-0.08429151116078815,62.8,-0.08002583183398547
3473,3.473,0.0037636448605500306,62.7,-0.06736231426615939
3474,3.474,-0.22670635061901223,62.60000000000001,-0.0546501016748909
3475,3.475,-0.5163413996731974,62.500000000000014,-0.04189177764785104
3476,3.476,-0.1894032201727066,62.40000000000002,-0.029089942662619807
3477,3.477,-1.391884744377426,62.300000000000026,-0.016247213567511715
3478,3.478,-1.1356513523229463,62.199999999999974,-0.003366223057401471
3479,3.479,-0.6684230681264611,62.09999999999998,0.009550380855310407
3480,3.48,-0.9219555606934595,61.999999999999986,0.022499935374494448
3481,3.481,-0.5961757432381498,61.89999999999999,0.035479763458746635
3482,3.482,-1.167944064888466,61.800000000000004,0.048487174364400164
3483,3.483,-0.4635617904533268,61.70000000000001,0.061519464192948785
3484,3.484,-1.7436677137538839,61.600000000000016,0.07457391644286843
3485,3.485,-1.3799273011323208,61.50000000000002,0.0876478025655993
3486,3.486,-1.4538564840414163,61.39999999999997,0.10073838252567911
3487,3.487,-1.5580242867136695,61.299999999999976,0.11384290536483825
3488,3.488,-2.024908336810727,61.19999999999998,0.1269586097700451
3489,3.489,-1.3815003279428568,61.09999999999999,0.1400827246452593
3490,3.49,-1.6927392390203222,60.99999999999999,0.15321246968687816
3491,3.491,-1.28572012074561,60.9,0.1663450559626768
3492,3.492,-1.7621947135580955,60.800000000000004,0.17947768649426352
3493,3.493,-1.797490302397211,60.70000000000001,0.19260755684270842
3494,3.494,-1.6425287737185803,60.599999999999966,0.2057318556974533
3495,3.495,-0.7075401396572472,60.49999999999997,0.21884776546821005
3496,3.496,-0.49448565553335777,60.39999999999998,0.23195246287986582
3497,3.497,-0.8150633756602736,60.30000000000004,0.2450431195701358
3498,3.498,-0.17479026989482982,60.19999999999999,0.25811690268994314
3499,3.499,-0.6805656056362058,60.099999999999994,0.2711709755063236
3500,3.5,-0.6627752989952094,60.0,0.28420249800782954
3501,3.501,0.4850961582761514,59.900000000000006,0.2972086275121813
3502,3.5020000000000002,0.23187883271920212,59.799999999999955,0.31018651927613633
3503,3.503,0.9926078944768293,59.69999999999996,0.3231333271073753
3504,3.504,0.38366618239424155,59.60000000000002,0.33604620397837326
3505,3.505,0.40050343552762613,59.50000000000003,0.348922302642001
3506,3.5060000000000002,0.8601913623745998,59.39999999999998,0.3617587762488211
3507,3.507,0.9898100750393333,59.29999999999999,0.37455277896590483
3508,3.508,1.5702104080229506,59.199999999999996,0.3873014665970514
3509,3.509,1.9851493369643078,59.1,0.4000019972042678
3510,3.5100000000000002,1.6403129944275419,58.99999999999995,0.4126515317303882
3511,3.511,2.3059674434332633,58.90000000000001,0.4252472346226578
3512,3.512,1.5213265471924315,58.80000000000002,0.4377862744572421
3513,3.513,2.183444765824404,58.700000000000024,0.45026582456439834
3514,3.5140000000000002,1.4741880115157602,58.59999999999997,0.46268306365427647
3515,3.515,1.414220592896098,58.49999999999998,0.47503517644313653
3516,3.516,1.5555241475927455,58.399999999999984,0.4873193542799443
3517,3.517,1.183227508361144,58.29999999999999,0.49953279577308574
3518,3.5180000000000002,1.3160146453436747,58.199999999999996,0.511672707417161
3519,3.519,0.8878851861762029,58.10000000000001,0.5237363042196397
3520,3.52,0.840228921723867,58.000000000000014,0.53572081032737
3521,3.521,0.38401618968464424,57.90000000000002,0.5476234596526004
3522,3.5220000000000002,0.8040879752675805,57.79999999999997,0.5594414964985792
3523,3.523,0.9325621247275471,57.699999999999974,0.5711721761844416
3524,3.524,0.311744469248385,57.59999999999998,0.5828127656693685
3525,3.525,0.9533811768148384,57.499999999999986,0.5943605441757589
3526,3.5260000000000002,0.21948986060209524,57.39999999999999,0.6058128038113648
3527,3.527,0.3337514527789619,57.3,0.6171668501901844
3528,3.528,0.11632971381086271,57.2,0.6284200030520606
3529,3.529,1.346473523546543,57.10000000000001,0.6395695968807341
3530,3.5300000000000002,0.427546137194359,56.99999999999996,0.6506129815202999
3531,3.531,0.1339762484046581,56.89999999999996,0.6615475227898616
3532,3.532,0.5008094807928793,56.799999999999976,0.6723706030963291
3533,3.533,0.16589582118006418,56.70000000000004,0.6830796220451131
3534,3.5340000000000003,0.13593801526938537,56.59999999999999,0.6936719970486578
3535,3.535,0.3850603123996319,56.49999999999999,0.7041451639326346
3536,3.536,0.4090078277251715,56.4,0.7144965775396742
3537,3.537,0.45171681926524104,56.300000000000004,0.7247237123304832
3538,3.5380000000000003,0.3223983180769393,56.19999999999995,0.7348240629822215
3539,3.539,-0.11972769541523909,56.09999999999996,0.7447951449839686
3540,3.54,0.39584564159815755,56.00000000000002,0.7546344952292137
3541,3.541,-0.3605529317076129,55.90000000000003,0.764339672605133
3542,3.5420000000000003,0.4062539398311141,55.799999999999976,0.7739082585785952
3543,3.543,-0.44025182061999424,55.69999999999999,0.7833378577787011
3544,3.544,-0.30299784034630506,55.599999999999994,0.7926260985757921
3545,3.545,-0.04251637966522076,55.5,0.8017706336567002
3546,3.5460000000000003,-1.0672234633656772,55.39999999999995,0.8107691405961781
3547,3.547,0.23962237905757394,55.30000000000001,0.8196193224243126
3548,3.548,-0.8603939427435049,55.20000000000002,0.8283189081898824
3549,3.549,-0.35050934824880414,55.10000000000002,0.8368656535193795
3550,3.5500000000000003,-0.314753448438019,54.99999999999997,0.8452573411717059
3551,3.551,-1.0883404724369203,54.89999999999998,0.8534917815883057
3552,3.552,-0.9032494300456525,54.79999999999998,0.861566813438687
3553,3.553,-0.5188934958857082,54.69999999999999,0.8694803041611177
3554,3.5540000000000003,-0.02595787320600973,54.599999999999994,0.8772301504984262
3555,3.555,-0.7205350095510985,54.5,0.884814279028734
3556,3.556,-0.2916823165945912,54.400000000000006,0.8922306466910446
3557,3.557,-0.6195450734365906,54.30000000000001,0.899477241305492
3558,3.5580000000000003,-0.16097838194776687,54.19999999999997,0.9065520820881754
3559,3.559,-0.47063881260207674,54.09999999999997,0.9134532201604095
3560,3.56,-1.1006339824414235,53.99999999999998,0.9201787390523244
3561,3.561,-0.2722785347579775,53.899999999999984,0.9267267552006168
3562,3.5620000000000003,-0.5376979448088758,53.79999999999999,0.9330954184403797
3563,3.563,-1.1167278492633774,53.699999999999996,0.9392829124908687
3564,3.564,-1.2212880358948899,53.6,0.9452874554350879
3565,3.565,-0.9913054819962323,53.50000000000001,0.951107300193067
3566,3.5660000000000003,-1.4511333555564825,53.399999999999956,0.956740734988721
3567,3.567,-1.5134770767452816,53.29999999999997,0.9621860838101506
3568,3.568,-0.879084159190847,53.19999999999997,0.96744170686331
3569,3.569,-1.1148009667926266,53.09999999999998,0.9725060010188696
3570,3.5700000000000003,-0.9576993978348266,52.999999999999986,0.9773774002522013
3571,3.571,-2.0191536991652437,52.89999999999999,0.9820543760763442
3572,3.572,-1.0778599481442601,52.8,0.9865354379678697
3573,3.573,-2.114632355787918,52.7,0.9908191337854965
3574,3.5740000000000003,-1.5382748226759055,52.59999999999995,0.9949040501813735
3575,3.575,-1.2412976275754493,52.49999999999996,0.9987888130049
3576,3.576,-0.9848840569171509,52.40000000000002,1.0024720876990152
3577,3.577,-1.4979082371214025,52.300000000000026,1.0059525796887867
3578,3.5780000000000003,-1.6066863725598677,52.199999999999974,1.0092290347622588
3579,3.579,-0.9462952235299689,52.09999999999998,1.0123002394434102
3580,3.58,-0.3078374575948317,51.999999999999986,1.0151650213571537
3581,3.581,-0.17430367539075742,51.89999999999999,1.0178222495862486
3582,3.5820000000000003,-0.3148188679091338,51.79999999999994,1.020270835020047
3583,3.583,-0.07239274682304642,51.70000000000001,1.0225097306949633
3584,3.584,0.6291741265299132,51.600000000000016,1.0245379321265933
3585,3.585,0.778260506039706,51.50000000000002,1.0263544776333557
3586,3.586,0.586529158487953,51.40000000000003,1.0279584486515956
3587,3.587,0.6998530673486321,51.299999999999976,1.0293489700420397
3588,3.588,0.8969735955879548,51.19999999999998,1.030525210387521
3589,3.589,2.164347334499545,51.09999999999999,1.0314863822818903
3590,3.59,0.693751015581602,50.99999999999999,1.0322317426100183
3591,3.591,2.0124318906065173,50.9,1.0327605928188153
3592,3.592,1.5433659531951238,50.80000000000001,1.0330722791791793
3593,3.593,2.098825700558283,50.70000000000001,1.033166193038798
3594,3.594,1.9902231102948844,50.60000000000002,1.0330417710657211
3595,3.595,1.583178473794765,50.49999999999997,1.0326984954826313
3596,3.596,1.7847687209340843,50.39999999999998,1.0321358942917382
3597,3.597,1.332815333531103,50.29999999999998,1.03135354149022
3598,3.598,2.3050941540588816,50.19999999999999,1.0303510572761445
3599,3.599,0.9219080183951183,50.099999999999994,1.0291281082448036
3600,3.6,1.0619005974669598,50.0,1.0276844075753895
3601,3.601,0.9602864397720776,49.900000000000006,1.0260197152079473
3602,3.602,1.3691699172964205,49.80000000000001,1.0241338380105491
3603,3.603,1.0605194197431358,49.69999999999996,1.0220266299366212
3604,3.604,0.8046523832403748,49.599999999999966,1.0196979921723657
3605,3.605,1.482935061052205,49.49999999999997,1.0171478732742292
3606,3.606,0.633671542535668,49.400000000000034,1.0143762692963494
3607,3.607,0.2650363492384858,49.29999999999998,1.011383223907939
3608,3.608,0.5955598863772178,49.199999999999996,1.0081688285005568
3609,3.609,0.42999412899966094,49.1,1.0047332222852021
3610,3.61,0.35637630818255106,49.00000000000001,1.001076592379208
3611,3.611,0.7977278582832181,48.899999999999956,0.9971991738828742
3612,3.612,0.11439785019101101,48.80000000000002,0.9931012499458107
3613,3.613,-0.0686489599917901,48.700000000000024,0.988783151822929
3614,3.614,-0.3248885984431078,48.60000000000003,0.9842452589200739
3615,3.615,0.4400884467384465,48.49999999999998,0.9794879988292382
3616,3.616,1.167880347012368,48.399999999999984,0.9745118473533478
3617,3.617,0.507193904433085,48.29999999999999,0.9693173285205519
3618,3.618,-0.1446008190180701,48.2,0.9639050145880208
3619,3.619,1.1958573404644115,48.10000000000001,0.9582755260352344
3620,3.62,0.24331876659345447,48.000000000000014,0.9524295315467018
3621,3.621,-0.3437766836650581,47.90000000000002,0.9463677479840962
3622,3.622,1.0076161327968687,47.800000000000026,0.9400909403478237
3623,3.623,-0.2149639365080713,47.699999999999974,0.933599921727964
3624,3.624,0.24001310778552842,47.59999999999998,0.9268955532446047
3625,3.625,0.02019631561101137,47.499999999999986,0.9199787439775101
3626,3.626,-0.030092169583262975,47.39999999999999,0.9128504508851719
3627,3.6270000000000002,-0.17612144774397115,47.3,0.9055116787131877
3628,3.628,-0.04077926015965233,47.2,0.8979634798920015
3629,3.629,-0.21801100339521204,47.10000000000001,0.8902069544239438
3630,3.63,-0.6188025987392235,47.000000000000014,0.8822432497596437
3631,3.6310000000000002,-0.4248362114024966,46.89999999999996,0.8740735606637647
3632,3.632,-0.8268179271569542,46.79999999999997,0.86569912907008
3633,3.633,-0.08163094672726773,46.69999999999998,0.8571212439259044
3634,3.634,-0.5475384554852738,46.59999999999999,0.8483412410258772
3635,3.6350000000000002,-0.5847430736686478,46.49999999999999,0.8393605028351115
3636,3.636,-0.6587266347733898,46.4,0.8301804583017487
3637,3.637,-0.3108663744491651,46.300000000000004,0.8208025826588659
3638,3.638,-0.6510698174392482,46.20000000000001,0.8112283972158437
3639,3.6390000000000002,-0.28030267825469457,46.09999999999996,0.801459469139146
3640,3.64,0.015848274619491787,45.999999999999964,0.7914974112225873
3641,3.641,-0.6734299584480504,45.89999999999998,0.7813438816470372
3642,3.642,-0.5580288299200589,45.80000000000003,0.7710005837296892
3643,3.6430000000000002,-0.7895098781720142,45.69999999999999,0.7604692656628428
3644,3.644,-0.7949512549461157,45.599999999999994,0.749751720242293
3645,3.645,-0.7183497412231061,45.5,0.7388497845852868
3646,3.646,-1.2089408848697427,45.400000000000006,0.727765339838152
3647,3.6470000000000002,-1.4169042699235985,45.299999999999955,0.7165003108736399
3648,3.648,-1.6150313943903156,45.19999999999996,0.7050566659779782
3649,3.649,-0.9862776511985345,45.10000000000002,0.6934364165276701
3650,3.65,-0.9306580852183901,45.00000000000003,0.6816416166561683
3651,3.6510000000000002,-1.0445571101283617,44.89999999999998,0.6696743629103874
3652,3.652,-1.7159469691408946,44.79999999999998,0.6575367938971766
3653,3.653,-1.7905571828343272,44.69999999999999,0.6452310899197096
3654,3.654,-1.9137554265080707,44.599999999999994,0.6327594726039711
3655,3.6550000000000002,-2.565942752715525,44.5,0.6201242045153
3656,3.656,-1.085156412859532,44.400000000000006,0.6073275887651237
3657,3.657,-1.5839151142586807,44.30000000000002,0.59437196860785
3658,3.658,-0.9855120619841164,44.200000000000024,0.5812597270281042
3659,3.6590000000000003,-1.0169543375605552,44.09999999999997,0.5679932863182879
3660,3.66,-1.0762951580292248,43.99999999999998,0.5545751076465646
3661,3.661,-1.3409704610832822,43.899999999999984,0.5410076906153439
3662,3.662,-1.377464427432166,43.79999999999999,0.5272935728103327
3663,3.6630000000000003,-0.8136309476897516,43.699999999999996,0.5134353293402282
3664,3.664,0.03887205598053878,43.6,0.4994355723671714
3665,3.665,-0.5310823123716597,43.50000000000001,0.4852969506279413
3666,3.666,0.007940033001833574,43.40000000000002,0.47102214894610883
3667,3.6670000000000003,-0.20115398522846945,43.29999999999997,0.4566138877351295
3668,3.668,0.42514122024676554,43.199999999999974,0.44207492249254365
3669,3.669,0.34961905320177245,43.09999999999998,0.42740804328526455
3670,3.67,0.04641231933846002,42.999999999999986,0.4126160742261868
3671,3.6710000000000003,1.3643202881675571,42.89999999999999,0.39770187294209675
3672,3.672,0.8486393995615112,42.8,0.3826683300330697
3673,3.673,1.8683613469124678,42.7,0.3675183685233417
3674,3.674,1.7566872114471241,42.60000000000001,0.3522549433038586
3675,3.6750000000000003,2.077096802604257,42.49999999999996,0.3368810405666039
3676,3.676,1.6884479028317307,42.39999999999996,0.32139967723074575
3677,3.677,1.0689985473330177,42.29999999999997,0.30581390036070544
3678,3.678,1.6874470253905076,42.20000000000003,0.2901267865763608
3679,3.6790000000000003,1.5775130595412432,42.09999999999998,0.27434144145538525
3680,3.68,1.6969020799950059,41.999999999999986,0.25846099892792446
3681,3.681,2.5017392791555624,41.89999999999999,0.24248862066360494
3682,3.682,1.4811848339843126,41.8,0.22642749545114513
3683,3.6830000000000003,1.5938021976985577,41.699999999999946,0.21028083857056554
3684,3.684,0.8754620959143464,41.59999999999995,0.19405189115821203
3685,3.685,1.2734814542730475,41.50000000000002,0.17774391956458968
3686,3.686,1.072671479495551,41.40000000000002,0.1613602147052899
3687,3.6870000000000003,1.7228158800563493,41.299999999999976,0.14490409140501936
3688,3.688,1.0689089725472218,41.19999999999998,0.12837888773490627
3689,3.689,0.8314497186836339,41.09999999999999,0.11178796434320733
3690,3.69,0.7515762659247469,40.99999999999999,0.09513470377954668
3691,3.6910000000000003,1.5355499537180357,40.89999999999995,0.07842250981281274
3692,3.692,1.1250629182017886,40.80000000000001,0.061654806742898215
3693,3.693,0.17152629702860922,40.70000000000002,0.04483503870629703
3694,3.694,0.9133170668159336,40.60000000000002,0.027966668975861225
3695,3.6950000000000003,0.15714654220859436,40.49999999999997,0.011053179254727355
3696,3.696,0.48833788303652437,40.39999999999998,-0.005901931035346665
3697,3.697,0.158750874020481,40.29999999999998,-0.022895145471223257
3698,3.698,-0.2409272467787832,40.19999999999999,-0.03992293135089397
3699,3.6990000000000003,0.5113802353221533,40.099999999999994,-0.05698174042124147
3700,3.7,0.6313473215924562,40.0,-0.07406800961079814
3701,3.701,0.43835019999226255,39.900000000000006,-0.09117816176753545
3702,3.702,0.15982100836222543,39.80000000000001,-0.10830860640124015
3703,3.7030000000000003,0.9305816824973627,39.69999999999996,-0.12545574043062607
3704,3.704,0.30898729963196625,39.599999999999966,-0.14261594893480078
3705,3.705,0.4001248376430837,39.49999999999997,-0.1597856059091179
3706,3.706,-0.15680048725737342,39.39999999999998,-0.17696107502508016
3707,3.7070000000000003,0.40346197306426645,39.29999999999998,-0.1941387103942717
3708,3.708,-0.0074519259538554684,39.19999999999999,-0.21131485733605793
3709,3.709,0.5170044940292184,39.099999999999994,-0.22848585314902897
3710,3.71,0.08460397828955646,39.00000000000001,-0.24564802788585519
3711,3.7110000000000003,-0.30837641608376204,38.899999999999956,-0.2627977051315283
3712,3.712,0.21026170814581902,38.79999999999996,-0.27993120278472255
3713,3.713,-0.1221826671959654,38.69999999999997,-0.29704483384224645
3714,3.714,-0.4826704158829309,38.60000000000003,-0.3141349071862495
3715,3.715,-0.0379032986407028,38.500000000000036,-0.33119772837413797
3716,3.716,-0.3972451399167925,38.39999999999999,-0.3482296004310354
3717,3.717,-0.6941432761023338,38.29999999999999,-0.36522682464445816
3718,3.718,-0.20882114261575108,38.2,-0.3821857013613216
3719,3.719,-0.34638832956439436,38.10000000000001,-0.39910253078682106
3720,3.72,-0.5812511281405315,37.99999999999996,-0.415973613785195
3721,3.721,-1.1879054368276778,37.90000000000002,-0.4327952526820922
3722,3.722,0.06677663316215254,37.800000000000026,-0.44956375206850296
3723,3.723,-1.035450179554113,37.70000000000003,-0.466275419605915
3724,3.724,-0.46902666692269673,37.59999999999998,-0.48292656683264984
3725,3.725,-1.697465722677921,37.499999999999986,-0.49951350997111144
3726,3.726,-0.638717835497366,37.39999999999999,-0.5160325707358964
3727,3.727,-0.6895432379378188,37.3,-0.5324800771424303
3728,3.728,0.07227444991592458,37.2,-0.5488523643160758
3729,3.729,-1.2260627486777897,37.10000000000001,-0.565145775301483
3730,3.73,-0.9656725552352229,37.000000000000014,-0.5813566618720198
3731,3.731,-1.112811027357444,36.90000000000002,-0.597481385339096
3732,3.732,-1.7789286594014357,36.79999999999997,-0.6135163173612161
3733,3.733,-0.9566287535112459,36.699999999999974,-0.6294578407525357
3734,3.734,-1.003181472294221,36.59999999999998,-0.6453023502908548
3735,3.735,-2.1957862111976953,36.499999999999986,-0.6610462535247197
3736,3.736,-1.016067722334844,36.4,-0.6766859715795709
3737,3.737,-1.6278753349990984,36.300000000000004,-0.6922179399626744
3738,3.738,-1.8652609569356435,36.20000000000001,-0.7076386093667688
3739,3.739,-2.083932535686018,36.10000000000002,-0.7229444464721034
3740,3.74,-1.7888372742870104,35.999999999999964,-0.7381319347468073
3741,3.741,-1.6421025484011944,35.89999999999998,-0.7531975752453164
3742,3.742,-1.6937906532450393,35.79999999999998,-0.768137887404803
3743,3.743,-1.1332831874950267,35.69999999999999,-0.7829494098392681
3744,3.744,-0.7368884664484229,35.599999999999994,-0.7976287011312777
3745,3.745,-1.656419504963477,35.5,-0.8121723406209754
3746,3.746,-0.9365476437792052,35.400000000000006,-0.8265769291924435
3747,3.747,-0.38978822373106115,35.30000000000001,-0.8408390900569818
3748,3.748,-0.541977131735969,35.19999999999996,-0.85495546953329
3749,3.749,-0.8229465963064142,35.099999999999966,-0.8689227378242793
3750,3.75,0.7177215339889702,35.00000000000003,-0.8827375897904415
3751,3.751,-0.17757222813609294,34.900000000000034,-0.8963967457194685
3752,3.7520000000000002,0.46622675980959993,34.79999999999998,-0.9098969520920502
3753,3.753,0.6194661787318249,34.69999999999999,-0.923234982343591
3754,3.754,0.9805691339423359,34.599999999999994,-0.9364076376217797
3755,3.755,0.8312117697618856,34.5,-0.9494117475397008
3756,3.7560000000000002,1.0230445327936786,34.399999999999956,-0.9622441709244135
3757,3.757,1.5306847520905287,34.30000000000001,-0.9749017965607799
3758,3.758,1.8925183760252648,34.20000000000002,-0.987381543930385
3759,3.759,2.325243821108533,34.10000000000002,-0.999680363945364
3760,3.7600000000000002,1.1444188559580941,33.99999999999998,-1.0117952396769738
3761,3.761,1.04369227127762,33.89999999999998,-1.0237231870787096
3762,3.762,1.9755020242369312,33.79999999999998,-1.0354612557038703
3763,3.763,2.1250758594511874,33.69999999999999,-1.047006529417298
3764,3.7640000000000002,1.2763346508512075,33.60000000000001,-1.0583561271012087
3765,3.765,1.095818322904329,33.500000000000014,-1.0695072033548778
3766,3.766,1.5458036273772282,33.40000000000002,-1.0804569491881104
3767,3.767,0.4033321136682976,33.300000000000026,-1.0912025927082059
3768,3.7680000000000002,1.5297977454207965,33.199999999999974,-1.1017413998003536
3769,3.769,0.8539082820057055,33.09999999999998,-1.1120706748012237
3770,3.77,1.0661368529545272,32.999999999999986,-1.1221877611656697
3771,3.771,0.8139953349433041,32.89999999999999,-1.132090042126309
3772,3.7720000000000002,0.4298310391476447,32.8,-1.1417749413458296
3773,3.773,0.20976591589157845,32.7,-1.1512399235619035
3774,3.774,0.43779202539061246,32.60000000000001,-1.1604824952245456
3775,3.775,0.24152731263112381,32.500000000000014,-1.1695002051257055
3776,3.7760000000000002,-0.01612068034901648,32.39999999999996,-1.1782906450210024
3777,3.777,-0.2721983677451921,32.29999999999997,-1.1868514502433953
3778,3.778,0.7072762537286015,32.199999999999974,-1.1951803003087078
3779,3.779,-0.015966048953993672,32.09999999999998,-1.2032749195127677
3780,3.7800000000000002,1.6541992094249862,31.999999999999986,-1.2111330775200864
3781,3.781,0.3942226800211705,31.9,-1.218752589943873
3782,3.782,0.28618268431904686,31.800000000000004,-1.2261313189173084
3783,3.783,0.3800131107959193,31.70000000000001,-1.2332671736558516
3784,3.7840000000000003,0.6913416322879796,31.59999999999996,-1.2401581110104962
3785,3.785,0.5643068063851487,31.499999999999964,-1.2468021360118116
3786,3.786,0.05464563973298475,31.39999999999997,-1.253197302404636
3787,3.787,-0.7116028652878308,31.30000000000003,-1.2593417131732827
3788,3.7880000000000003,0.400344021811285,31.19999999999998,-1.2652335210571228
3789,3.789,0.48652788403023445,31.099999999999987,-1.270870929056402
3790,3.79,0.18811588145109392,30.999999999999996,-1.2762521909281943
3791,3.791,0.19980348611820917,30.900000000000002,-1.2813756116723105
3792,3.7920000000000003,-0.6817471793311805,30.79999999999995,-1.286239548007076
3793,3.793,0.2798921079872303,30.700000000000014,-1.2908424088348245
3794,3.794,0.25773464099422505,30.60000000000002,-1.295182655697014
3795,3.795,0.4743274158443937,30.500000000000025,-1.2992588032188066
3796,3.7960000000000003,-0.08913434870438175,30.399999999999974,-1.3030694195430197
3797,3.797,-0.9198872559170763,30.29999999999998,-1.3066131267533116
3798,3.798,-0.7592977677187354,30.19999999999999,-1.3098886012865147
3799,3.799,-0.6590641398681027,30.099999999999994,-1.3128945743339644
3800,3.8000000000000003,-0.40382508976879444,30.0,-1.3156298322317415
3801,3.801,-0.4713490258958074,29.900000000000006,-1.3180932168397
3802,3.802,-0.8420534201217207,29.80000000000001,-1.3202836259092015
3803,3.803,-0.9943304113396776,29.700000000000017,-1.322200013439413
3804,3.8040000000000003,-0.4946248403027394,29.599999999999966,-1.3238413900220982
3805,3.805,-0.13632513256362294,29.49999999999997,-1.3252068231747813
3806,3.806,-0.3328414798749437,29.399999999999977,-1.3262954376622043
3807,3.807,-0.7343619850708152,29.29999999999999,-1.3271064158059658
3808,3.8080000000000003,-0.856573814733731,29.199999999999996,-1.3276389977822582
3809,3.809,-0.852437636782478,29.1,-1.3278924819076106
3810,3.81,-0.6292045176912259,29.000000000000007,-1.3278662249125497
3811,3.811,-0.9181829033403973,28.900000000000013,-1.3275596422030937
3812,3.8120000000000003,-0.3491834646618053,28.79999999999996,-1.3269722081099966
3813,3.813,-0.6848117679272645,28.699999999999967,-1.3261034561256575
3814,3.814,-1.4613068718835114,28.599999999999973,-1.3249529791286323
3815,3.815,-1.318797351013522,28.49999999999998,-1.3235204295956517
3816,3.8160000000000003,-1.4590465395336654,28.399999999999988,-1.3218055198010898
3817,3.817,-1.7652242774258722,28.299999999999994,-1.3198080220038066
3818,3.818,-1.9045334039835424,28.2,-1.3175277686212958
3819,3.819,-1.7491414674969694,28.100000000000005,-1.314964652391078
3820,3.8200000000000003,-1.3508107175490005,27.999999999999957,-1.3121186265192744
3821,3.821,-1.759780315897442,27.899999999999963,-1.3089897048163062
3822,3.822,-1.3024216335924919,27.79999999999997,-1.3055779618196512
3823,3.823,-1.6567687998070983,27.70000000000003,-1.3018835329036205
3824,3.8240000000000003,-1.104464368850918,27.59999999999998,-1.297906614376093
3825,3.825,-1.413164834025356,27.499999999999986,-1.293647463562171
3826,3.826,-1.5293840352830645,27.39999999999999,-1.2891063988746894
3827,3.827,-0.632051382346789,27.299999999999997,-1.284283799871554
3828,3.8280000000000003,-1.4871492115885063,27.199999999999946,-1.2791801072998834
3829,3.829,-0.8391601493696188,27.09999999999995,-1.2737958231268858
3830,3.83,-0.9367354741924089,27.000000000000014,-1.26813151055744
3831,3.831,-1.1836039571367247,26.90000000000002,-1.2621877940383837
3832,3.8320000000000003,0.029176134030644008,26.79999999999997,-1.2559653592494417
3833,3.833,-0.3194001802082349,26.69999999999998,-1.2494649530808033
3834,3.834,0.5691472807775614,26.599999999999987,-1.242687383597278
3835,3.835,-0.16759650286009165,26.499999999999993,-1.2356335199890698
3836,3.8360000000000003,1.1293763263358985,26.4,-1.2283042925091068
3837,3.837,0.7452323513606035,26.300000000000004,-1.2207006923969503
3838,3.838,0.9173926559231907,26.20000000000001,-1.212823771789217
3839,3.839,1.3521065460404351,26.100000000000016,-1.2046746436165765
3840,3.84,1.193443115915608,26.00000000000003,-1.1962544814872706
3841,3.841,1.8452269092483287,25.89999999999997,-1.1875645195571674
3842,3.842,1.9025856475283587,25.799999999999983,-1.1786060523863504
3843,3.843,1.8467176093973758,25.69999999999999,-1.1693804347822536
3844,3.844,1.7922988261170032,25.599999999999994,-1.1598890816293386
3845,3.845,1.4824953065362056,25.5,-1.1501334677053252
3846,3.846,1.6293802954453522,25.400000000000006,-1.1401151274840196
3847,3.847,1.6992422004487562,25.30000000000001,-1.1298356549246782
3848,3.848,1.8260515489305076,25.200000000000017,-1.119296703248029
3849,3.849,1.5934325931180926,25.099999999999966,-1.1084999846988899
3850,3.85,1.6691511055911141,24.99999999999997,-1.0974472702954743
3851,3.851,0.5353583529502322,24.899999999999977,-1.086140389565324
3852,3.852,1.229845473766742,24.80000000000004,-1.07458123026801
3853,3.853,1.2403393607381843,24.69999999999999,-1.0627717381045465
3854,3.854,1.2877794912114628,24.599999999999994,-1.0507139164136348
3855,3.855,1.0474612147273914,24.5,-1.038409825854637
3856,3.856,0.14196531575655058,24.400000000000006,-1.025861584077546
3857,3.857,0.5335330368711991,24.299999999999955,-1.0130713653797654
3858,3.858,-0.044712938812766945,24.19999999999996,-1.0000414003499276
3859,3.859,0.09153325310029226,24.10000000000003,-0.9867739754986558
3860,3.86,0.7718122048698332,24.000000000000036,-0.9732714328764626
3861,3.861,0.18109990681793386,23.899999999999984,-0.9595361696787374
3862,3.862,1.1766157463164924,23.79999999999999,-0.9455706378379681
3863,3.863,0.2633620253015321,23.699999999999996,-0.9313773436031483
3864,3.864,-0.06224861681871974,23.6,-0.9169588471065742
3865,3.865,0.7387812155910671,23.49999999999995,-0.9023177619179938
3866,3.866,0.2644152851112144,23.40000000000002,-0.8874567545862634
3867,3.867,0.5242170956549039,23.300000000000026,-0.8723785441684713
3868,3.868,0.7705895812061825,23.20000000000003,-0.8570859017467647
3869,3.869,-0.544016584966815,23.09999999999998,-0.841581649932792
3870,3.87,0.26677208702310656,22.999999999999986,-0.8258686623600564
3871,3.871,0.6019650983091018,22.89999999999999,-0.8099498631639876
3872,3.872,0.25479871691989786,22.799999999999997,-0.7938282264500922
3873,3.873,0.06785125148770105,22.700000000000003,-0.7775067757501081
3874,3.874,0.615693065576017,22.60000000000001,-0.7609885834663583
3875,3.875,0.03796030367427715,22.500000000000014,-0.7442767703042766
3876,3.876,-0.5027036068969162,22.40000000000002,-0.7273745046933654
3877,3.8770000000000002,0.10036966068200687,22.29999999999997,-0.7102850021965641
3878,3.878,-1.159359812827411,22.199999999999974,-0.6930115249082308
3879,3.879,-0.5998328533508696,22.09999999999998,-0.6755573808407142
3880,3.88,-0.10363922086925503,21.999999999999986,-0.6579259232997963
3881,3.8810000000000002,-1.1510795836438101,21.89999999999999,-0.6401205502489975
3882,3.882,0.14157059602847677,21.799999999999997,-0.6221447036629048
3883,3.883,-0.3718968906145239,21.700000000000003,-0.6040018688696475
3884,3.884,-0.4554899963724899,21.600000000000016,-0.5856955738826313
3885,3.8850000000000002,-0.6081535641774003,21.499999999999964,-0.5672293887216547
3886,3.886,-0.4358204566105191,21.39999999999997,-0.5486069247235912
3887,3.887,-0.9988974774683037,21.299999999999976,-0.5298318338426259
3888,3.888,0.0557295260600269,21.19999999999998,-0.510907807940369
3889,3.8890000000000002,0.35624788734932655,21.099999999999987,-0.49183857806583153
3890,3.89,-0.8719567745603638,20.999999999999993,-0.47262791372551505
3891,3.891,-0.3319694541334031,20.9,-0.4532796221436064
3892,3.892,-0.9777109618337562,20.800000000000004,-0.43379754751260735
3893,3.8930000000000002,-0.28685129316197844,20.699999999999953,-0.414185570234396
3894,3.894,-0.6305242599648788,20.599999999999966,-0.3944476061519823
3895,3.895,-0.5748698845529363,20.50000000000003,-0.3745876057719533
3896,3.896,-0.6954242286489409,20.400000000000034,-0.35460955347796513
3897,3.8970000000000002,-1.4330862439578178,20.299999999999983,-0.33451746673522104
3898,3.898,-0.9673801658148655,20.19999999999999,-0.314315395286363
3899,3.899,-2.18626686506172,20.099999999999994,-0.2940074203385742
3900,3.9,-0.6718198630516933,20.0,-0.2735976537424076
3901,3.9010000000000002,-0.7058220763056959,19.89999999999995,-0.25309023716228146
3902,3.902,-0.8731391610147076,19.80000000000001,-0.23248934123894097
3903,3.903,-1.7867148561482957,19.700000000000017,-0.2117991647438921
3904,3.904,-1.7520059662080059,19.600000000000023,-0.1910239337261804
3905,3.9050000000000002,-2.1821320983651233,19.49999999999997,-0.1701679006515252
3906,3.906,-1.3801923008747388,19.399999999999977,-0.1492353435341062
3907,3.907,-1.5402973042837054,19.299999999999983,-0.12823056506101496
3908,3.908,-1.7439480468691861,19.19999999999999,-0.1071578917097546
3909,3.9090000000000003,-1.5497784455733992,19.099999999999994,-0.08602167285881508
3910,3.91,-1.5194030432089132,19.000000000000007,-0.06482627989156642
3911,3.911,-1.3916670702791765,18.900000000000013,-0.0435761052936453
3912,3.912,-0.7879820257026255,18.80000000000002,-0.02227556174401938
3913,3.9130000000000003,0.006460362603794123,18.699999999999967,-0.0009290811999074383
3914,3.914,-0.3640619488115365,18.599999999999973,0.020458886024192727
3915,3.915,0.28779608619352437,18.49999999999998,0.041883872183335176
3916,3.916,-0.173933754210846,18.399999999999984,0.06334139303441282
3917,3.9170000000000003,0.6513572840370602,18.29999999999999,0.08482694877387432
3918,3.918,0.4182280604840916,18.199999999999996,0.10633602498054893
3919,3.919,0.8052865827239134,18.10000000000001,0.12786409356355052
3920,3.92,0.42706086548590416,18.000000000000014,0.14940661371485145
3921,3.9210000000000003,1.0422703092661814,17.899999999999963,0.1709590328664947
3922,3.922,0.36468586061749153,17.79999999999997,0.19251678765211536
3923,3.923,0.9089068933028839,17.699999999999974,0.21407530487273915
3924,3.924,0.443302586971666,17.59999999999998,0.23563000246643043
3925,3.9250000000000003,1.443352437686357,17.499999999999986,0.2571762904818167
3926,3.926,1.7075543468468837,17.39999999999999,0.2787095720549992
3927,3.927,1.3970085191458166,17.300000000000004,0.3002252443900198
3928,3.928,1.8374904943330634,17.200000000000003,0.3217186997423078
3929,3.9290000000000003,1.7362359741073052,17.09999999999996,0.3431853264051262
3930,3.93,1.5413836436513801,16.999999999999964,0.36462050969867243
3931,3.931,1.5842497188661095,16.90000000000002,0.3860196329617862
3932,3.932,1.1970723187134542,16.800000000000026,0.4073780785458453
3933,3.9330000000000003,1.4984676591901929,16.69999999999998,0.42869122881079874
3934,3.934,0.800220874309441,16.59999999999998,0.44995446712300086
3935,3.935,0.7793172573021518,16.499999999999986,0.4711631788547954
3936,3.936,1.1455985814070258,16.4,0.49231275238542566
3937,3.9370000000000003,1.228030133107197,16.299999999999947,0.5133985801032085
3938,3.938,1.2724688946818619,16.20000000000001,0.5344160594086939
3939,3.939,1.3244327327729146,16.100000000000016,0.5553605937186014
3940,3.94,0.4823014367923086,16.00000000000002,0.5762275934703128
3941,3.9410000000000003,1.0241354958756446,15.89999999999997,0.5970124771267148
3942,3.942,0.6131623584242535,15.799999999999976,0.6177106721811064
3943,3.943,0.9567788764764305,15.699999999999982,0.638317616162109
3944,3.944,0.543794841064716,15.599999999999987,0.6588287576381483
3945,3.9450000000000003,0.15936817018270216,15.5,0.6792395572214549
3946,3.946,0.909017725014611,15.400000000000006,0.6995454885712382
3947,3.947,0.9619815843285834,15.300000000000011,0.7197420393959733
3948,3.948,0.47068053955343087,15.200000000000017,0.7398247124543772
3949,3.9490000000000003,0.3576638102403712,15.099999999999966,0.7597890265550157
3950,3.95,0.07784772775636573,14.999999999999972,0.7796305175541961
3951,3.951,0.22666547677118754,14.899999999999977,0.7993447393520835
3952,3.952,-0.22082302714152524,14.799999999999983,0.818927264886612
3953,3.9530000000000003,0.6866695054480898,14.699999999999996,0.8383736871251798
3954,3.954,-0.1915828894690892,14.600000000000001,0.8576796200536545
3955,3.955,0.03080893845429636,14.500000000000007,0.876840699662802
3956,3.956,0.5827796479059462,14.400000000000013,0.8958525849315888
3957,3.9570000000000003,0.04767488933938833,14.299999999999962,0.9147109588073439
3958,3.958,0.1740676220051908,14.199999999999967,0.9334115291824373
3959,3.959,0.5132539900097866,14.099999999999973,0.9519500298674044
3960,3.96,-0.40995252101386387,13.999999999999979,0.9703222215601083
3961,3.9610000000000003,-0.20024678434003687,13.899999999999984,0.9885238928108683
3962,3.962,-0.24479125608085922,13.79999999999999,1.0065508609832308
3963,3.963,-0.07270258705429317,13.699999999999996,1.0243989732102983
3964,3.964,-0.5556665303212613,13.600000000000001,1.0420641073462291
3965,3.9650000000000003,-0.534071682235399,13.49999999999995,1.0595421729128178
3966,3.966,-0.6335702660699699,13.399999999999956,1.0768291120408873
3967,3.967,-1.1389981644322982,13.299999999999962,1.0939209004062902
3968,3.968,-0.9742701082272502,13.200000000000024,1.110813548160297
3969,3.969,0.2729954572624116,13.100000000000037,1.127503100854161
3970,3.97,-0.55863215950465,12.999999999999979,1.1439856403576536
3971,3.971,-0.03415884339546016,12.899999999999991,1.1602572857713105
3972,3.972,-0.6010062306697999,12.799999999999997,1.1763141943322957
3973,3.973,-0.5401175278621839,12.700000000000003,1.1921525623135134
3974,3.974,-0.35380861321400126,12.600000000000009,1.2077686259158862
3975,3.975,-1.1302864162637882,12.500000000000014,1.2231586621534978
3976,3.976,-0.5514354005063793,12.40000000000002,1.2383189897315157
3977,3.977,-0.600302909899188,12.300000000000026,1.2532459699165346
3978,3.978,-0.5577422226489405,12.199999999999974,1.2679360073992594
3979,3.979,-1.4113053249671679,12.099999999999987,1.2823855511492273
3980,3.98,-1.1398864091976306,11.999999999999993,1.2965910952615223
3981,3.981,-1.4566252829909754,11.899999999999999,1.3105491797950448
3982,3.982,-1.304225841464423,11.800000000000004,1.32425639160237
3983,3.983,-1.6995799921692818,11.70000000000001,1.3377093651508334
3984,3.984,-1.6239106770050658,11.600000000000016,1.3509047833347838
3985,3.985,-1.0709447989024903,11.500000000000021,1.3638393782786673
3986,3.986,-2.0757255817857976,11.39999999999997,1.3765099321308658
3987,3.987,-1.4589530823477368,11.299999999999976,1.3889132778480147
3988,3.988,-1.4387288844113977,11.199999999999982,1.4010462999697135
3989,3.989,-1.6361968507821547,11.099999999999987,1.4129059353833164
3990,3.99,-1.6008357997177298,10.999999999999993,1.4244891740787182
3991,3.991,-1.6725530273010356,10.899999999999999,1.4357930598928803
3992,3.992,-2.23463447721788,10.800000000000004,1.4468146912440045
3993,3.993,-1.8833422216282734,10.70000000000001,1.4575512218550646
3994,3.994,-1.301354809226621,10.599999999999959,1.4679998614666052
3995,3.995,-0.9600780368219167,10.499999999999964,1.4781578765385885
3996,3.996,-0.7462611034448237,10.39999999999997,1.4880225909411362
3997,3.997,-0.8107106191572174,10.30000000000004,1.4975913866339834
3998,3.998,-0.559279900202034,10.199999999999989,1.5068617043344843
3999,3.999,-0.49433553715106077,10.099999999999994,1.5158310441739766
4000,4.0,-0.3333654227123472,10.0,1.5244969663424104
4001,4.001,0.058654340332207455,10.100000000000051,1.5328570917209843
4002,4.002,0.7385571051314377,10.199999999999989,1.5409091025026802
4003,4.003,0.11480915178483131,10.30000000000004,1.5486507428005905
4004,4.0040000000000004,0.9124409387963717,10.400000000000034,1.5560798192437357
4005,4.005,1.3939990263258508,10.499999999999964,1.5631942015603866
4006,4.006,1.9852094336672073,10.600000000000016,1.5699918231486607
4007,4.007,1.4533654159428255,10.699999999999953,1.576470681634186
4008,4.008,1.855411342298143,10.800000000000004,1.5826288394148504
4009,4.009,2.229914986476277,10.900000000000055,1.58846442419231
4010,4.01,2.025226620975789,10.999999999999993,1.5939756294902474
4011,4.011,1.2670650799286731,11.099999999999987,1.5991607151592167
4012,4.0120000000000005,1.5140152930559458,11.200000000000038,1.604018007867865
4013,4.013,1.594284889117162,11.299999999999976,1.6085459015805141
4014,4.014,1.4877523456383246,11.40000000000002,1.6127428580209067
4015,4.015,1.2704866380561473,11.499999999999964,1.6166074071219683
4016,4.016,1.5627543699593789,11.600000000000016,1.620138147461551
4017,4.017,1.6674743768722542,11.70000000000001,1.623333746683938
4018,4.018,1.1672698148090157,11.800000000000004,1.6261929419070646
4019,4.019,1.7786491758088756,11.899999999999999,1.6287145401153222
4020,4.0200000000000005,1.175706430982762,12.000000000000043,1.6308974185377998
4021,4.021,1.348005855843904,12.09999999999998,1.632740525011911
4022,4.022,1.1615419014545463,12.200000000000038,1.6342428783322682
4023,4.023,0.7231012268329203,12.299999999999969,1.635403568584696
4024,4.024,0.9906982602297782,12.40000000000002,1.636221757465317
4025,4.025,1.1343757291446384,12.500000000000014,1.6366966785845778
4026,4.026,0.09874599941339535,12.600000000000009,1.6368276377561541
4027,4.027,0.6921018141570094,12.700000000000003,1.6366140132706224
4028,4.0280000000000005,0.8671166923444189,12.800000000000054,1.6360552561538262
4029,4.029,0.9936176730276288,12.899999999999991,1.6351508904098528
4030,4.03,0.12787351143491515,13.000000000000043,1.633900513248526
4031,4.031,0.3232714597177687,13.099999999999973,1.6323037952973698
4032,4.032,-0.33832915581277745,13.200000000000024,1.6303604807979297
4033,4.033,0.49417127299544467,13.300000000000018,1.6280703877864247
4034,4.034,-0.05791863132834718,13.399999999999956,1.6254334082586275
4035,4.035,-0.1428820100055732,13.500000000000007,1.6224495083189268
4036,4.0360000000000005,0.8655867994977304,13.600000000000058,1.6191187283135178
4037,4.037,-0.15758801057968813,13.699999999999996,1.6154411829476631
4038,4.038,0.8582673394414781,13.800000000000047,1.6114170613869359
4039,4.039,0.08168195696278138,13.899999999999984,1.607046627342478
4040,4.04,-0.03979022532816276,13.999999999999979,1.6023302191401128
4041,4.041,-0.06278199540252938,14.100000000000023,1.5972682497734003
4042,4.042,-0.3896338656576058,14.199999999999967,1.5918612069404816
4043,4.043,-0.0834356948383793,14.300000000000011,1.586109653064726
4044,4.0440000000000005,-0.3645148296701729,14.400000000000063,1.5800142252991929
4045,4.045,-0.8111520821835434,14.500000000000007,1.5735756355147934
4046,4.046,-0.6734786887218496,14.600000000000051,1.5667946702721598
4047,4.047,-0.5530832104715567,14.699999999999996,1.559672190777281
4048,4.048,0.17846435167815888,14.799999999999983,1.5522091328207177
4049,4.049,-0.8660573608752866,14.900000000000034,1.5444065067005868
4050,4.05,-0.4087063510684166,14.999999999999972,1.5362653971291145
4051,4.051,-0.4338899969976284,15.100000000000023,1.5277869631228738
4052,4.0520000000000005,-0.28653338367909503,15.200000000000074,1.5189724378766987
4053,4.053,0.0720902552586834,15.300000000000011,1.509823128621195
4054,4.054,-0.8595443954188664,15.400000000000006,1.5003404164638903
4055,4.055,-0.7089751289448809,15.5,1.490525756214137
4056,4.056,-0.2920370919559597,15.599999999999994,1.4803806761915432
4057,4.057,-1.2972457125353958,15.700000000000038,1.4699067780182307
4058,4.058,-0.7445806839072535,15.799999999999976,1.4591057363947058
4059,4.059,-0.5145740139733495,15.900000000000027,1.4479792988594415
4060,4.0600000000000005,-0.6355950364299352,16.00000000000002,1.4365292855323173
4061,4.061,-1.1903315197064361,16.100000000000016,1.4247575888417414
4062,4.062,-0.45468757180608943,16.20000000000001,1.4126661732355859
4063,4.063,-0.9850757071052294,16.299999999999947,1.400257074876059
4064,4.064,-0.5194784205538501,16.39999999999999,1.3875324013183892
4065,4.065,-0.8002643221850794,16.50000000000005,1.374494331173467
4066,4.066,-0.4938250218018123,16.59999999999998,1.3611451137545107
4067,4.067,-1.6837916465162044,16.70000000000003,1.3474870687076586
4068,4.0680000000000005,-1.6230661781340714,16.800000000000026,1.3335225856268094
4069,4.069,-1.466198860526255,16.90000000000002,1.3192541236524877
4070,4.07,-1.4291008309398987,17.000000000000014,1.3046842110549157
4071,4.071,-1.5158912565618796,17.09999999999995,1.2898154448015016
4072,4.072,-1.7123738573226919,17.200000000000003,1.2746504901084637
4073,4.073,-1.6372090100078718,17.300000000000054,1.2591920799770853
4074,4.074,-1.3511338159069954,17.4,1.243443014714326
4075,4.075,-2.6621586839837343,17.500000000000043,1.2274061614379976
4076,4.0760000000000005,-1.9823743089817345,17.600000000000037,1.2110844535667522
4077,4.077,-1.0955333448708926,17.699999999999974,1.194480890294633
4078,4.078,-1.3980009724014304,17.800000000000026,1.1775985360505434
4079,4.079,-0.823843176516754,17.899999999999963,1.1604405199427272
4080,4.08,-0.893438407143867,18.000000000000014,1.1430100351880708
4081,4.081,-0.41444801040585766,18.100000000000065,1.125310338526776
4082,4.082,-0.0024935234679869245,18.199999999999996,1.1073447496221032
4083,4.083,0.3850820585328709,18.29999999999999,1.0891166504454466
4084,4.0840000000000005,0.06308781462537054,18.40000000000004,1.0706294846470286
4085,4.085,0.21772821660301878,18.49999999999998,1.0518867569119998
4086,4.086,0.08457298860076201,18.60000000000003,1.0328920323022222
4087,4.087,0.9176714529459784,18.699999999999967,1.0136489355840475
4088,4.088,0.8086660644121896,18.80000000000002,0.9941611505417453
4089,4.089,0.7930740815269737,18.90000000000007,0.9744324192772781
4090,4.09,1.571339428826429,19.000000000000007,0.9544665414960755
4091,4.091,0.8035602151854685,19.099999999999994,0.9342673737791446
4092,4.0920000000000005,1.5014425400633085,19.200000000000053,0.9138388288417701
4093,4.093,1.0061859390540158,19.299999999999983,0.8931848747787473
4094,4.094,1.6717579012760233,19.400000000000034,0.8723095342962566
4095,4.095,2.3451606962402227,19.49999999999997,0.8512168839308965
4096,4.096,1.3319269979052775,19.600000000000023,0.8299110532554401
4097,4.097,1.6093425279252926,19.700000000000017,0.8083962240721079
4098,4.098,1.683831267464426,19.80000000000001,0.7866766295929908
4099,4.099,1.6031537716534334,19.900000000000006,0.7647565536079872
4100,4.1,2.401821545491668,19.999999999999943,0.7426403296406376
4101,4.101,1.5364731422817215,20.099999999999994,0.7203323400914816
4102,4.102,1.4131806385354397,20.200000000000045,0.6978370153697572
4103,4.103,0.8941783925302753,20.299999999999983,0.6751588330130683
4104,4.104,0.6080995984200848,20.400000000000034,0.6523023167954121
4105,4.105,1.2757751563656048,20.50000000000003,0.6292720358239585
4106,4.106,0.9881093898054166,20.599999999999966,0.6060726036242912
4107,4.107,1.736326153058393,20.700000000000017,0.5827086772146624
4108,4.108,0.19351234415365215,20.799999999999947,0.5591849561694502
4109,4.109,0.7720947934312207,20.9,0.5355061816716057
4110,4.11,0.5016630331412119,21.000000000000057,0.511677135554901
4111,4.111,0.75024355303638,21.099999999999987,0.48770263933560853
4112,4.112,0.7599745138238225,21.19999999999998,0.4635875532340333
4113,4.113,0.3402009894828041,21.300000000000033,0.43933677518631664
4114,4.114,0.1134391379192714,21.39999999999997,0.4149552398462829
4115,4.115,0.22201062564266838,21.50000000000002,0.3904479175777471
4116,4.116,0.49200717022440305,21.59999999999995,0.36581981343772896
4117,4.117,0.4428362392998317,21.70000000000001,0.3410759661501827
4118,4.118,0.4019939342137025,21.800000000000054,0.31622144707118793
4119,4.119,-0.08218282884646039,21.89999999999999,0.29126135914512463
4120,4.12,-0.28344977337312616,21.999999999999986,0.26620083585255994
4121,4.121,0.24696359658629963,22.100000000000037,0.24104504014977937
4122,4.122,-0.19929783892746233,22.199999999999974,0.21579916340036132
4123,4.123,0.3665430707432997,22.300000000000026,0.19046842429872482
4124,4.124,0.8296644434634279,22.399999999999963,0.16505806778640103
4125,4.125,-0.4127419696717242,22.500000000000014,0.13957336396054285
4126,4.126,-0.0893623901740895,22.60000000000001,0.11401960697566227
4127,4.127,-0.16647425094288537,22.700000000000003,0.08840211393820048
4128,4.128,-0.29572643246431524,22.799999999999997,0.06272622379441194
4129,4.1290000000000004,-0.32576659543740666,22.90000000000005,0.03699729621202335
4130,4.13,0.30645025160524486,22.999999999999986,0.011220710455450329
4131,4.131,-0.7470038664985943,23.100000000000037,-0.014598135744966476
4132,4.132,-0.4034692202041223,23.199999999999967,-0.04045382732921143
4133,4.133,-0.30116853675011945,23.300000000000026,-0.06634093304971188
4134,4.134,-0.30568278894396395,23.400000000000013,-0.09225400661839644
4135,4.135,-0.6869644496466027,23.49999999999995,-0.1181875878588945
4136,4.136,-0.980102277855794,23.6,-0.1441362038636325
4137,4.1370000000000005,-0.39990721312734934,23.70000000000006,-0.1700943701551596
4138,4.138,-0.8738033736391034,23.79999999999999,-0.19605659185199084
4139,4.139,-1.3141797123140564,23.90000000000004,-0.22201736483847564
4140,4.14,-1.1454324330792098,23.99999999999998,-0.24797117693818688
4141,4.141,-1.2268796204544317,24.100000000000023,-0.27391250909121595
4142,4.142,-0.20496021365831174,24.200000000000024,-0.29983583653435675
4143,4.143,-0.30280103355773674,24.299999999999955,-0.3257356299845613
4144,4.144,-0.863655234621561,24.400000000000013,-0.35160635682515723
4145,4.1450000000000005,-1.0814622087522692,24.500000000000057,-0.3774424822943298
4146,4.146,-1.2748016995091043,24.599999999999994,-0.40323847067615926
4147,4.147,-1.1533456287402495,24.700000000000045,-0.42898878649344546
4148,4.148,-0.889681346476609,24.799999999999983,-0.454687895702329
4149,4.149,-1.204136804347801,24.899999999999977,-0.48033026688845065
4150,4.15,-1.1719008342819435,25.00000000000002,-0.505910372464146
4151,4.151,-1.7044411013099852,25.099999999999966,-0.5314226898667714
4152,4.152,-1.3897566442783713,25.200000000000017,-0.5568617027577322
4153,4.1530000000000005,-2.115675851992048,25.300000000000068,-0.5822219022217163
4154,4.154,-1.3263449804038607,25.400000000000006,-0.6074977879663215
4155,4.155,-1.603860938716144,25.5,-0.6326838695215853
4156,4.156,-2.3058971288838497,25.599999999999994,-0.6577746674389092
4157,4.157,-1.2126523890034344,25.69999999999998,-0.6827647144897342
4158,4.158,-1.768742167939734,25.80000000000004,-0.7076485568629579
4159,4.159,-1.1817971762949457,25.89999999999997,-0.7324207553614521
4160,4.16,-1.705489876528873,26.00000000000003,-0.7570758865971515
4161,4.1610000000000005,-1.0730755044681297,26.100000000000072,-0.7816085441843086
4162,4.162,-1.2818551076442026,26.20000000000001,-0.8060133399309055
4163,4.163,-0.4989201335241271,26.300000000000004,-0.8302849050279784
4164,4.164,-1.4122404499918215,26.4,-0.8544178912361764
4165,4.165,-0.641293069975047,26.499999999999993,-0.8784069720699538
4166,4.166,-0.34299902829877904,26.600000000000044,-0.9022468439784125
4167,4.167,0.30180959062350443,26.69999999999998,-0.9259322275231203
4168,4.168,0.6923408520942773,26.800000000000026,-0.949457868552406
4169,4.1690000000000005,-0.04140528588615,26.900000000000027,-0.9728185393716593
4170,4.17,1.3174899537456466,27.000000000000014,-0.9960090399097941
4171,4.171,0.8285306234286889,27.10000000000001,-1.0190241988814
4172,4.172,1.7461622278737132,27.199999999999946,-1.0418588749440978
4173,4.173,1.1185560423249086,27.299999999999997,-1.0645079578514045
4174,4.174,1.2876317028395672,27.40000000000005,-1.0869663696001606
4175,4.175,0.9026321380960417,27.499999999999986,-1.1092290655728847
4176,4.176,1.2000958595270168,27.600000000000037,-1.1312910356744161
4177,4.1770000000000005,1.919213351424347,27.700000000000024,-1.1531473054626
4178,4.178,1.9450470641669149,27.79999999999997,-1.1747929372729995
4179,4.179,1.6216561075067613,27.900000000000013,-1.1962230313372382
4180,4.18,1.59530076244448,27.999999999999957,-1.2174327268944993
4181,4.181,1.613587870064865,28.100000000000005,-1.238417203296465
4182,4.182,1.002012061746608,28.200000000000056,-1.2591716811047986
4183,4.183,1.3056850129622222,28.299999999999994,-1.2796914231814565
4184,4.184,0.8499442419043002,28.400000000000045,-1.2999717357713563
4185,4.1850000000000005,1.6412378577610176,28.50000000000004,-1.3200079695769853
4186,4.186,1.392509672293778,28.599999999999973,-1.3397955208250572
4187,4.187,0.9226684737164663,28.700000000000028,-1.359329832324794
4188,4.188,1.2360545846932087,28.79999999999996,-1.3786063945173879
4189,4.189,1.192003534503472,28.900000000000013,-1.3976207465168913
4190,4.19,0.6841687350363648,29.00000000000006,-1.4163684771417528
4191,4.191,0.3431135112932897,29.1,-1.4348452259371203
4192,4.192,0.03147601269908129,29.199999999999996,-1.4530466841876475
4193,4.1930000000000005,0.4896127386799595,29.300000000000043,-1.4709685959202796
4194,4.194,0.23391348084529812,29.399999999999984,-1.488606758897164
4195,4.195,0.9476982682052948,29.50000000000003,-1.5059570255982773
4196,4.196,0.885024637659886,29.599999999999966,-1.5230153041933714
4197,4.197,0.08957490067547269,29.700000000000017,-1.5397775595034389
4198,4.198,0.16453136309945243,29.80000000000001,-1.5562398139509621
4199,4.199,0.9063163468716987,29.900000000000006,-1.5723981484991423
4200,4.2,0.14133075880502893,30.0,-1.58824870357972
4201,4.2010000000000005,0.5151785073561931,30.10000000000005,-1.603787680009014
4202,4.202,0.5530878843907978,30.199999999999985,-1.619011339892306
4203,4.203,0.22697613452504006,30.30000000000004,-1.6339160075160473
4204,4.204,1.111223000585192,30.399999999999974,-1.6484980702278202
4205,4.205,-0.1809277223289288,30.50000000000003,-1.662753979303866
4206,4.206,0.33826796073316723,30.60000000000002,-1.6766802508038168
4207,4.207,0.14565537329008996,30.700000000000014,-1.690273466412637
4208,4.208,0.2735611027987776,30.800000000000008,-1.703530274269468
4209,4.2090000000000005,0.19022502307272546,30.90000000000006,-1.716447389783063
4210,4.21,-0.3960346512959003,30.999999999999996,-1.7290215964338422
4211,4.211,-0.18383888531341758,31.10000000000004,-1.7412497465622643
4212,4.212,-0.1377478617194832,31.199999999999985,-1.7531287621431881
4213,4.213,-0.8254600888920356,31.30000000000003,-1.7646556355463539
4214,4.214,-0.597296524936119,31.40000000000003,-1.775827430282429
4215,4.215,-0.2755660931897035,31.499999999999964,-1.7866412817347386
4216,4.216,-0.356046511814442,31.600000000000012,-1.7970943978763645
4217,4.2170000000000005,-0.4057533481829004,31.700000000000063,-1.8071840599723785
4218,4.218,-0.19119617966813585,31.799999999999997,-1.8169076232671633
4219,4.219,-0.41218128323861647,31.900000000000052,-1.8262625176566254
4220,4.22,-0.162032429653995,31.999999999999986,-1.835246248344992
4221,4.221,-1.492631308295373,32.09999999999999,-1.843856396486274
4222,4.222,0.12664776072295936,32.20000000000003,-1.8520906198099596
4223,4.223,-1.1514468328873813,32.29999999999997,-1.8599466532310092
4224,4.224,-1.2689540506887012,32.40000000000002,-1.867422309443891
4225,4.225,-0.8810200476694343,32.49999999999996,-1.8745154795004466
4226,4.226,-0.9276742269776694,32.60000000000001,-1.8812241333716189
4227,4.227,-0.6608862354726879,32.70000000000006,-1.8875463204926775
4228,4.228,-0.4056403445848784,32.8,-1.8934801702919835
4229,4.229,-0.4831110685695451,32.89999999999999,-1.8990238927030723
4230,4.23,-1.0472433155396066,33.00000000000004,-1.9041757786598799
4231,4.231,-0.11001688147113975,33.09999999999998,-1.9089342005750896
4232,4.232,-1.2126236337857472,33.20000000000003,-1.9132976128013894
4233,4.233,-1.5416913587811414,33.29999999999997,-1.9172645520755147
4234,4.234,-1.663121368950633,33.40000000000002,-1.920833637945032
4235,4.235,-1.0992003385590252,33.500000000000014,-1.9240035731776408
4236,4.236,-1.939193745487562,33.599999999999994,-1.9267731441529734
4237,4.237,-1.580291414462141,33.7,-1.9291412212367378
4238,4.238,-2.1329897373029736,33.80000000000004,-1.931106759137085
4239,4.239,-1.4004093772511874,33.89999999999998,-1.9326687972431413
4240,4.24,-1.3897088031986937,34.00000000000003,-1.9338264599455837
4241,4.241,-1.8180305834066148,34.09999999999997,-1.93457895693915
4242,4.242,-1.261642704869954,34.20000000000002,-1.934925583507031
4243,4.243,-1.6869754645946307,34.30000000000001,-1.9348657207870195
4244,4.244,-2.291087470311091,34.399999999999956,-1.9343988360193614
4245,4.245,-1.8747877623905846,34.5,-1.9335244827762201
4246,4.246,-1.0381830418599236,34.60000000000005,-1.93224230117267
4247,4.247,-1.2297078636926062,34.69999999999999,-1.9305520180591749
4248,4.248,-0.03635135341256596,34.80000000000004,-1.9284534471954475
4249,4.249,-0.830018892270786,34.89999999999998,-1.925946489405671
4250,4.25,-0.07129462773090127,35.00000000000003,-1.9230311327149774
4251,4.251,1.0328962418405583,35.10000000000002,-1.9197074524671753
4252,4.252,-0.34837443193491535,35.19999999999996,-1.9159756114236397
4253,4.253,-0.2325304483541949,35.30000000000001,-1.9118358598433212
4254,4.2540000000000004,1.0786272561927546,35.40000000000006,-1.907288535543876
4255,4.255,1.2014252278979372,35.5,-1.9023340639438164
4256,4.256,1.0167755334443316,35.600000000000044,-1.8969729580856676
4257,4.257,0.681725702007872,35.69999999999999,-1.891205818640163
4258,4.258,1.126112806125993,35.79999999999998,-1.8850333338913254
4259,4.259,2.1401486886540013,35.90000000000003,-1.8784562797025477
4260,4.26,1.897735214930901,35.99999999999997,-1.8714755194635804
4261,4.261,1.521656255291725,36.10000000000002,-1.8640920040183795
4262,4.2620000000000005,2.095113939210317,36.20000000000007,-1.856306771573942
4263,4.263,1.6634623366980232,36.30000000000001,-1.8481209475899643
4264,4.264,1.1784600960123557,36.39999999999999,-1.8395357446493936
4265,4.265,1.7269125812165445,36.499999999999986,-1.830552462309959
4266,4.266,0.8829109845494673,36.59999999999998,-1.8211724869364807
4267,4.267,1.5549100185767832,36.70000000000003,-1.811397291514231
4268,4.268,1.3089772709532759,36.79999999999997,-1.8012284354431396
4269,4.269,1.7766338024055615,36.90000000000002,-1.7906675643129488
4270,4.2700000000000005,0.3895489154699272,37.00000000000007,-1.7797164096594427
4271,4.271,1.1962889521010445,37.10000000000001,-1.7683767887015907
4272,4.272,1.2568019806434263,37.2,-1.7566506040597427
4273,4.273,0.6252897385883598,37.29999999999994,-1.744539843454979
4274,4.274,1.699247563226166,37.39999999999999,-1.7320465793894773
4275,4.275,0.6510637982121374,37.50000000000004,-1.719172968808159
4276,4.276,0.9705814896399091,37.59999999999998,-1.7059212527414696
4277,4.277,0.7022408048783391,37.70000000000003,-1.6922937559294182
4278,4.2780000000000005,0.6638963630862792,37.800000000000026,-1.678292886427065
4279,4.279,0.8809987855784692,37.90000000000002,-1.6639211351912935
4280,4.28,1.136841039371983,38.000000000000014,-1.6491810756490304
4281,4.281,0.41851151464031777,38.09999999999995,-1.6340753632471459
4282,4.282,0.7063727549504242,38.199999999999996,-1.618606734983747
4283,4.283,-0.2823064566455904,38.30000000000005,-1.602778008921374
4284,4.284,0.18512816234942311,38.39999999999999,-1.5865920836818248
4285,4.285,0.7451425355001997,38.500000000000036,-1.5700519379228306
4286,4.2860000000000005,1.0107146050621787,38.60000000000003,-1.553160629796837
4287,4.287,0.6104681447047993,38.699999999999974,-1.5359212963916464
4288,4.288,0.39780231661190013,38.80000000000002,-1.5183371531532868
4289,4.289,0.05723771723322152,38.89999999999995,-1.5004114932912207
4290,4.29,-0.22308122517740606,39.0,-1.4821476871656938
4291,4.291,-0.19611874631005105,39.10000000000005,-1.463549181657814
4292,4.292,-0.08488972556987258,39.19999999999999,-1.4446194995220385
4293,4.293,-0.8049010970050169,39.29999999999998,-1.425362238721368
4294,4.2940000000000005,-0.2228583964282265,39.400000000000034,-1.4057810717455377
4295,4.295,-0.001524343008637602,39.49999999999997,-1.3858797449120088
4296,4.296,-0.5061884845345148,39.60000000000002,-1.3656620776500412
4297,4.297,0.1549476866125345,39.69999999999996,-1.3451319617681972
4298,4.298,-0.5472268161356101,39.80000000000001,-1.3242933607049148
4299,4.299,-0.4056272124691866,39.90000000000006,-1.3031503087629037
4300,4.3,-0.2975309109231893,40.0,-1.2817069103269387
4301,4.301,-0.7399553772620948,40.099999999999994,-1.259967339065629
4302,4.3020000000000005,-0.3647672724667847,40.200000000000045,-1.2379358371170752
4303,4.303,-0.2777724803323933,40.29999999999998,-1.2156167142587353
4304,4.304,-0.5435001878683048,40.400000000000034,-1.1930143470613968
4305,4.305,-0.8275445552697933,40.49999999999997,-1.1701331780278914
4306,4.306,-0.9004856681151769,40.60000000000002,-1.146977714716088
4307,4.307,-0.5826840566853749,40.70000000000001,-1.123552528847018
4308,4.308,-0.07378015248135161,40.800000000000004,-1.0998622553977528
4309,4.309,-0.5238017243296146,40.9,-1.0759115916794268
4310,4.3100000000000005,-0.8327026405454651,41.00000000000005,-1.0517052964008142
4311,4.311,-1.3873459475902672,41.09999999999999,-1.0272481887172185
4312,4.312,-1.1414456053261706,41.20000000000004,-1.002545147265076
4313,4.313,-0.7883202941515712,41.29999999999998,-0.9776011091827131
4314,4.314,-0.6823632805658787,41.40000000000003,-0.9524210691168596
4315,4.315,-1.3093174007519737,41.50000000000002,-0.9270100782157739
4316,4.316,-1.292708527873599,41.59999999999995,-0.901373243108764
4317,4.317,-1.8492138068250807,41.7,-0.8755157248722986
4318,4.3180000000000005,-1.0156941323820465,41.800000000000054,-0.8494427379833417
4319,4.319,-1.622511010144743,41.89999999999999,-0.8231595492595917
4320,4.32,-1.4486676477552773,42.00000000000004,-0.7966714767870796
4321,4.321,-1.6192375337534337,42.09999999999998,-0.769983888835607
4322,4.322,-0.6600126905861403,42.20000000000003,-0.7431022027616014
4323,4.323,-1.8455859082395976,42.300000000000026,-0.7160318838993898
4324,4.324,-1.4641681854173367,42.39999999999996,-0.6887784444404718
4325,4.325,-1.6341543852033371,42.500000000000014,-0.6613474423012796
4326,4.3260000000000005,-1.4153593209655986,42.600000000000065,-0.6337444799799179
4327,4.327,-1.2125432550229658,42.7,-0.6059752034015421
4328,4.328,-1.1183737594828143,42.800000000000054,-0.5780453007531567
4329,4.329,-1.214865605947773,42.89999999999999,-0.5499605013077857
4330,4.33,0.15696531876008446,42.999999999999986,-0.5217265742382673
4331,4.331,-1.2914435892090477,43.10000000000004,-0.49334932742117665
4332,4.332,-0.18629326738829152,43.19999999999997,-0.4648346062307429
4333,4.333,-0.28056865216968746,43.30000000000002,-0.43618829232318984
4334,4.3340000000000005,0.4245241318683295,43.40000000000007,-0.40741630241202537
4335,4.335,1.2296607018225068,43.50000000000001,-0.3785245870340291
4336,4.336,0.9532068298902068,43.6,-0.3495191293064513
4337,4.337,0.6732136349722477,43.699999999999996,-0.3204059436759703
4338,4.338,1.2579323607386312,43.79999999999999,-0.2911910746589596
4339,4.339,1.9226640966719348,43.90000000000004,-0.26188059557418814
4340,4.34,1.2052476725267094,43.99999999999997,-0.23248060726750722
4341,4.341,1.3331152757481601,44.10000000000003,-0.20299723682909335
4342,4.3420000000000005,1.5125657688340113,44.20000000000008,-0.17343663630369305
4343,4.343,1.7936412981513008,44.30000000000001,-0.14380498139384398
4344,4.344,1.702964558291144,44.400000000000006,-0.11410847015631322
4345,4.345,1.2129773300139142,44.5,-0.0843533216925441
4346,4.346,2.147617763065513,44.599999999999994,-0.05454577483257289
4347,4.347,1.6397196206883833,44.700000000000045,-0.02469208681358798
4348,4.348,1.0343371496479905,44.79999999999998,0.005201468047316944
4349,4.349,0.5008726670229255,44.900000000000034,0.035128599685619405
4350,4.3500000000000005,0.5887930114071543,45.00000000000003,0.0650830036265232
4351,4.351,0.73284033750899,45.10000000000002,0.09505836232703378
4352,4.352,0.8262448019144591,45.20000000000002,0.12504834652240202
4353,4.353,1.0665234605284881,45.299999999999955,0.15504661657635005
4354,4.354,1.0073959538646102,45.400000000000006,0.18504682383552642
4355,4.355,1.4369374032088342,45.50000000000006,0.2150426119869982
4356,4.356,1.4251949688762096,45.599999999999994,0.24502761841931234
4357,4.357,0.07416951062802091,45.700000000000045,0.2749954755863169
4358,4.358,1.181953854234866,45.799999999999976,0.30493981237344514
4359,4.359,0.5493965385169534,45.89999999999997,0.3348542554666831
4360,4.36,0.8571720086105783,46.00000000000002,0.3647324307231289
4361,4.361,0.8414423695941953,46.09999999999996,0.3945679645435643
4362,4.362,0.19777719626541274,46.20000000000001,0.42435448524644914
4363,4.363,0.5395436392879152,46.30000000000006,0.4540856244427729
4364,4.364,0.6484821470752689,46.4,0.48375501841199275
4365,4.365,0.4839467595786865,46.50000000000005,0.5133563094784924
4366,4.366,0.49042263118297674,46.59999999999998,0.5428831473879718
4367,4.367,0.3631102320083753,46.699999999999974,0.5723291906841916
4368,4.368,0.6492064455915854,46.800000000000026,0.6016881080849019
4369,4.369,0.6445509866093754,46.89999999999996,0.6309535798573775
4370,4.37,-0.0196570230985883,47.000000000000014,0.660119299192952
4371,4.371,-0.07075023068330138,47.100000000000065,0.6891789735800772
4372,4.372,0.06950926530101367,47.2,0.7181263261759121
4373,4.373,0.6711537023371466,47.3,0.7469550971761577
4374,4.374,-0.04769037472299688,47.39999999999999,0.7756590451823469
4375,4.375,0.658156050201271,47.499999999999986,0.8042319485670756
4376,4.376,0.7394481397438332,47.60000000000004,0.8326676068360169
4377,4.377,0.29325399798518187,47.699999999999974,0.8609598419871155
4378,4.378,-0.3296197637232273,47.800000000000026,0.8891024998663836
4379,4.3790000000000004,-0.4234968839687888,47.90000000000002,0.917089451519748
4380,4.38,-0.11341442892363413,48.000000000000014,0.944914594541146
4381,4.381,0.23887799999156345,48.10000000000001,0.9725718544163224
4382,4.382,-0.5807776436570576,48.19999999999994,1.0000551858617537
4383,4.383,-0.7694051860434009,48.3,1.0273585741590874
4384,4.384,-1.0114540672587413,48.40000000000005,1.0544760364839645
4385,4.385,-0.46105170963649267,48.49999999999998,1.0814016232296921
4386,4.386,-0.6652052353202171,48.60000000000003,1.1081294193249935
4387,4.3870000000000005,-0.15617478590262868,48.700000000000024,1.1346535455455742
4388,4.388,-0.9989820967290708,48.80000000000002,1.1609681598194834
4389,4.389,-0.8914206146000674,48.90000000000001,1.1870674585258227
4390,4.39,-0.9539077477915718,48.99999999999995,1.2129456777862373
4391,4.391,-0.9555662251510714,49.1,1.2385970947495428
4392,4.392,-1.0631769430108757,49.20000000000005,1.2640160288684346
4393,4.393,-0.07759071824745012,49.29999999999998,1.2891968431686256
4394,4.394,-1.123586155791739,49.400000000000034,1.3141339455098713
4395,4.3950000000000005,-0.18217365940679675,49.50000000000003,1.3388217898383734
4396,4.396,-0.8892683005874598,49.599999999999966,1.363254877430733
4397,4.397,-1.4271368426171844,49.70000000000002,1.387427758128925
4398,4.398,-1.272699387322681,49.799999999999955,1.4113350315658648
4399,4.399,-1.6377714280238984,49.900000000000006,1.4349713483816275
4400,4.4,-1.9313777698261314,50.00000000000006,1.4583314114298078
4401,4.401,-0.8056201540411008,50.099999999999994,1.4814099769737599
4402,4.402,-2.1949777674391644,50.19999999999999,1.5042018558726749
4403,4.4030000000000005,-1.600153685810948,50.30000000000004,1.5267019147567735
4404,4.404,-1.850908760938987,50.39999999999998,1.5489050771918391
4405,4.405,-1.5536317843853773,50.50000000000003,1.5708063248325952
4406,4.406,-1.3077897734140769,50.599999999999966,1.592400698564459
4407,4.407,-1.391144183044912,50.70000000000002,1.613683299633945
4408,4.408,-2.0338891124116105,50.80000000000007,1.6346492907668189
4409,4.409,-1.3095516418123667,50.900000000000006,1.6552938972742721
4410,4.41,-2.3076176365046233,50.99999999999999,1.67561240814665
4411,4.4110000000000005,-1.437350995174527,51.100000000000044,1.695600177134293
4412,4.412,-1.7962706350167168,51.19999999999998,1.7152526238156638
4413,4.413,-1.0723694992853905,51.30000000000003,1.7345652346521803
4414,4.414,-0.829869265648026,51.39999999999997,1.753533564029515
4415,4.415,-1.2053543491593424,51.50000000000002,1.7721532352854559
4416,4.416,-0.15222039096385825,51.600000000000016,1.7904199417235733
4417,4.417,0.21968378090496377,51.70000000000001,1.8083294476129241
4418,4.418,0.46212379911824153,51.800000000000004,1.8258775891733592
4419,4.4190000000000005,0.5703310920074006,51.900000000000055,1.8430602755460592
4420,4.42,1.1179874291582863,51.999999999999986,1.859873489749386
4421,4.421,1.2889176432265694,52.10000000000004,1.8763132896196495
4422,4.422,1.4466404646403317,52.199999999999974,1.8923758087364368
4423,4.423,1.9837826545351636,52.300000000000026,1.9080572573326613
4424,4.424,1.6132540466419163,52.40000000000002,1.9233539231886512
4425,4.425,1.5181187693293448,52.49999999999996,1.9382621725104994
4426,4.426,1.1900420954496604,52.60000000000001,1.952778450792155
4427,4.4270000000000005,1.8806156366644402,52.70000000000006,1.966899283661208
4428,4.428,1.7651840408651807,52.8,1.9806212777080867
4429,4.429,2.213363459765573,52.90000000000004,1.9939411212986147
4430,4.43,1.6009731028069323,52.999999999999986,2.0068555853694185
4431,4.431,1.4229057586696023,53.09999999999998,2.0193615242064977
4432,4.432,1.5256149814010893,53.20000000000003,2.0314558762061328
4433,4.433,1.6932981236500364,53.29999999999997,2.043135664618579
4434,4.434,0.16147713000348962,53.40000000000002,2.0543979982739593
4435,4.4350000000000005,0.8339356511218736,53.500000000000064,2.0652400722901945
4436,4.436,0.9506491274049096,53.6,2.0756591687631074
4437,4.437,1.2289962785995387,53.70000000000005,2.0856526574381706
4438,4.438,0.34697723730434527,53.79999999999999,2.095217996363932
4439,4.439,0.8395824176301376,53.899999999999984,2.1043527325269253
4440,4.44,0.9450888588227591,54.000000000000036,2.1130545024678775
4441,4.441,0.22490651100409514,54.09999999999997,2.121321032879052
4442,4.442,0.7924577764524627,54.200000000000024,2.1291501411827114
4443,4.4430000000000005,0.4165188345733154,54.300000000000075,2.136539736090264
4444,4.444,0.7543509378973501,54.40000000000001,2.1434878181423214
4445,4.445,0.29782646880067254,54.5,2.1499924802292285
4446,4.446,0.1543696568228054,54.599999999999994,2.1560519080920844
4447,4.447,0.43581706252168917,54.69999999999999,2.1616643808040985
4448,4.448,0.49542139761680914,54.80000000000004,2.1668282712321316
4449,4.449,-0.1874261513267369,54.89999999999998,2.171542046478333
4450,4.45,0.2526747632540626,55.00000000000003,2.175804268301739
4451,4.4510000000000005,0.1037943505455794,55.10000000000008,2.1796135935197274
4452,4.452,0.7011736966564895,55.20000000000002,2.1829687743892072
4453,4.453,-0.03507886550215544,55.300000000000004,2.1858686589674954
4454,4.454,0.32763847676494695,55.39999999999995,2.18831219145267
4455,4.455,-0.12708283047755214,55.5,2.190298412503453
4456,4.456,0.24511373094840616,55.600000000000044,2.1918264595383903
4457,4.457,0.3043175892973491,55.69999999999999,2.192895567014354
4458,4.458,0.22093198012666856,55.80000000000003,2.193505066684223
4459,4.4590000000000005,-0.27809571297304764,55.90000000000003,2.193654387833681
4460,4.46,0.06951444914279317,56.00000000000002,2.193343057497076
4461,4.461,-1.2721104315028497,56.100000000000016,2.1925707006522552
4462,4.462,-0.9625196916050955,56.19999999999995,2.191337040394316
4463,4.463,0.47024974530575053,56.300000000000004,2.1896418980882313
4464,4.464,-0.6653150628107769,56.400000000000055,2.1874851935002604
4465,4.465,0.5113980159182272,56.49999999999999,2.1848669449081637
4466,4.466,0.1953531670033476,56.600000000000044,2.18178726919006
4467,4.4670000000000005,-0.2307121221414553,56.70000000000004,2.1782463818920546
4468,4.468,-0.4730580188417687,56.799999999999976,2.174244597274422
4469,4.469,-0.5523110486119407,56.90000000000003,2.1697823283364563
4470,4.47,-0.9059935806386437,56.99999999999996,2.1648600868198833
4471,4.471,-0.46917336379616953,57.10000000000001,2.15947848319085
4472,4.472,-0.7740094591834583,57.20000000000006,2.1536382266004477
4473,4.473,-0.6347998852459892,57.3,2.1473401248238213
4474,4.474,-0.0033731161627225115,57.39999999999999,2.140585084177711
4475,4.4750000000000005,-0.767479490081267,57.50000000000004,2.1333741094166427
4476,4.476,-0.8479339963086359,57.59999999999998,2.125708303607609
4477,4.477,-0.6893694444014925,57.70000000000003,2.117588867983197
4478,4.478,-1.0410693011479155,57.79999999999996,2.109017101773477
4479,4.479,-1.2339123154555218,57.90000000000001,2.099994402016203
4480,4.48,-1.1221782264807045,58.00000000000007,2.090522263345876
4481,4.481,-1.501349234271302,58.1,2.0806022777611917
4482,4.482,-1.8902817026437493,58.199999999999996,2.0702361343712874
4483,4.483,-1.1046033593893358,58.29999999999999,2.05942561912062
4484,4.484,-1.2736414861277543,58.399999999999984,2.0481726144925836
4485,4.485,-1.5128780314718107,58.500000000000036,2.0364790991918853
4486,4.486,-1.9730428769241906,58.59999999999998,2.0243471478058193
4487,4.487,-1.682659253937457,58.700000000000024,2.011778930444229
4488,4.488,-1.4116766107418188,58.80000000000002,1.9987767123587072
4489,4.489,-1.1222931472219244,58.90000000000001,1.985342853540514
4490,4.49,-1.639105051988488,59.00000000000001,1.9714798082976743
4491,4.491,-2.114456227211168,59.099999999999945,1.9571901248113766
4492,4.492,-1.3227884752523351,59.199999999999996,1.94247644467124
4493,4.493,-1.1021893408174757,59.30000000000005,1.9273415023903202
4494,4.494,-0.872087573447673,59.399999999999984,1.91178812489913
4495,4.495,-1.1484380940798125,59.500000000000036,1.8958192310193913
4496,4.496,-1.4609474202549126,59.60000000000003,1.879437830917257
4497,4.497,-0.10199015749931539,59.69999999999996,1.862647025536345
4498,4.498,-0.3584093853799585,59.80000000000001,1.8454500060102879
4499,4.499,-0.20910742786927078,59.89999999999995,1.8278500530556354
4500,4.5,-0.09284578435475065,60.0,1.8098505363442376
4501,4.501,-0.16456178822786405,60.10000000000006,1.7914549138563125
4502,4.502,0.47056019498652574,60.19999999999999,1.7726667312133113
4503,4.503,0.5727987245407032,60.30000000000003,1.7534896209914725
4504,4.5040000000000004,0.40867210708487756,60.400000000000034,1.7339273020157795
4505,4.505,1.0883051510256632,60.499999999999964,1.7139835786346074
4506,4.506,1.585155563194381,60.60000000000002,1.6936623399751776
4507,4.507,0.9222675664195806,60.69999999999995,1.6729675591799527
4508,4.508,1.2638904573782799,60.80000000000001,1.651903292624145
4509,4.509,1.027753016276599,60.900000000000055,1.6304736791144498
4510,4.51,1.679681198783663,60.99999999999999,1.6086829390693336
4511,4.511,1.977857590507571,61.09999999999999,1.5865353736805456
4512,4.5120000000000005,1.5644303777092996,61.20000000000003,1.5640353640569293
4513,4.513,1.2362598721030142,61.299999999999976,1.5411873703495995
4514,4.514,1.8341787502832778,61.40000000000002,1.5179959308595679
4515,4.515,1.4928592486346353,61.49999999999997,1.4944656611275107
4516,4.516,0.8765746712219573,61.600000000000016,1.4706012530060193
4517,4.517,1.2579241463971516,61.70000000000001,1.446407473714493
4518,4.518,0.6288772526956333,61.800000000000004,1.421889164876877
4519,4.519,0.9099491901677883,61.89999999999999,1.397051241542432
4520,4.5200000000000005,1.1547021759621916,62.00000000000004,1.3718986911897117
4521,4.521,1.2329389350368614,62.09999999999998,1.3464365727141352
4522,4.522,0.9558426584912959,62.20000000000004,1.3206700153987996
4523,4.523,0.8264870529512499,62.29999999999997,1.2946042178698094
4524,4.524,1.2549708198806355,62.40000000000003,1.268244447034888
4525,4.525,0.727510160439545,62.500000000000014,1.2415960370070793
4526,4.526,0.3718198516034992,62.600000000000016,1.2146643880122912
4527,4.527,0.22744733591244887,62.7,1.1874549652819948
4528,4.5280000000000005,0.883217006765351,62.80000000000005,1.1599732979307094
4529,4.529,0.6553528665470141,62.89999999999999,1.132224977818883
4530,4.53,0.8212992717088341,63.000000000000036,1.1042156584008027
4531,4.531,0.84953662506086,63.09999999999998,1.0759510535587284
4532,4.532,0.9595713639291388,63.200000000000024,1.0474369364225473
4533,4.533,0.3717974955239785,63.300000000000026,1.0186791381757234
4534,4.534,0.33077748190572925,63.399999999999956,0.9896835468478238
4535,4.535,0.7340114487456045,63.5,0.9604561060932485
4536,4.5360000000000005,0.005830135369977396,63.60000000000006,0.9310028139576152
4537,4.537,-0.10058845885481149,63.69999999999999,0.9013297216306093
4538,4.538,0.46657278578334505,63.80000000000005,0.8714429321867494
4539,4.539,0.08847288922811566,63.899999999999984,0.8413485993136928
4540,4.54,0.36635134704767414,63.99999999999998,0.8110529260285587
4541,4.541,-0.41656736312789494,64.10000000000002,0.780562163382474
4542,4.542,0.2380937503495894,64.19999999999997,0.749882609153833
4543,4.543,-0.12808950045923279,64.30000000000001,0.7190206065298774
4544,4.5440000000000005,-0.3377829317482447,64.40000000000008,0.687982542778123
4545,4.545,-0.309981740500291,64.5,0.6567748479064234
4546,4.546,-0.3494216096638453,64.60000000000005,0.6254039933129902
4547,4.547,0.09503121828754968,64.69999999999999,0.5938764904266645
4548,4.548,-0.908135152258517,64.79999999999998,0.5621988893366421
4549,4.549,-0.9254217841446233,64.90000000000003,0.5303777774136531
4550,4.55,-0.3678488842263864,64.99999999999997,0.4984197779211471
4551,4.551,-0.39416656838199515,65.10000000000002,0.46633154861809045
4552,4.5520000000000005,-0.7072001871057229,65.20000000000007,0.4341197803529533
4553,4.553,-0.6331802899039823,65.30000000000001,0.40179119564963367
4554,4.554,-0.4972735240870917,65.4,0.3693525472848845
4555,4.555,-0.39430540854107965,65.5,0.33681061685888963
4556,4.556,-1.1890069106071182,65.6,0.30417221335747696
4557,4.557,-0.8757868156782145,65.70000000000005,0.2714441717082584
4558,4.558,-0.6739450650264701,65.79999999999998,0.23863335132918137
4559,4.559,-1.2923195435660706,65.90000000000003,0.205746634671153
4560,4.5600000000000005,-0.8368265332705098,66.00000000000003,0.17279092575434224
4561,4.561,-0.31462850279629034,66.10000000000002,0.1397731486987018
4562,4.562,-0.9930995425470911,66.2,0.10670024624899452
4563,4.563,-1.1659709804024927,66.29999999999995,0.073579178294642
4564,4.564,-1.0624548788367167,66.39999999999999,0.040416920384716136
4565,4.565,-1.27155906524685,66.50000000000006,0.007220462238361458
4566,4.566,-0.22722935233525088,66.59999999999998,-0.02600319374880037
4567,4.567,-0.7407481490995196,66.70000000000005,-0.05924703400267896
4568,4.5680000000000005,-1.4031711853113418,66.80000000000003,-0.09250403527147269
4569,4.569,-1.0120151668302555,66.90000000000003,-0.12576716613048286
4570,4.57,-1.7960760602698855,67.00000000000001,-0.15902938848931839
4571,4.571,-1.4201858268067558,67.09999999999995,-0.1922836591018821
4572,4.572,-1.679987845789918,67.2,-0.22552293107858223
4573,4.573,-1.973171715220408,67.30000000000005,-0.25874015540047124
4574,4.574,-1.6594592595430058,67.39999999999999,-0.2919282824349839
4575,4.575,-1.2510906185110706,67.50000000000004,-0.3250802634529436
4576,4.5760000000000005,-1.1678678361244008,67.60000000000004,-0.358189052146537
4577,4.577,-1.2462947677303866,67.69999999999997,-0.39124760614770143
4578,4.578,-0.6010725014763161,67.80000000000003,-0.42424888854730414
4579,4.579,-0.5095573030275535,67.89999999999996,-0.4571858694134212
4580,4.58,-1.1105552970126258,68.0,-0.49005152731023016
4581,4.581,-0.4558499942512769,68.10000000000007,-0.5228388508151772
4582,4.582,-0.7033916495038268,68.19999999999999,-0.5555408400359289
4583,4.583,-0.44535192446188254,68.3,-0.5881505081254205
4584,4.5840000000000005,0.2861365778368351,68.40000000000003,-0.6206608827953759
4585,4.585,0.41670452742122543,68.49999999999999,-0.6530650078277455
4586,4.586,0.18410745209146212,68.60000000000002,-0.6853559445837565
4587,4.587,1.2275315314855546,68.69999999999996,-0.7175267735102487
4588,4.588,0.8359028782284847,68.80000000000001,-0.7495705956429626
4589,4.589,1.3723334013801691,68.90000000000006,-0.7814805341064764
4590,4.59,1.4725987137829974,69.0,-0.813249735610252
4591,4.591,1.5845411395648383,69.1,-0.8448713719411347
4592,4.5920000000000005,2.1313511326965076,69.20000000000005,-0.8763386414507089
4593,4.593,0.9707395547141937,69.29999999999998,-0.9076447705387334
4594,4.594,1.5612957815687782,69.40000000000003,-0.9387830151310541
4595,4.595,2.128994036777987,69.49999999999997,-0.96974666215235
4596,4.596,1.7118617523483726,69.60000000000002,-1.0005290309931743
4597,4.597,1.4504664060194459,69.70000000000002,-1.0311234749710163
4598,4.598,1.4067285690958624,69.80000000000001,-1.0615233827848634
4599,4.599,1.4215509225289749,69.9,-1.0917221799635564
4600,4.6000000000000005,0.775383812366566,70.00000000000006,-1.1217133303066127
4601,4.601,1.6574412418400255,70.1,-1.1514903373180232
4602,4.602,0.8789524500501114,70.20000000000005,-1.1810467456327334
4603,4.603,0.6215832351364721,70.29999999999998,-1.21037614243447
4604,4.604,1.3831929922598918,70.40000000000003,-1.2394721588662183
4605,4.605,0.8347838057402839,70.50000000000003,-1.2683284714312588
4606,4.606,1.6541662342415653,70.59999999999997,-1.2969388033860694
4607,4.607,0.8444459925785041,70.70000000000002,-1.3252969261235992
4608,4.6080000000000005,0.8744734807213032,70.80000000000007,-1.353396660547246
4609,4.609,0.04753904098404649,70.9,-1.3812318784348514
4610,4.61,1.4870218754069815,71.00000000000006,-1.408796503793024
4611,4.611,0.402075860408329,71.1,-1.4360845142003573
4612,4.612,0.6007380697177428,71.19999999999997,-1.4630899421407797
4613,4.613,0.3066383744410174,71.30000000000004,-1.4898068763250671
4614,4.614,0.7627037674590129,71.39999999999996,-1.516229463001723
4615,4.615,0.7070316436943211,71.50000000000003,-1.5423519072559935
4616,4.616,0.5880538332598619,71.59999999999995,-1.5681684742967459
4617,4.617,0.525814790061141,71.70000000000002,-1.593673490731805
4618,4.618,0.8337008053640331,71.80000000000005,-1.618861345830068
4619,4.619,0.048958467093115576,71.9,-1.6437264927715247
4620,4.62,0.2091334918661937,71.99999999999999,-1.6682634498838491
4621,4.621,-0.16564451703920013,72.10000000000005,-1.6924668018658529
4622,4.622,0.06968065575051499,72.19999999999997,-1.7163312009971907
4623,4.623,0.7992355479446558,72.30000000000003,-1.7398513683345778
4624,4.624,-0.4409969013283831,72.39999999999996,-1.7630220948932782
4625,4.625,0.03138445950864505,72.50000000000001,-1.7858382428149018
4626,4.626,-0.25498268707618144,72.60000000000001,-1.8082947465198427
4627,4.627,-0.40197264249520553,72.7,-1.830386613845372
4628,4.628,0.07417402256210492,72.8,-1.852108927168195
4629,4.6290000000000004,0.2148640245954092,72.90000000000005,-1.8734568445116992
4630,4.63,0.48202618260343716,72.99999999999997,-1.8944256006374935
4631,4.631,-0.10454714401398299,73.10000000000004,-1.9150105081210091
4632,4.632,-0.39349671227441263,73.19999999999996,-1.9352069584109108
4633,4.633,0.2361854303390828,73.30000000000003,-1.9550104228720853
4634,4.634,-0.915157275781949,73.4,-1.974416453811982
4635,4.635,-0.46562084993226843,73.49999999999996,-1.9934206854899394
4636,4.636,0.2278354143341671,73.6,-2.01201883510968
4637,4.6370000000000005,-0.35127376560853774,73.70000000000006,-2.0302067037939775
4638,4.638,-0.536233971953498,73.79999999999998,-2.0479801775422035
4639,4.639,-0.5505241919486552,73.90000000000005,-2.0653352281697748
4640,4.64,-0.7933957113579674,73.99999999999997,-2.0822679142296874
4641,4.641,-0.9281886507468156,74.10000000000002,-2.0987743819157982
4642,4.642,-0.9636576345950169,74.20000000000002,-2.1148508659476626
4643,4.643,-0.48283999226945995,74.29999999999995,-2.1304936904367238
4644,4.644,-0.6696508195706916,74.4,-2.145699269733652
4645,4.6450000000000005,-0.8419876291061519,74.50000000000006,-2.160464109256647
4646,4.646,-0.9708322108064613,74.6,-2.174784806300423
4647,4.647,-1.1034816184150278,74.70000000000005,-2.1886580508259823
4648,4.648,-1.0933677786685232,74.79999999999998,-2.202080626230418
4649,4.649,-1.246828704193188,74.89999999999998,-2.215049410097339
4650,4.65,-1.4441998026860343,75.00000000000003,-2.227561374926924
4651,4.651,-1.0611509548390965,75.09999999999997,-2.2396135888461584
4652,4.652,-1.8452573865983486,75.20000000000002,-2.2512032162985633
4653,4.6530000000000005,-1.0146722685198677,75.30000000000007,-2.2623275187135348
4654,4.654,-1.913313984072078,75.4,-2.272983855154976
4655,4.655,-0.9516212314690105,75.5,-2.283169682949303
4656,4.656,-0.9508958163620558,75.6,-2.292882558292295
4657,4.657,-2.2489364173176414,75.69999999999999,-2.3021201368350352
4658,4.658,-1.5937318585639189,75.80000000000004,-2.3108801742485565
4659,4.659,-1.1235251116371516,75.89999999999998,-2.319160526767103
4660,4.66,-1.390634599175663,76.00000000000003,-2.326959151710023
4661,4.6610000000000005,-1.6090973066555228,76.10000000000007,-2.334274107981854
4662,4.662,-0.7275130706346284,76.20000000000002,-2.3411035565508467
4663,4.663,-0.12936601810618897,76.30000000000001,-2.347445760905529
4664,4.664,-0.2624797966404208,76.39999999999999,-2.353299087489328
4665,4.665,-0.4632092793128917,76.5,-2.358662006113121
4666,4.666,-0.3204229764733937,76.60000000000004,-2.3635330903455958
4667,4.667,0.04990830816753569,76.69999999999999,-2.367911017881317
4668,4.668,0.7459533203031733,76.80000000000003,-2.3717945708864767
4669,4.6690000000000005,0.33804515186952,76.90000000000003,-2.375182636322092
4670,4.67,0.5789544787856181,77.00000000000001,-2.3780742062447406
4671,4.671,0.8520040927954055,77.10000000000002,-2.3804683780846356
4672,4.672,1.35145064203285,77.19999999999995,-2.382364354900983
4673,4.673,0.735913200840906,77.3,-2.3837614456146228
4674,4.674,1.2240296916078406,77.40000000000005,-2.384659065217785
4675,4.675,1.3153839969771817,77.49999999999999,-2.385056734960996
4676,4.676,1.875246045261886,77.60000000000004,-2.384954082517021
4677,4.6770000000000005,2.3987113615408644,77.70000000000003,-2.3843508421218105
4678,4.678,1.8695306747947107,77.79999999999997,-2.383246854692433
4679,4.679,2.019317619541419,77.90000000000002,-2.381642067921894
4680,4.68,1.3313569808619212,77.99999999999994,-2.3795365363508965
4681,4.681,1.9093709200090225,78.10000000000001,-2.376930421416398
4682,4.682,1.9553713094690846,78.20000000000006,-2.3738239914770833
4683,4.683,0.741659130042351,78.3,-2.370217621815582
4684,4.684,1.1952787891256729,78.40000000000003,-2.3661117946175483
4685,4.6850000000000005,1.202957421161675,78.50000000000004,-2.3615070989275053
4686,4.686,0.6423002161830234,78.59999999999997,-2.3564042305815054
4687,4.687,0.8759026597932371,78.70000000000003,-2.3508039921165715
4688,4.688,0.6759481209512372,78.79999999999995,-2.3447072926569543
4689,4.689,0.42109236310182685,78.90000000000002,-2.3381151477772
4690,4.69,1.034391878815235,79.00000000000006,-2.331028679342041
4691,4.691,0.37987226724865936,79.1,-2.3234491153231964
4692,4.692,0.810862829966632,79.19999999999999,-2.3153777895929246
4693,4.6930000000000005,0.9246540538875061,79.30000000000004,-2.3068161416946933
4694,4.694,1.168915247271087,79.39999999999998,-2.2977657165906
4695,4.695,0.42747079135505966,79.50000000000003,-2.288228164385919
4696,4.696,0.7193724326915589,79.59999999999997,-2.2782052400306463
4697,4.697,0.7597481140022417,79.70000000000002,-2.2676988029981477
4698,4.698,0.28982190279291853,79.80000000000001,-2.2567108169409638
4699,4.699,0.9467699648978657,79.9,-2.2452433493238293
4700,4.7,0.8328796096984188,80.0,-2.23329857103399
4701,4.7010000000000005,0.6742308791057467,80.10000000000005,-2.22087875596885
4702,4.702,-0.18525967968028073,80.19999999999999,-2.2079862806011534
4703,4.703,0.8606379256926957,80.30000000000004,-2.1946236235214642
4704,4.704,-0.042734292543417984,80.39999999999998,-2.180793364958609
4705,4.705,0.041716668996462175,80.50000000000003,-2.1664981862773973
4706,4.706,0.6358760675981678,80.60000000000002,-2.15174086945458
4707,4.707,-0.3465899676555705,80.70000000000002,-2.1365242965323366
4708,4.708,-0.41715475868576346,80.80000000000001,-2.1208514490500137
4709,4.7090000000000005,-0.19736085846414547,80.90000000000005,-2.104725407453874
4710,4.71,-0.6782869847439785,81.0,-2.088149350485216
4711,4.711,-0.012499822185704168,81.10000000000004,-2.071126554546601
4712,4.712,-0.07752305572255352,81.19999999999999,-2.053660393046907
4713,4.713,0.04462984765126332,81.30000000000003,-2.0357543357247687
4714,4.714,-0.1546880144420967,81.40000000000003,-2.0174119479508485
4715,4.715,-0.377429851033814,81.49999999999997,-1.9986368900091163
4716,4.716,-0.07215508233760021,81.60000000000001,-1.979432916356882
4717,4.7170000000000005,-0.4798602850614755,81.70000000000006,-1.9598038748644968
4718,4.718,0.1317006221754834,81.8,-1.9397537060339418
4719,4.719,-0.7867962935715296,81.90000000000005,-1.9192864421972446
4720,4.72,-0.31139095875931005,81.99999999999999,-1.89840620669446
4721,4.721,-0.10916662556919488,82.1,-1.8771172130315297
4722,4.722,-1.4807279871206158,82.20000000000003,-1.8554237640181428
4723,4.723,-1.0018456028330862,82.29999999999998,-1.8333302508859415
4724,4.724,-0.8914825216488256,82.40000000000002,-1.810841152386764
4725,4.7250000000000005,-0.5243319815810645,82.50000000000007,-1.787961033872014
4726,4.726,-0.8345868802686944,82.60000000000001,-1.7646945463522725
4727,4.727,-0.686316919247872,82.70000000000005,-1.741046425538094
4728,4.728,-1.148429737998375,82.8,-1.7170214908622055
4729,4.729,-1.1036026535609775,82.89999999999999,-1.692624644482491
4730,4.73,-1.0151733159319623,83.00000000000004,-1.6678608702672713
4731,4.731,-0.38049396966253146,83.09999999999998,-1.6427352327617484
4732,4.732,-0.6205563365562715,83.20000000000003,-1.6172528761368556
4733,4.7330000000000005,-1.865903571134404,83.30000000000007,-1.5914190231201617
4734,4.734,-1.2796406909985023,83.4,-1.5652389739094197
4735,4.735,-1.2563740524451374,83.50000000000001,-1.5387181050683831
4736,4.736,-1.6980447538705787,83.6,-1.5118618684062228
4737,4.737,-1.4408823094891736,83.7,-1.4846757898392895
4738,4.738,-1.508874069506551,83.80000000000004,-1.457165468237093
4739,4.739,-2.3449763288782663,83.89999999999999,-1.4293365742512347
4740,4.74,-1.4847158407443333,84.00000000000003,-1.4011948491286612
4741,4.741,-0.932705615177165,84.09999999999997,-1.3727461035089255
4742,4.742,-1.656935665688004,84.20000000000002,-1.3439962162057113
4743,4.743,-0.8616088617041929,84.30000000000001,-1.314951132973437
4744,4.744,-0.8134902041137209,84.39999999999995,-1.285616865258218
4745,4.745,-0.7665859228430538,84.5,-1.2559994889344415
4746,4.746,-0.9762320943505455,84.60000000000005,-1.2261051430265988
4747,4.747,-0.06921180867553867,84.69999999999999,-1.1959400284170583
4748,4.748,-0.5881413353030718,84.80000000000004,-1.1655104065393673
4749,4.749,-0.7977560852326686,84.89999999999998,-1.1348225980586153
4750,4.75,0.3446521774655228,84.99999999999997,-1.1038829815374405
4751,4.751,0.3586108914443065,85.10000000000002,-1.0726979920898245
4752,4.752,0.0221314622217465,85.19999999999996,-1.0412741200212412
4753,4.753,-0.3293479318979722,85.30000000000001,-1.0096179094567295
4754,4.7540000000000004,1.3693653426186603,85.40000000000006,-0.9777359569565129
4755,4.755,0.8082849343232059,85.5,-0.9456349101196736
4756,4.756,1.8540472725235841,85.60000000000005,-0.91332146617616
4757,4.757,1.422462059200943,85.69999999999999,-0.8808023705674157
4758,4.758,1.1256410940060881,85.79999999999998,-0.8480844155159531
4759,4.759,1.9345404515459061,85.90000000000003,-0.8151744385841305
4760,4.76,1.4254539957022556,85.99999999999997,-0.7820793212226833
4761,4.761,1.543645661162949,86.10000000000001,-0.7488059873085987
4762,4.7620000000000005,1.4398730571771097,86.20000000000007,-0.7153614016739889
4763,4.763,1.104501297053642,86.3,-0.681752568624647
4764,4.764,1.3012478219537813,86.4,-0.6479865304499475
4765,4.765,2.1470216907855315,86.49999999999999,-0.6140703659236896
4766,4.766,1.8898366810524514,86.6,-0.5800111887964421
4767,4.767,1.0727246468603007,86.70000000000003,-0.5458161462796777
4768,4.768,1.1167686658640195,86.79999999999997,-0.511492417522029
4769,4.769,1.2786521865332867,86.90000000000002,-0.47704721207799333
4770,4.7700000000000005,1.2210850770092834,87.00000000000007,-0.44248776836938597
4771,4.771,1.3543229603300655,87.10000000000001,-0.4078213521401121
4772,4.772,0.7236436884011025,87.2,-0.37305525490384384
4773,4.773,-0.1257599179694876,87.29999999999995,-0.33819679238637157
4774,4.774,1.0567947116625294,87.39999999999999,-0.30325330296101977
4775,4.775,0.9975434494004614,87.50000000000004,-0.26823214607959006
4776,4.776,0.9934398421612094,87.59999999999998,-0.23314070069721718
4777,4.777,0.8080081652697804,87.70000000000002,-0.19798636369292258
4778,4.7780000000000005,0.8376772323122534,87.80000000000003,-0.16277654828541774
4779,4.779,0.035195649365952875,87.9,-0.1275186824449864
4780,4.78,0.1769168214093077,88.00000000000001,-0.09222020730102734
4781,4.781,0.7755277214888038,88.09999999999995,-0.05688857554681885
4782,4.782,0.8877957455254215,88.2,-0.021531249840638544
4783,4.783,0.12721980324984916,88.30000000000004,0.013844298795720085
4784,4.784,0.26221544857740686,88.39999999999999,0.04923059258068404
4785,4.785,0.4969027732259657,88.50000000000003,0.08462014857927162
4786,4.7860000000000005,0.5177968602378348,88.60000000000002,0.12000548031032042
4787,4.787,-0.01311214958959439,88.69999999999997,0.1553790993559617
4788,4.788,0.3489427335710587,88.80000000000001,0.19073351697156327
4789,4.789,0.7002832408474413,88.89999999999996,0.22606124569655422
4790,4.79,0.3293054505705473,89.0,0.26135480096553715
4791,4.791,0.7006319394363918,89.10000000000005,0.29660670271940415
4792,4.792,-0.19193960189265966,89.19999999999999,0.3318094770158624
4793,4.793,0.5194406922120147,89.29999999999998,0.36695565763977844
4794,4.7940000000000005,-0.2411967123725312,89.40000000000003,0.4020377877115715
4795,4.795,-1.0362296998792067,89.49999999999997,0.4370484212949955
4796,4.796,-0.44356044425134605,89.60000000000002,0.4719801250027854
4797,4.797,-0.5692161968168121,89.69999999999996,0.5068254795998168
4798,4.798,0.01574541165232629,89.80000000000001,0.5415770816046295
4799,4.799,-0.37373242834477716,89.90000000000006,0.5762275448870784
4800,4.8,-0.6375432187802432,90.0,0.6107695022636782
4801,4.801,-0.025097013947098568,90.1,0.6451956070888558
4802,4.8020000000000005,-0.1768979331767485,90.20000000000005,0.6794985348425471
4803,4.803,-0.24672498573400603,90.29999999999998,0.7136709847133159
4804,4.804,-0.10901605874517528,90.40000000000003,0.7477056811774181
4805,4.805,-1.1080203173804999,90.49999999999997,0.7815953755720588
4806,4.806,-0.6196013095195995,90.60000000000002,0.8153328476644022
4807,4.807,-0.1453083156895878,90.70000000000002,0.848910907213921
4808,4.808,-0.7879205020526643,90.80000000000001,0.8823223955296389
4809,4.809,-0.730966343569095,90.9,0.9155601870205289
4810,4.8100000000000005,-0.3283409104955734,91.00000000000006,0.9486171907394558
4811,4.811,-0.7459151805831314,91.09999999999998,0.9814863519200915
4812,4.812,-0.15861308245385997,91.20000000000005,1.014160653506498
4813,4.813,-1.230152469015918,91.29999999999997,1.0466331176750394
4814,4.814,-1.1077622014876942,91.40000000000003,1.0788968073482923
4815,4.815,-0.932448151825894,91.50000000000001,1.1109448277006455
4816,4.816,-0.8200069275399235,91.59999999999997,1.1427703276550463
4817,4.817,-1.2963358678757682,91.7,1.1743665013712423
4818,4.8180000000000005,-1.025821239769523,91.80000000000007,1.2057265897239193
4819,4.819,-1.154654491248886,91.89999999999999,1.2368438817719585
4820,4.82,-2.1974408945521464,92.00000000000006,1.2677117162172233
4821,4.821,-1.534033796393287,92.1,1.298323482853226
4822,4.822,-1.0919694193079525,92.20000000000003,1.3286726240031472
4823,4.823,-2.250304193350344,92.30000000000003,1.3587526359469142
4824,4.824,-2.2453774230286028,92.39999999999996,1.3885570703370271
4825,4.825,-1.5841654478212148,92.50000000000001,1.4180795356028166
4826,4.8260000000000005,-1.2123482680917126,92.60000000000007,1.4473136983428556
4827,4.827,-0.6717453497423437,92.70000000000002,1.4762532847050125
4828,4.828,-1.0316871498083313,92.80000000000005,1.5048920817544682
4829,4.829,-1.4190971640320804,92.89999999999998,1.5332239388282058
4830,4.83,-0.515338648944978,92.99999999999999,1.5612427688772768
4831,4.831,-0.6777744993955445,93.10000000000002,1.588942549794811
4832,4.832,-0.8178507755538909,93.19999999999997,1.6163173257310655
4833,4.833,0.4314117106817206,93.30000000000001,1.64336120839405
4834,4.8340000000000005,0.23922536791866905,93.40000000000008,1.6700683783360832
4835,4.835,0.6971599553559298,93.5,1.6964330862256114
4836,4.836,1.328057739780924,93.60000000000001,1.7224496541045875
4837,4.837,0.9605864967136863,93.69999999999999,1.7481124766302156
4838,4.838,0.4922907711073796,93.79999999999998,1.7734160223016986
4839,4.839,1.218968330933204,93.90000000000003,1.798354834671194
4840,4.84,1.1862194410846536,93.99999999999997,1.8229235335387217
4841,4.841,1.2451315415493012,94.10000000000002,1.8471168161312617
4842,4.8420000000000005,1.7816065379222676,94.20000000000007,1.870929458264793
4843,4.843,1.487266504145783,94.30000000000001,1.8943563154902157
4844,4.844,1.4654461961238108,94.4,1.9173923242219213
4845,4.845,1.1128251016168957,94.5,1.94003250284928
4846,4.846,1.7560742067913082,94.6,1.9622719528306374
4847,4.847,1.2856041989084446,94.70000000000005,1.9841058597696157
4848,4.848,1.3865660650036338,94.79999999999998,2.005529494473336
4849,4.849,1.4562049227506422,94.90000000000003,2.026538213992785
4850,4.8500000000000005,1.5522097572854703,95.00000000000003,2.047127462644237
4851,4.851,1.7909087454368948,95.10000000000002,2.067292773012525
4852,4.852,1.4612083287529845,95.20000000000002,2.0870297669352227
4853,4.853,1.3345679732598574,95.29999999999995,2.106334156467545
4854,4.854,0.5170890836569604,95.4,2.1252017448284177
4855,4.855,0.9916940778042872,95.50000000000006,2.1436284273264525
4856,4.856,0.5739675925020198,95.6,2.16161019226668
4857,4.857,1.3069762624720211,95.70000000000005,2.179143121837055
4858,4.8580000000000005,0.854401734824988,95.80000000000004,2.196223392974951
4859,4.859,0.7147526068827191,95.89999999999998,2.2128472782132174
4860,4.86,0.2932088336133144,96.00000000000003,2.2290111465059748
4861,4.861,0.5354012462603314,96.09999999999995,2.2447114640332955
4862,4.862,0.406991977162227,96.20000000000002,2.2599447949854836
4863,4.863,0.5637387802374056,96.30000000000007,2.274707802325822
4864,4.864,0.30213422681957236,96.4,2.2889972485324797
4865,4.865,0.6446742530420786,96.50000000000004,2.302809996318779
4866,4.866,0.48305552790223893,96.6,2.31614300933198
4867,4.867,0.38538769530274364,96.69999999999997,2.3289933528304054
4868,4.868,0.597161730824335,96.80000000000004,2.341358194338504
4869,4.869,0.21474002386045923,96.89999999999996,2.3532348042801443
4870,4.87,-0.051250532433775975,97.00000000000003,2.3646205565895566
4871,4.871,0.7301796984809314,97.10000000000007,2.3755129293000543
4872,4.872,0.6875281411894466,97.2,2.3859095051102504
4873,4.873,0.6074453891792007,97.3,2.395807971927864
4874,4.874,0.26340241785394924,97.39999999999999,2.405206123390581
4875,4.875,0.27418648216874175,97.49999999999999,2.414101859364407
4876,4.876,-0.24188111098785797,97.60000000000004,2.4224931864188064
4877,4.877,-0.06115945203113925,97.69999999999997,2.4303782182790457
4878,4.878,-0.5948031897210064,97.80000000000003,2.437755176255262
4879,4.8790000000000004,-0.1461459858638749,97.90000000000002,2.4446223896483437
4880,4.88,-0.2544660426163915,98.00000000000001,2.4509782961324817
4881,4.881,-1.424165687057483,98.1,2.456821442114299
4882,4.882,0.08435710924606882,98.19999999999995,2.4621504830684837
4883,4.883,0.04397505726115103,98.29999999999998,2.466964183849839
4884,4.884,-0.5517596997825812,98.40000000000005,2.4712614189816913
4885,4.885,-0.7398144838431897,98.49999999999997,2.475041172920553
4886,4.886,-1.354778752528694,98.60000000000004,2.4783025402970607
4887,4.8870000000000005,-0.4315824482729723,98.70000000000002,2.4810447261329904
4888,4.888,0.06069526968356853,98.80000000000003,2.4832670460344612
4889,4.889,-0.14660938651873323,98.9,2.484968926361148
4890,4.89,-0.8071774639353626,98.99999999999994,2.486149904371536
4891,4.891,0.47850848776962707,99.1,2.486809628344153
4892,4.892,-1.5466001929556337,99.20000000000005,2.486947857674755
4893,4.893,-0.710341619181733,99.29999999999998,2.4865644629494326
4894,4.894,-0.8208810441802313,99.40000000000003,2.485659425993631
4895,4.8950000000000005,-0.14877477776152026,99.50000000000003,2.484232839897055
4896,4.896,-0.4824633921131463,99.59999999999997,2.4822849090144605
4897,4.897,-1.0486334151301218,99.70000000000002,2.4798159489422993
4898,4.898,-0.8792884598636524,99.79999999999995,2.4768263864712874
4899,4.899,-0.501623503855818,99.9,2.473316759514786
4900,4.9,-1.7679366891393735,100.00000000000006,2.4692877170131577
4901,4.901,-1.6401199996662224,100.1,2.464740018813959
4902,4.902,-0.8331861629826007,100.19999999999999,2.459674535528111
4903,4.9030000000000005,-1.7803737240026574,100.30000000000004,2.454092248362003
4904,4.904,-1.6749405272843017,100.39999999999998,2.447994248925635
4905,4.905,-1.0229408357991552,100.50000000000003,2.4413817390166845
4906,4.906,-1.5466715378599243,100.59999999999997,2.4342560303808125
4907,4.907,-1.3497462832597273,100.70000000000002,2.426618544447892
4908,4.908,-1.6690760403984288,100.80000000000007,2.4184708120445846
4909,4.909,-0.9921173387820312,100.9,2.4098144730830837
4910,4.91,-1.0696095754384267,101.0,2.400651276226068
4911,4.9110000000000005,-1.7524156892063534,101.10000000000005,2.3909830785282247
4912,4.912,-1.203455813847392,101.19999999999999,2.3808118450539997
4913,4.913,-0.5786669963517329,101.30000000000004,2.3701396484720108
4914,4.914,-0.7224395402870145,101.39999999999998,2.3589686686260136
4915,4.915,-0.4588290243718674,101.50000000000001,2.3473011920825715
4916,4.916,-0.0539674213322557,101.60000000000002,2.335139611655506
4917,4.917,-0.39170461602510864,101.7,2.322486425907319
4918,4.918,0.9740110762124307,101.80000000000001,2.309344238627406
4919,4.9190000000000005,0.42249302176391096,101.90000000000005,2.2957157582876975
4920,4.92,1.4149542283060168,102.0,2.281603797475205
4921,4.921,0.7165999024690566,102.10000000000004,2.2670112723021196
4922,4.922,1.3591208832786232,102.19999999999997,2.2519412017933162
4923,4.923,1.5177222856821588,102.30000000000003,2.2363967072513837
4924,4.924,1.302534575225957,102.4,2.220381011599617
4925,4.925,2.5057351051944066,102.49999999999996,2.20389743870259
4926,4.926,2.3651641178187455,102.6,2.1869494126649687
4927,4.9270000000000005,2.9111106739289605,102.70000000000006,2.1695404571084023
4928,4.928,1.2196168518713906,102.8,2.151674194426851
4929,4.929,1.0321151856085136,102.90000000000005,2.13335434502013
4930,4.93,1.3841774075094708,102.99999999999999,2.114584726506565
4931,4.931,0.9627052392675398,103.09999999999997,2.0953692529139114
4932,4.932,1.7683813842825726,103.20000000000002,2.0757119338498415
4933,4.933,1.8433805155912866,103.29999999999995,2.055616873651122
4934,4.934,1.2246479278523246,103.40000000000002,2.0350882705124502
4935,4.9350000000000005,0.431192609244483,103.50000000000006,2.0141304155947286
4936,4.936,1.4198509351877056,103.60000000000001,1.992747692113091
4937,4.937,0.9007215408696221,103.70000000000005,1.9709445744048744
4938,4.938,0.3775520392663526,103.8,1.948725626977718
4939,4.939,0.9877137303700376,103.89999999999998,1.9260955035380163
4940,4.94,0.575314866423534,104.00000000000004,1.9030589459998977
4941,4.941,0.6764053111168248,104.09999999999997,1.8796207834751093
4942,4.942,0.36072943851450556,104.20000000000002,1.8557859312435234
4943,4.9430000000000005,0.5504565125230779,104.30000000000007,1.8315593897054308
4944,4.944,0.8936822166036544,104.4,1.806946243314688
4945,4.945,0.6038686924821037,104.5,1.7819516594939113
4946,4.946,0.14386526875030714,104.6,1.7565808875314302
4947,4.947,0.25904525642720777,104.69999999999999,1.7308392574604086
4948,4.948,0.48537045494951997,104.80000000000004,1.7047321789203531
4949,4.949,0.3032379409545807,104.89999999999998,1.6782651400012538
4950,4.95,0.9260035514826522,105.00000000000003,1.6514437060706086
4951,4.9510000000000005,-0.3851542925563861,105.10000000000008,1.6242735185835626
4952,4.952,0.5852661366707281,105.20000000000002,1.596760293876605
4953,4.953,0.2858515704052906,105.30000000000001,1.568909821944493
4954,4.954,0.7354733112172767,105.39999999999995,1.5407279652018104
4955,4.955,0.11745124052975237,105.5,1.5122206572278696
4956,4.956,-0.38053964837207277,105.60000000000005,1.4833939014969393
4957,4.957,0.36414722556037565,105.69999999999999,1.454253770092496
4958,4.958,-0.7514336507928793,105.80000000000004,1.4248064024069405
4959,4.9590000000000005,-0.4296640511262384,105.90000000000003,1.3950580038264315
4960,4.96,0.34086698047615327,106.00000000000003,1.3650148444015122
4961,4.961,-0.5760302530079664,106.10000000000002,1.3346832575031795
4962,4.962,-0.37824393589974514,106.19999999999996,1.3040696384657187
4963,4.963,-0.1354845646806449,106.30000000000001,1.273180443215568
4964,4.964,-0.7505755383099649,106.40000000000006,1.242022186887097
4965,4.965,-0.41139462648806924,106.5,1.210601442425615
4966,4.966,0.378512423513902,106.60000000000005,1.1789248391772602
4967,4.9670000000000005,-0.13832316846935477,106.70000000000003,1.1469990614673438
4968,4.968,-0.6473055339550928,106.79999999999998,1.1148308471659167
4969,4.969,-0.043173195713797574,106.90000000000002,1.0824269862421378
4970,4.97,-0.6918931500408197,106.99999999999997,1.049794319307074
4971,4.971,-0.5335184330275998,107.10000000000001,1.0169397361454762
4972,4.972,-0.29104738033339117,107.20000000000007,0.9838701742367768
4973,4.973,0.19929147545964965,107.3,0.9505926172658703
4974,4.974,-0.6777989067017356,107.39999999999998,0.917114093623275
4975,4.9750000000000005,-0.20093783076806587,107.50000000000004,0.8834416748963477
4976,4.976,0.23141258829044753,107.59999999999997,0.8495824743502775
4977,4.977,-0.3895514563851308,107.70000000000003,0.8155436454002981
4978,4.978,0.008920246585578995,107.79999999999995,0.7813323800754676
4979,4.979,-0.7253896891389667,107.90000000000002,0.7469559074731744
4980,4.98,-0.9803766397299428,108.00000000000006,0.7124214922065522
4981,4.981,-1.5995351562126525,108.10000000000001,0.6777364328432586
4982,4.982,-1.3540762671315374,108.19999999999999,0.6429080603373778
4983,4.9830000000000005,-0.8455746952006655,108.30000000000005,0.6079437364540075
4984,4.984,-0.7614217512598113,108.39999999999998,0.5728508521873551
4985,4.985,-1.7955224531830738,108.50000000000003,0.5376368261718968
4986,4.986,-1.531510566256827,108.59999999999998,0.5023091030883926
4987,4.987,-1.1225119013055294,108.70000000000002,0.4668751520631398
4988,4.988,-1.7479341648169855,108.80000000000001,0.4313424650629578
4989,4.989,-1.5576026339679268,108.9,0.39571855528428085
4990,4.99,-1.5609011753347275,109.0,0.3600109555381658
4991,4.9910000000000005,-1.880736775689372,109.10000000000005,0.32422721663080656
4992,4.992,-1.6385902203225342,109.19999999999999,0.28837490574015
4993,4.993,-1.0232312492437807,109.30000000000004,0.2524616047889351
4994,4.994,-1.8199249530159838,109.39999999999998,0.21649490881450856
4995,4.995,-1.50972431866463,109.50000000000003,0.18048242433577588
4996,4.996,-0.25717415487004935,109.60000000000002,0.1444317677176067
4997,4.997,-0.4256686540771374,109.69999999999996,0.10835056353330212
4998,4.998,-0.7658696422599678,109.80000000000001,0.07224644292469994
4999,4.999,0.12696141714630077,109.89999999999995,0.03612704196176729
5000,5.0,0.9328554488170595,110.0,1.5923503292098533e-14
5001,5.001,0.3013513861180617,109.89999999999995,-0.03612704196169992
5002,5.002,0.1001119045644126,109.80000000000001,-0.0722464429246681
5003,5.003,0.20090631199352693,109.69999999999996,-0.1083505635332348
5004,5.0040000000000004,0.6057459829399385,109.59999999999997,-0.1444317677175749
5005,5.005,0.8190205394505365,109.50000000000003,-0.18048242433570866
5006,5.006,2.236618152051062,109.39999999999998,-0.21649490881444142
5007,5.007,1.2062010226467648,109.30000000000004,-0.25246160478886803
5008,5.008,1.6610833298503849,109.19999999999999,-0.2883749057400831
5009,5.009,1.8569830775967917,109.09999999999994,-0.324227216630775
5010,5.01,1.0540078171006995,109.0,-0.3600109555380992
5011,5.011,2.233623611985315,108.9,-0.39571855528424943
5012,5.0120000000000005,1.5475616869885434,108.79999999999995,-0.43134246506292645
5013,5.013,1.151581276450691,108.70000000000002,-0.4668751520631085
5014,5.014,1.1149046717615116,108.59999999999998,-0.5023091030883267
5015,5.015,1.0997629221794318,108.50000000000003,-0.5376368261718657
5016,5.016,1.457642580647491,108.39999999999998,-0.5728508521872896
5017,5.017,1.4315987977607536,108.29999999999998,-0.6079437364539766
5018,5.018,1.3406670430388559,108.19999999999999,-0.6429080603373127
5019,5.019,0.9613650984502916,108.1,-0.6777364328431937
5020,5.0200000000000005,0.3538120805939111,107.99999999999996,-0.7124214922065216
5021,5.021,0.3643132779749948,107.9,-0.7469559074731102
5022,5.022,0.9508642082597087,107.79999999999995,-0.7813323800754036
5023,5.023,0.7246670152204296,107.70000000000003,-0.8155436454002345
5024,5.024,0.3462977043301091,107.59999999999998,-0.8495824743502142
5025,5.025,0.18745852244369027,107.49999999999999,-0.8834416748963181
5026,5.026,0.770267412027378,107.39999999999999,-0.9171140936232455
5027,5.027,1.114340564526565,107.3,-0.950592617265808
5028,5.0280000000000005,0.494993542453649,107.19999999999995,-0.9838701742367801
5029,5.029,0.7248768642924454,107.10000000000001,-1.0169397361454147
5030,5.03,0.15238824258511857,106.99999999999996,-1.0497943193070451
5031,5.031,0.5210397360383857,106.90000000000003,-1.082426986242077
5032,5.032,0.7437694528710648,106.79999999999998,-1.1148308471658566
5033,5.033,-0.13838180116478493,106.69999999999999,-1.1469990614673151
5034,5.034,0.47318662363208264,106.60000000000005,-1.178924839177201
5035,5.035,0.5648873554306054,106.5,-1.2106014424255567
5036,5.0360000000000005,0.6713972665773389,106.39999999999995,-1.2420221868870696
5037,5.037,0.5608103251092582,106.30000000000001,-1.27318044321551
5038,5.038,0.9106806257477729,106.19999999999996,-1.3040696384656612
5039,5.039,0.45670115835157393,106.10000000000002,-1.3346832575031224
5040,5.04,-0.6718742011380308,106.00000000000003,-1.365014844401456
5041,5.041,0.47197654837966285,105.89999999999998,-1.3950580038264346
5042,5.042,-0.29403525915039036,105.80000000000004,-1.4248064024068852
5043,5.043,-0.14672485935875815,105.69999999999999,-1.4542537700924698
5044,5.0440000000000005,0.2908735345656666,105.59999999999994,-1.4833939014969135
5045,5.045,-0.0037369816601820482,105.5,-1.5122206572278443
5046,5.046,-0.3051058551215021,105.39999999999995,-1.5407279652017576
5047,5.047,-0.1369177991079793,105.30000000000001,-1.5689098219444406
5048,5.048,-0.28841863794955497,105.20000000000002,-1.5967602938765533
5049,5.049,0.3344464443053008,105.09999999999997,-1.6242735185835386
5050,5.05,-0.19244030815567245,105.00000000000003,-1.651443706070558
5051,5.051,-0.6407199764790533,104.89999999999998,-1.6782651400012039
5052,5.0520000000000005,-0.7054393008098679,104.79999999999993,-1.70473217892033
5053,5.053,-0.8878761583078069,104.69999999999999,-1.7308392574603602
5054,5.054,-0.4218256108596704,104.6,-1.7565808875314073
5055,5.055,-0.7827495664327219,104.5,-1.781951659493864
5056,5.056,-0.24830944407252997,104.4,-1.806946243314666
5057,5.057,-0.5855301119310419,104.29999999999995,-1.831559389705409
5058,5.058,-1.5124647138450045,104.20000000000002,-1.8557859312435023
5059,5.059,-1.0971381015082997,104.09999999999997,-1.879620783475065
5060,5.0600000000000005,-1.7311702375492382,103.99999999999997,-1.903058945999877
5061,5.061,-0.8684184778472187,103.89999999999998,-1.9260955035379734
5062,5.062,0.15317989049971303,103.79999999999998,-1.948725626977676
5063,5.063,-1.26139984174479,103.70000000000005,-1.970944574404833
5064,5.064,-0.7416750417912603,103.6,-1.9927476921130507
5065,5.065,-0.8984107170694914,103.49999999999994,-2.01413041559471
5066,5.066,-1.3939875369635226,103.40000000000002,-2.035088270512411
5067,5.067,-1.2582534617381758,103.29999999999997,-2.0556168736511036
5068,5.0680000000000005,-1.585069788512959,103.19999999999997,-2.0757119338498238
5069,5.069,-1.9924606525194934,103.09999999999998,-2.095369252913894
5070,5.07,-1.8216937768562755,102.99999999999999,-2.114584726506529
5071,5.071,-1.2423239521047271,102.90000000000003,-2.1333543450201136
5072,5.072,-1.3568185029111794,102.8,-2.1516741944268167
5073,5.073,-0.7939569844179759,102.69999999999995,-2.1695404571083867
5074,5.074,-2.151353730105537,102.60000000000001,-2.1869494126649367
5075,5.075,-1.5049018340149751,102.49999999999996,-2.2038974387025583
5076,5.0760000000000005,-0.7181831563996296,102.39999999999996,-2.2203810115996028
5077,5.077,-1.854341796520622,102.30000000000003,-2.236396707251354
5078,5.078,-0.6711402767886253,102.19999999999997,-2.2519412017932874
5079,5.079,-0.7148783181379434,102.10000000000004,-2.2670112723020917
5080,5.08,-1.0280697386499698,101.99999999999999,-2.281603797475192
5081,5.081,-0.6191696677358783,101.89999999999993,-2.2957157582876846
5082,5.082,-0.10289330607910693,101.80000000000001,-2.309344238627394
5083,5.083,0.7379102028353284,101.70000000000002,-2.322486425907295
5084,5.0840000000000005,0.4642515595631623,101.59999999999997,-2.335139611655507
5085,5.085,0.08316066672477918,101.50000000000003,-2.3473011920825493
5086,5.086,0.778212951379945,101.39999999999998,-2.358968668626004
5087,5.087,1.452634379288682,101.30000000000004,-2.3701396484719908
5088,5.088,1.1204263096931946,101.19999999999999,-2.3808118450539797
5089,5.089,0.8811271972989461,101.09999999999994,-2.390983078528216
5090,5.09,0.43332188370012337,101.0,-2.40065127622605
5091,5.091,1.3760772487685524,100.9,-2.409814473083067
5092,5.0920000000000005,1.4249414187003016,100.79999999999995,-2.418470812044577
5093,5.093,1.3634840508221036,100.69999999999996,-2.426618544447877
5094,5.094,0.949909578248481,100.60000000000002,-2.4342560303807983
5095,5.095,2.5711471438564675,100.49999999999997,-2.4413817390166783
5096,5.096,1.9076362613179583,100.40000000000003,-2.4479942489256223
5097,5.097,1.8888204816177132,100.29999999999998,-2.454092248362003
5098,5.098,1.717077456105784,100.20000000000005,-2.4596745355281002
5099,5.099,1.2387329519474992,100.1,-2.4647400188139548
5100,5.1000000000000005,1.3659591347229956,99.99999999999994,-2.4692877170131537
5101,5.101,1.4763441063872134,99.9,-2.4733167595147822
5102,5.102,1.5525756504919856,99.79999999999995,-2.4768263864712807
5103,5.103,0.7084439492719092,99.70000000000002,-2.479815948942294
5104,5.104,0.5865762180760987,99.59999999999997,-2.482284909014456
5105,5.105,1.1554690933564205,99.49999999999991,-2.4842328398970532
5106,5.106,0.4027243585849574,99.39999999999998,-2.4856594259936284
5107,5.107,0.8941686179494741,99.29999999999993,-2.486564462949431
5108,5.1080000000000005,0.27981442495189973,99.19999999999999,-2.486947857674754
5109,5.109,0.4260867297232519,99.10000000000005,-2.4868096283441536
5110,5.11,0.6564767620337381,99.0,-2.486149904371537
5111,5.111,0.12866125352264596,98.90000000000006,-2.4849689263611503
5112,5.112,0.652932675181406,98.80000000000001,-2.4832670460344626
5113,5.113,0.3410871853931918,98.69999999999996,-2.481044726132992
5114,5.114,0.1761428936920466,98.60000000000002,-2.478302540297063
5115,5.115,0.7043890414461111,98.49999999999997,-2.4750411729205584
5116,5.1160000000000005,0.5527941773233953,98.39999999999992,-2.471261418981695
5117,5.117,0.20397270264333628,98.3,-2.4669641838498473
5118,5.118,0.4988432859161477,98.19999999999993,-2.4621504830684926
5119,5.119,0.3400963206098599,98.10000000000001,-2.4568214421143093
5120,5.12,0.43163446547671214,97.99999999999996,-2.450978296132492
5121,5.121,0.8184420153917084,97.8999999999999,-2.444622389648349
5122,5.122,0.5833866669601628,97.79999999999997,-2.4377551762552745
5123,5.123,-0.3015657244161005,97.70000000000003,-2.4303782182790523
5124,5.124,0.011919183119206644,97.59999999999998,-2.422493186418821
5125,5.125,-0.26073458219494644,97.50000000000004,-2.4141018593644143
5126,5.126,-0.3591775189473509,97.39999999999999,-2.4052061233905975
5127,5.127,-0.04121285448564781,97.30000000000005,-2.3958079719278724
5128,5.128,-0.35288906838052075,97.2,-2.385909505110269
5129,5.1290000000000004,-0.36892222771148814,97.09999999999995,-2.3755129293000636
5130,5.13,-0.6623245363743011,97.00000000000001,-2.364620556589577
5131,5.131,0.13623154857866276,96.89999999999996,-2.3532348042801656
5132,5.132,-1.2205220922283493,96.80000000000003,-2.3413581943385258
5133,5.133,-0.29368767581017197,96.69999999999997,-2.3289933528304285
5134,5.134,-0.5223587862090727,96.59999999999994,-2.3161430093320035
5135,5.135,-0.05446719456592036,96.5,-2.3028099963188033
5136,5.136,-0.46118459110432275,96.39999999999995,-2.2889972485324916
5137,5.1370000000000005,-0.5001293779625448,96.30000000000001,-2.274707802325834
5138,5.138,-0.04840287546873573,96.19999999999996,-2.2599447949854965
5139,5.139,-1.135747611284855,96.10000000000002,-2.2447114640333234
5140,5.14,-0.9617036054915118,96.00000000000009,-2.2290111465059885
5141,5.141,-0.515414046779362,95.90000000000003,-2.212847278213247
5142,5.142,-0.6802246974358455,95.79999999999998,-2.1962233929749657
5143,5.143,-0.6846756655862676,95.70000000000005,-2.179143121837087
5144,5.144,-0.3507229653613887,95.6,-2.1616101922667132
5145,5.1450000000000005,-1.0438106616208906,95.49999999999994,-2.143628427326468
5146,5.146,-1.0393815143747236,95.4,-2.125201744828452
5147,5.147,-1.5078195812562094,95.29999999999995,-2.10633415646758
5148,5.148,-0.9654788502914401,95.20000000000002,-2.087029766935258
5149,5.149,-1.0206834700281755,95.09999999999997,-2.0672927730125616
5150,5.15,-1.1482042104060661,94.99999999999991,-2.0471274626442546
5151,5.151,-0.8256970894116026,94.89999999999998,-2.026538213992803
5152,5.152,-1.333440373701588,94.80000000000004,-2.0055294944733753
5153,5.1530000000000005,-1.6415356430334993,94.69999999999999,-1.9841058597696133
5154,5.154,-1.4722156278787253,94.60000000000005,-1.962271952830678
5155,5.155,-1.442158122962022,94.5,-1.9400325028492995
5156,5.156,-1.3840479182089616,94.40000000000006,-1.9173923242219635
5157,5.157,-1.6361051665314117,94.30000000000001,-1.8943563154902587
5158,5.158,-1.9267235852179108,94.19999999999996,-1.8709294582648135
5159,5.159,-2.3660922253798438,94.10000000000002,-1.847116816131306
5160,5.16,-1.307972253334764,93.99999999999997,-1.8229235335387666
5161,5.1610000000000005,-0.8885670771616458,93.89999999999992,-1.7983548346712155
5162,5.162,-1.1525751643938755,93.79999999999998,-1.7734160223017448
5163,5.163,-0.8198660968817074,93.69999999999993,-1.7481124766302625
5164,5.164,0.057709863335671296,93.6,-1.7224496541046352
5165,5.165,-0.08124080341293799,93.49999999999994,-1.6964330862256596
5166,5.166,-0.4030058577251371,93.4,-1.67006837833608
5167,5.167,0.27441576077589275,93.29999999999995,-1.6433612083940996
5168,5.168,0.1500432566826656,93.20000000000003,-1.616317325731089
5169,5.1690000000000005,0.3350936591926373,93.09999999999998,-1.5889425497948346
5170,5.17,0.7092919260634885,93.00000000000004,-1.561242768877301
5171,5.171,0.6713789611831575,92.89999999999999,-1.533223938828258
5172,5.172,1.0574605275244737,92.80000000000005,-1.504892081754521
5173,5.173,1.2834137831402959,92.7,-1.4762532847050656
5174,5.174,1.796693871156851,92.59999999999995,-1.4473136983428807
5175,5.175,1.3572923319485377,92.50000000000001,-1.4180795356028708
5176,5.176,1.6301845952055323,92.39999999999996,-1.388557070337082
5177,5.1770000000000005,1.2405382317811602,92.29999999999991,-1.3587526359469404
5178,5.178,1.8723874878227307,92.19999999999999,-1.3286726240032034
5179,5.179,1.5258605244199737,92.09999999999994,-1.2983234828532526
5180,5.18,2.215420885723394,91.99999999999999,-1.2677117162172802
5181,5.181,1.3690352895516722,91.90000000000005,-1.2368438817719856
5182,5.182,1.214565330933756,91.8,-1.2057265897239464
5183,5.183,1.123455621926793,91.70000000000006,-1.17436650137127
5184,5.184,0.9470841104107934,91.60000000000001,-1.1427703276551051
5185,5.1850000000000005,0.9796094946693591,91.49999999999996,-1.1109448277006735
5186,5.186,1.1616037638867376,91.40000000000003,-1.0788968073483518
5187,5.187,0.7719391445613646,91.29999999999998,-1.0466331176750996
5188,5.188,0.8625541063672054,91.20000000000005,-1.0141606535065584
5189,5.189,1.1777503101930697,91.1,-0.9814863519201523
5190,5.19,0.8931881978138406,90.99999999999994,-0.9486171907394846
5191,5.191,0.6192841345730756,90.9,-0.9155601870205902
5192,5.192,0.5288283238528169,90.79999999999995,-0.8823223955296682
5193,5.1930000000000005,0.18700447760207595,90.6999999999999,-0.8489109072139503
5194,5.194,0.37672723913846073,90.59999999999997,-0.8153328476644317
5195,5.195,-0.14546272243237435,90.50000000000003,-0.7815953755721216
5196,5.196,0.9084091327614567,90.39999999999998,-0.747705681177448
5197,5.197,1.1131515063728363,90.30000000000004,-0.7136709847133792
5198,5.198,0.175756926038805,90.19999999999999,-0.679498534842577
5199,5.199,0.6308118616014136,90.10000000000005,-0.6451956070889195
5200,5.2,0.8572467995484007,90.0,-0.6107695022637423
5201,5.2010000000000005,2.2787377506272577e-05,89.89999999999995,-0.5762275448871088
5202,5.202,-0.16826848360583868,89.80000000000001,-0.541577081604694
5203,5.203,0.18030996669988597,89.69999999999996,-0.5068254795998816
5204,5.204,0.10614207286738309,89.60000000000002,-0.4719801250028503
5205,5.205,0.2593755635384448,89.49999999999997,-0.43704842129506055
5206,5.206,0.45115697420745604,89.39999999999992,-0.4020377877116022
5207,5.207,0.2769462224723943,89.29999999999998,-0.3669556576398094
5208,5.208,0.35048710629208424,89.19999999999993,-0.33180947701592783
5209,5.2090000000000005,-0.010313196710785164,89.1,-0.29660670271940054
5210,5.21,-0.3523864753059383,88.99999999999994,-0.2613548009656029
5211,5.211,0.15601803435513692,88.9,-0.22606124569658528
5212,5.212,-0.4305805567656041,88.80000000000007,-0.1907335169716291
5213,5.213,0.012296360998033884,88.70000000000002,-0.15537909935602762
5214,5.214,0.09535144797702355,88.59999999999998,-0.12000548031035156
5215,5.215,0.06980261852246705,88.50000000000003,-0.0846201485793376
5216,5.216,0.006500930903458935,88.39999999999999,-0.04923059258075003
5217,5.2170000000000005,0.4261927973311397,88.29999999999994,-0.013844298795751268
5218,5.218,-0.573001895771311,88.19999999999999,0.021531249840572576
5219,5.219,-0.87209997026807,88.09999999999995,0.05688857554675292
5220,5.22,-0.18488094858176746,88.00000000000001,0.09222020730096145
5221,5.221,-0.8908465763233786,87.89999999999996,0.12751868244492057
5222,5.222,-0.6062584928224574,87.79999999999991,0.16277654828542132
5223,5.223,-0.31017782643828196,87.69999999999997,0.19798636369285688
5224,5.224,-0.4087543848763447,87.60000000000004,0.23314070069718618
5225,5.2250000000000005,-0.5727985029997738,87.49999999999999,0.26823214607955903
5226,5.226,-0.9653652742597245,87.40000000000005,0.30325330296098885
5227,5.227,-1.089213083343129,87.3,0.33819679238630634
5228,5.228,-0.613422441320984,87.20000000000006,0.3730552549037788
5229,5.229,-0.5799834888177182,87.10000000000001,0.40782135214004717
5230,5.23,-0.5167596028561079,86.99999999999997,0.4424877683693553
5231,5.231,-1.6340573292716116,86.90000000000002,0.47704721207792883
5232,5.232,-1.1228320174520077,86.79999999999997,0.5114924175219646
5233,5.2330000000000005,-1.6845761740391878,86.69999999999993,0.5458161462796474
5234,5.234,-1.518513479508994,86.59999999999998,0.5800111887963781
5235,5.235,-1.2468575072533872,86.49999999999994,0.6140703659236594
5236,5.236,-1.7959080473220879,86.39999999999999,0.6479865304498841
5237,5.237,-1.3083789225474116,86.29999999999995,0.6817525686246172
5238,5.238,-1.3354182271367556,86.20000000000002,0.715361401673959
5239,5.239,-1.5206391232850907,86.09999999999997,0.7488059873085693
5240,5.24,-1.6245293234772729,86.00000000000003,0.782079321222621
5241,5.2410000000000005,-1.7951886750683923,85.89999999999998,0.8151744385841011
5242,5.242,-1.836651092973074,85.80000000000004,0.8480844155158915
5243,5.243,-1.6480885197217428,85.69999999999999,0.8808023705673544
5244,5.244,-1.920114142595984,85.60000000000005,0.9133214661760992
5245,5.245,-0.8367962244311995,85.5,0.9456349101196133
5246,5.246,-1.3728590907097111,85.39999999999995,0.9777359569564842
5247,5.247,-0.01107047736699518,85.30000000000001,1.00961790945667
5248,5.248,-0.315122616428307,85.19999999999996,1.0412741200212132
5249,5.249,-0.10328669141635885,85.10000000000002,1.0726979920897657
5250,5.25,0.4754846263232316,84.99999999999997,1.103882981537413
5251,5.251,0.08787508258755969,84.89999999999992,1.1348225980585573
5252,5.252,-0.029208482977392536,84.79999999999998,1.16551040653934
5253,5.253,0.9530985384832461,84.69999999999993,1.1959400284170016
5254,5.2540000000000004,1.1359851409375565,84.6,1.2261051430265717
5255,5.255,0.734209002428894,84.50000000000006,1.2559994889343853
5256,5.256,1.054803058707333,84.4,1.2856168652581623
5257,5.257,1.2776559411629644,84.30000000000007,1.314951132973382
5258,5.258,1.7246582869237557,84.20000000000002,1.3439962162056567
5259,5.259,1.9537651502180702,84.09999999999997,1.3727461035088715
5260,5.26,1.951955868683265,84.00000000000003,1.4011948491286077
5261,5.261,1.4338138234179594,83.89999999999998,1.42933657425121
5262,5.2620000000000005,1.3865055105439401,83.79999999999993,1.4571654682370683
5263,5.263,2.0527870928443934,83.69999999999999,1.484675789839265
5264,5.264,1.539854938118267,83.59999999999994,1.5118618684061718
5265,5.265,1.2028173868991983,83.50000000000001,1.5387181050683592
5266,5.266,1.761631954610229,83.39999999999995,1.5652389739093697
5267,5.267,1.93865709146928,83.30000000000003,1.5914190231201641
5268,5.268,1.0207772760476534,83.19999999999997,1.6172528761368068
5269,5.269,1.3511270801802788,83.10000000000004,1.6427352327617006
5270,5.2700000000000005,0.8393741295274955,82.99999999999999,1.6678608702672486
5271,5.271,0.21020403130525123,82.90000000000005,1.6926246444824444
5272,5.272,0.9045382975140104,82.8,1.7170214908621595
5273,5.273,0.4436075349122316,82.70000000000006,1.741046425538049
5274,5.274,0.10079867982376622,82.60000000000001,1.7646945463522279
5275,5.275,0.7077365692504368,82.49999999999996,1.7879610338719927
5276,5.276,-0.017031722725883935,82.40000000000002,1.8108411523867436
5277,5.277,0.5296510327872673,82.29999999999997,1.833330250885899
5278,5.2780000000000005,0.887187199960335,82.19999999999992,1.8554237640181446
5279,5.279,0.5601237479599439,82.09999999999998,1.8771172130314888
5280,5.28,0.851020458939475,81.99999999999993,1.8984062066944412
5281,5.281,0.9917895014938011,81.89999999999999,1.9192864421972053
5282,5.282,0.2807591492561821,81.79999999999994,1.9397537060339234
5283,5.283,0.4844559545520356,81.70000000000002,1.9598038748644784
5284,5.284,0.0632561471863684,81.60000000000007,1.9794329163568452
5285,5.285,-0.2646442884607857,81.50000000000001,1.9986368900090798
5286,5.2860000000000005,0.24780182780592905,81.39999999999998,2.0174119479508312
5287,5.287,0.49615901709956256,81.30000000000004,2.035754335724734
5288,5.288,-0.4114333739831608,81.19999999999999,2.053660393046873
5289,5.289,0.1099989126812692,81.10000000000005,2.0711265545465674
5290,5.29,-0.3146149307068553,81.0,2.0881493504851836
5291,5.291,-0.6852668309015889,80.89999999999995,2.1047254074538753
5292,5.292,0.12521859026964244,80.80000000000001,2.120851449049983
5293,5.293,0.21410659312982308,80.69999999999996,2.1365242965323223
5294,5.2940000000000005,-0.510513305043121,80.59999999999991,2.151740869454566
5295,5.295,-0.3749306689742601,80.49999999999997,2.1664981862773844
5296,5.296,-0.7414588356388526,80.39999999999992,2.1807933649585816
5297,5.297,-0.06131141246426103,80.29999999999998,2.1946236235214522
5298,5.298,-1.228939733749283,80.20000000000005,2.2079862806011277
5299,5.299,-0.20804130877616658,80.1,2.220878755968838
5300,5.3,0.12613127806986468,80.00000000000006,2.233298571033966
5301,5.301,-0.3831595475249991,79.9,2.245243349323806
5302,5.3020000000000005,0.1522222578900415,79.79999999999995,2.2567108169409527
5303,5.303,-0.5717868003216992,79.70000000000002,2.2676988029981264
5304,5.304,-0.9999050675799972,79.59999999999997,2.2782052400306365
5305,5.305,-0.5932352818568961,79.50000000000003,2.2882281643858997
5306,5.306,-0.6001131278514771,79.39999999999998,2.297765716590591
5307,5.307,-0.9210311099086468,79.29999999999993,2.306816141694685
5308,5.308,-0.4234088664602751,79.19999999999999,2.3153777895929166
5309,5.309,-0.9809570181764014,79.09999999999994,2.3234491153231804
5310,5.3100000000000005,-0.921551469381406,79.0,2.3310286793420336
5311,5.311,-0.43665792919378965,78.89999999999995,2.3381151477771858
5312,5.312,-1.1673194858215847,78.80000000000001,2.344707292656942
5313,5.313,-0.7083882383514767,78.70000000000007,2.350803992116559
5314,5.314,-0.889948932136826,78.60000000000002,2.356404230581494
5315,5.315,-0.18895046404416838,78.49999999999997,2.3615070989275
5316,5.316,-1.4382226170831203,78.40000000000005,2.3661117946175385
5317,5.317,-1.703047704432405,78.29999999999998,2.370217621815578
5318,5.3180000000000005,-1.1215338987737116,78.19999999999995,2.3738239914770793
5319,5.319,-1.5355246205917976,78.10000000000001,2.376930421416395
5320,5.32,-1.6964763979914959,77.99999999999996,2.379536536350891
5321,5.321,-1.5180668573638538,77.90000000000002,2.3816420679218924
5322,5.322,-1.0079357633462278,77.79999999999997,2.3832468546924286
5323,5.323,-1.4571174735362709,77.69999999999992,2.3843508421218083
5324,5.324,-2.4027602488337974,77.59999999999998,2.384954082517019
5325,5.325,-1.4847195255394774,77.49999999999993,2.3850567349609952
5326,5.3260000000000005,-0.6595697994802341,77.39999999999999,2.3846590652177846
5327,5.327,-0.8682468626729107,77.30000000000005,2.3837614456146237
5328,5.328,-0.6363871605398016,77.2,2.3823643549009854
5329,5.329,-0.7297302521703657,77.10000000000007,2.3804683780846383
5330,5.33,-0.5173643845195784,77.00000000000001,2.378074206244744
5331,5.331,-0.4408696351597917,76.89999999999996,2.3751826363220934
5332,5.332,0.14504485689388097,76.80000000000003,2.37179457088648
5333,5.333,-0.5053459219814519,76.69999999999997,2.3679110178813234
5334,5.3340000000000005,0.07991378717372943,76.59999999999994,2.363533090345595
5335,5.335,-0.7217265616351508,76.5,2.358662006113129
5336,5.336,0.27745583617664493,76.39999999999995,2.353299087489332
5337,5.337,0.7506594847914834,76.30000000000001,2.3474457609055386
5338,5.338,1.7103944003033227,76.19999999999996,2.341103556550858
5339,5.339,1.295577910698177,76.09999999999991,2.3342741079818587
5340,5.34,1.3063556743365827,75.99999999999997,2.3269591517100365
5341,5.341,0.8445475437485207,75.90000000000003,2.3191605267671163
5342,5.3420000000000005,1.958425631682116,75.79999999999998,2.3108801742485627
5343,5.343,1.7673613481007693,75.70000000000005,2.302120136835051
5344,5.344,2.161113233989473,75.6,2.2928825582923116
5345,5.345,1.572970786537866,75.50000000000006,2.28316968294932
5346,5.346,1.4854185534644593,75.4,2.272983855154994
5347,5.347,1.8522884143371101,75.29999999999995,2.262327518713533
5348,5.348,1.311790254404572,75.20000000000002,2.251203216298583
5349,5.349,1.4025905485317516,75.09999999999997,2.239613588846168
5350,5.3500000000000005,1.074400991362289,74.99999999999991,2.2275613749269336
5351,5.351,1.3777962459597257,74.89999999999998,2.215049410097349
5352,5.352,0.43802503269902315,74.79999999999993,2.202080626230441
5353,5.353,0.4291906620299353,74.69999999999999,2.1886580508260067
5354,5.354,0.9004478931245475,74.59999999999994,2.174784806300448
5355,5.355,0.6699324267011164,74.5,2.1604641092566585
5356,5.356,0.5225144743481462,74.40000000000006,2.145699269733678
5357,5.357,1.320209171795119,74.30000000000001,2.130493690436751
5358,5.3580000000000005,-0.3457910900648751,74.19999999999996,2.1148508659476755
5359,5.359,0.1663933398934629,74.10000000000002,2.098774381915827
5360,5.36,0.37329216837401336,73.99999999999997,2.0822679142297016
5361,5.361,0.6536634028696818,73.90000000000003,2.065335228169806
5362,5.362,0.22358874181794325,73.79999999999998,2.047980177542218
5363,5.363,0.05316497137923315,73.69999999999995,2.0302067037939926
5364,5.364,0.2948155649412132,73.6,2.0120188351096955
5365,5.365,-0.10859144725718639,73.49999999999994,1.9934206854899734
5366,5.3660000000000005,-0.04613663243285465,73.3999999999999,1.9744164538119975
5367,5.367,0.5367650178440071,73.29999999999997,1.955010422872121
5368,5.368,0.11316539096413025,73.19999999999992,1.9352069584109468
5369,5.369,0.37117568943282264,73.09999999999998,1.9150105081210465
5370,5.37,0.29706200350967743,73.00000000000004,1.894425600637531
5371,5.371,-0.4615706702312809,72.89999999999999,1.8734568445117168
5372,5.372,-0.5227853515679339,72.80000000000005,1.852108927168234
5373,5.373,0.7115923579851575,72.7,1.8303866138453908
5374,5.3740000000000006,1.0842939789989525,72.59999999999995,1.8082947465198613
5375,5.375,0.28988501199499894,72.50000000000001,1.7858382428149209
5376,5.376,-0.2840439643435623,72.39999999999996,1.7630220948933197
5377,5.377,0.25105189800062,72.30000000000003,1.7398513683345977
5378,5.378,-0.923598648146154,72.19999999999997,1.7163312009972338
5379,5.3790000000000004,0.14816316589840733,72.09999999999992,1.6924668018658733
5380,5.38,0.3033784524167411,71.99999999999999,1.6682634498838937
5381,5.381,-0.32797240789789095,71.89999999999993,1.6437264927715696
5382,5.382,-0.4534470222307584,71.8,1.6188613458301138
5383,5.383,-1.1070398425045462,71.69999999999995,1.5936734907318515
5384,5.384,-0.510255319227962,71.60000000000001,1.568168474296793
5385,5.385,-0.9815234500412658,71.50000000000007,1.5423519072560408
5386,5.386,-0.6245672850673022,71.40000000000002,1.516229463001771
5387,5.3870000000000005,-0.9497334477307146,71.29999999999998,1.4898068763250898
5388,5.388,-1.1500140607441212,71.20000000000005,1.4630899421408028
5389,5.389,-0.758503768528205,71.1,1.4360845142004068
5390,5.39,-0.3550702655368419,71.00000000000006,1.4087965037930474
5391,5.391,-1.1097048873636965,70.9,1.3812318784349022
5392,5.392,-0.5930881792395408,70.79999999999995,1.353396660547243
5393,5.393,-1.0818557786401068,70.70000000000002,1.3252969261236507
5394,5.394,-0.821677009302174,70.59999999999997,1.2969388033861216
5395,5.3950000000000005,-1.0169897817895914,70.49999999999991,1.2683284714312835
5396,5.396,-1.4711746769178151,70.39999999999998,1.2394721588662718
5397,5.397,-1.1956915222538733,70.29999999999993,1.2103761424345232
5398,5.398,-0.6487141465414683,70.19999999999999,1.1810467456327876
5399,5.399,-1.2630182728548696,70.10000000000005,1.1514903373180776
5400,5.4,-1.6882344138722256,70.0,1.1217133303066384
5401,5.401,-0.8827719639997447,69.90000000000006,1.0917221799636119
5402,5.402,-1.530978174913824,69.80000000000001,1.061523382784919
5403,5.4030000000000005,-2.0238090469296064,69.69999999999996,1.031123474971013
5404,5.404,-1.8222668330625509,69.60000000000002,1.0005290309932309
5405,5.405,-1.646793700125518,69.49999999999997,0.9697466621523769
5406,5.406,-2.0702042437297825,69.40000000000003,0.9387830151311113
5407,5.407,-1.5378216678460115,69.29999999999998,0.9076447705387607
5408,5.408,-2.04180159510423,69.19999999999993,0.8763386414507361
5409,5.409,-1.5654718650983421,69.1,0.844871371941193
5410,5.41,-1.4629961836721408,68.99999999999994,0.8132497356103107
5411,5.4110000000000005,-1.3210914398913003,68.89999999999989,0.781480534106504
5412,5.412,-0.30544037347422415,68.79999999999995,0.7495705956430216
5413,5.413,-0.7115989713394602,68.70000000000002,0.7175267735103082
5414,5.414,-0.8518824999265864,68.59999999999998,0.6853559445838161
5415,5.415,0.12861286788311593,68.50000000000004,0.6530650078278053
5416,5.416,-0.44131697851803403,68.39999999999999,0.6206608827954042
5417,5.417,0.8027030599852313,68.30000000000005,0.5881505081254809
5418,5.418,-0.1859027525581829,68.2,0.5555408400359575
5419,5.4190000000000005,-0.033902083707585406,68.09999999999995,0.5228388508152058
5420,5.42,1.2642455966064148,68.00000000000001,0.4900515273102589
5421,5.421,0.594012383939754,67.89999999999996,0.4571858694134822
5422,5.422,0.6416620919455989,67.80000000000003,0.4242488885473331
5423,5.423,1.6752177262443533,67.69999999999997,0.3912476061477628
5424,5.424,0.8208293224058191,67.59999999999992,0.358189052146566
5425,5.425,1.1922672555990046,67.49999999999999,0.3250802634530051
5426,5.426,2.5019014311589154,67.39999999999993,0.29192828243504554
5427,5.4270000000000005,0.9955472576034342,67.3,0.2587401554005003
5428,5.428,2.089105115221189,67.20000000000006,0.22552293107864405
5429,5.429,2.035176995362248,67.10000000000001,0.19228365910191136
5430,5.43,1.22568748039755,67.00000000000007,0.15902938848938028
5431,5.431,1.2121856364094001,66.90000000000002,0.12576716613051211
5432,5.432,1.4206874231500795,66.79999999999997,0.09250403527150197
5433,5.433,1.5367136344877563,66.70000000000003,0.059247034002708254
5434,5.434,0.8588865874619092,66.59999999999998,0.02600319374886233
5435,5.4350000000000005,1.4823785073886753,66.49999999999993,-0.007220462238332178
5436,5.436,0.53754624360596,66.39999999999999,-0.04041692038465424
5437,5.437,0.35079874876528816,66.29999999999995,-0.07357917829458013
5438,5.438,0.9109148960498241,66.20000000000002,-0.10670024624893272
5439,5.439,0.5119322248478371,66.09999999999997,-0.13977314869864008
5440,5.44,0.789091634384526,65.99999999999991,-0.17279092575431304
5441,5.441,0.816368881849193,65.89999999999998,-0.20574663467109144
5442,5.442,0.3665283978622267,65.80000000000004,-0.23863335132915237
5443,5.4430000000000005,0.8716133712848414,65.69999999999999,-0.2714441717082294
5444,5.444,0.3214112255160825,65.60000000000005,-0.3041722133574481
5445,5.445,0.03811795490635356,65.5,-0.3368106168588286
5446,5.446,-0.13274859887320856,65.40000000000006,-0.3693525472848557
5447,5.447,0.8806505964601761,65.30000000000001,-0.401791195649573
5448,5.448,0.506487361002028,65.19999999999996,-0.43411978035295645
5449,5.449,0.28251525780576103,65.10000000000002,-0.46633154861803006
5450,5.45,0.07958094111258607,64.99999999999997,-0.49841977792108705
5451,5.4510000000000005,1.1459372551250149,64.89999999999992,-0.5303777774136246
5452,5.452,0.4892659720800222,64.79999999999998,-0.5621988893365825
5453,5.453,0.5247384128422995,64.69999999999993,-0.5938764904266051
5454,5.454,-0.10785706841389997,64.6,-0.6254039933129312
5455,5.455,0.8717887103119752,64.49999999999994,-0.6567748479063644
5456,5.456,-0.19530626437562104,64.4,-0.687982542778095
5457,5.457,-0.32861060658759544,64.29999999999995,-0.7190206065298499
5458,5.458,0.24472534098466978,64.20000000000002,-0.7498826091537749
5459,5.4590000000000005,-0.41214424242917924,64.09999999999997,-0.7805621633824767
5460,5.46,0.13264153185833266,64.00000000000003,-0.8110529260285013
5461,5.461,-0.2847448210357303,63.899999999999984,-0.8413485993136659
5462,5.462,-0.29621090149590223,63.80000000000005,-0.8714429321866929
5463,5.463,-0.36587320698441345,63.699999999999996,-0.9013297216305828
5464,5.464,-0.010513813156044882,63.599999999999945,-0.9310028139575882
5465,5.465,-0.11994693213529828,63.50000000000001,-0.960456106093193
5466,5.466,-0.1392824983776234,63.399999999999956,-0.9896835468477687
5467,5.4670000000000005,-0.479372934951929,63.299999999999905,-1.0186791381756972
5468,5.468,0.11496412341777817,63.199999999999974,-1.047436936422493
5469,5.469,-0.19852903036317754,63.09999999999992,-1.0759510535586747
5470,5.47,-0.22427961335708652,62.999999999999986,-1.1042156584007494
5471,5.471,0.15027564436893248,62.90000000000005,-1.1322249778188302
5472,5.472,-0.5246143688532371,62.8,-1.1599732979307118
5473,5.473,-0.726227120171185,62.70000000000006,-1.1874549652819428
5474,5.474,-1.1720116983668458,62.60000000000001,-1.2146643880122667
5475,5.4750000000000005,-0.38457946084839517,62.49999999999996,-1.2415960370070547
5476,5.476,-1.1340341723998029,62.40000000000002,-1.268244447034864
5477,5.477,-0.03476999786220514,62.29999999999997,-1.2946042178697597
5478,5.478,-0.9114738739817742,62.20000000000003,-1.3206700153987765
5479,5.479,-1.331999185858395,62.09999999999998,-1.3464365727140866
5480,5.48,-0.6880036075911742,61.99999999999993,-1.3718986911896882
5481,5.481,-1.3540404708944593,61.89999999999999,-1.3970512415423846
5482,5.482,-1.2838756180668662,61.79999999999995,-1.42188916487683
5483,5.4830000000000005,-1.0118023927209963,61.699999999999896,-1.4464074737144703
5484,5.484,-1.5830968529726022,61.59999999999996,-1.470601253005973
5485,5.485,-1.5719510336415972,61.50000000000002,-1.4944656611274891
5486,5.486,-1.780248687171459,61.39999999999997,-1.517995930859523
5487,5.487,-1.634633259887055,61.30000000000003,-1.5411873703495784
5488,5.488,-1.6356042131984785,61.19999999999998,-1.5640353640569085
5489,5.489,-2.199181968578093,61.100000000000044,-1.5865353736805252
5490,5.49,-1.5194554265467606,60.99999999999999,-1.608682939069291
5491,5.4910000000000005,-1.9873467648566456,60.89999999999994,-1.6304736791144296
5492,5.492,-1.733330654721051,60.800000000000004,-1.651903292624104
5493,5.493,-1.6781727418197345,60.69999999999995,-1.6729675591799125
5494,5.494,-1.2852778554990925,60.60000000000002,-1.693662339975138
5495,5.495,-1.1921459987686924,60.49999999999997,-1.7139835786345685
5496,5.496,-1.12068075295811,60.39999999999992,-1.7339273020157606
5497,5.497,-0.029793507742415626,60.29999999999998,-1.753489620991435
5498,5.498,-0.8832934904084724,60.19999999999993,-1.772666731213294
5499,5.4990000000000006,-0.38737973645024404,60.099999999999994,-1.7914549138562945
5500,5.5,0.07805545230617195,60.00000000000006,-1.809850536344221
5501,5.501,-0.0519860559104362,59.900000000000006,-1.8278500530556003
5502,5.502,0.6509294989472273,59.80000000000007,-1.8454500060102716
5503,5.503,0.9138270513608734,59.70000000000002,-1.8626470255363117
5504,5.5040000000000004,1.1695226792078226,59.599999999999966,-1.8794378309172413
5505,5.505,0.8284985425404545,59.50000000000003,-1.8958192310193596
5506,5.506,1.585286420653602,59.39999999999998,-1.911788124899099
5507,5.507,0.924595303763058,59.30000000000005,-1.9273415023902898
5508,5.508,1.7288052051297753,59.199999999999996,-1.9424764446712106
5509,5.509,1.377267634763049,59.099999999999945,-1.9571901248113481
5510,5.51,1.4967367619300278,59.00000000000001,-1.9714798082976464
5511,5.511,2.1825530957299177,58.899999999999956,-1.9853428535404867
5512,5.5120000000000005,1.1320182441447004,58.799999999999905,-1.9987767123586941
5513,5.513,2.252922390706848,58.69999999999997,-2.011778930444217
5514,5.514,1.9608866384761119,58.60000000000003,-2.0243471478057944
5515,5.515,1.811000003833181,58.49999999999998,-2.0364790991918738
5516,5.516,1.063147432069601,58.40000000000004,-2.0481726144925605
5517,5.517,0.4922780253595458,58.29999999999999,-2.0594256191206095
5518,5.518,0.7733482620628623,58.20000000000005,-2.070236134371266
5519,5.519,1.123218798529464,58.10000000000001,-2.080602277761171
5520,5.5200000000000005,0.4195300662787742,57.99999999999996,-2.090522263345866
5521,5.521,1.1197459142424502,57.90000000000002,-2.099994402016184
5522,5.522,0.5979517037639452,57.79999999999997,-2.109017101773459
5523,5.523,0.6253472283466455,57.70000000000003,-2.117588867983179
5524,5.524,0.3715377028831555,57.59999999999998,-2.1257083036075923
5525,5.525,1.059015248339236,57.49999999999993,-2.1333741094166347
5526,5.526,0.2987759846473116,57.39999999999999,-2.140585084177696
5527,5.527,-0.10505648156095848,57.29999999999994,-2.147340124823807
5528,5.5280000000000005,0.4768866635492992,57.2,-2.1536382266004472
5529,5.529,0.6854919444448018,57.09999999999995,-2.1594784831908376
5530,5.53,0.6925068710186963,57.000000000000014,-2.164860086819878
5531,5.531,0.5763768656550157,56.90000000000008,-2.1697823283364457
5532,5.532,1.133819143203377,56.800000000000026,-2.1742445972744173
5533,5.533,0.8421317676422142,56.69999999999998,-2.178246381892049
5534,5.534,-0.22475006345883197,56.600000000000044,-2.1817872691900515
5535,5.535,0.5957505413015066,56.49999999999999,-2.184866944908156
5536,5.5360000000000005,0.775548552148903,56.39999999999994,-2.187485193500257
5537,5.537,-0.10054459903046359,56.300000000000004,-2.189641898088225
5538,5.538,0.27355734661941755,56.19999999999995,-2.1913370403943113
5539,5.539,-0.023287994496975162,56.100000000000016,-2.1925707006522517
5540,5.54,0.43996289578183034,55.999999999999964,-2.193343057497073
5541,5.541,-0.5158679072326336,55.89999999999991,-2.193654387833679
5542,5.542,0.6698759796192193,55.799999999999976,-2.1935050666842213
5543,5.543,0.3411622518267524,55.70000000000004,-2.1928955670143537
5544,5.5440000000000005,-0.30833588784742405,55.599999999999994,-2.19182645953839
5545,5.545,-0.2604274577992552,55.50000000000006,-2.190298412503454
5546,5.546,0.10411870458884659,55.400000000000006,-2.188312191452672
5547,5.547,-0.7215146184350102,55.30000000000007,-2.1858686589674967
5548,5.548,-1.2021202310638561,55.20000000000002,-2.182968774389211
5549,5.549,-0.6354984747138706,55.099999999999966,-2.1796135935197287
5550,5.55,0.12540886715750765,55.00000000000003,-2.1758042683017442
5551,5.551,-1.043551709682784,54.89999999999998,-2.171542046478339
5552,5.5520000000000005,-0.7142353768882677,54.799999999999926,-2.1668282712321343
5553,5.553,-0.577476634139731,54.69999999999999,-2.1616643808041065
5554,5.554,-0.42370804133358136,54.59999999999994,-2.1560519080920884
5555,5.555,-0.474726472597672,54.5,-2.1499924802292383
5556,5.556,-0.6944751043877131,54.39999999999995,-2.1434878181423263
5557,5.557,-1.023135144498783,54.30000000000001,-2.1365397360902683
5558,5.558,-0.8131348499111226,54.19999999999997,-2.129150141182717
5559,5.559,-0.9985339514043952,54.10000000000003,-2.1213210328790653
5560,5.5600000000000005,-0.6491755306077241,53.99999999999998,-2.1130545024678837
5561,5.561,-0.8608533229427702,53.90000000000004,-2.10435273252694
5562,5.562,-1.0317845627988929,53.79999999999999,-2.095217996363948
5563,5.563,-0.7732900010946717,53.70000000000005,-2.0856526574381866
5564,5.564,-0.47013677353317285,53.6,-2.0756591687631243
5565,5.565,-0.9543717291273291,53.49999999999995,-2.0652400722902016
5566,5.566,-0.8094874059156131,53.40000000000001,-2.0543979982739775
5567,5.567,-1.0925511079298191,53.29999999999997,-2.0431356646185983
5568,5.5680000000000005,-1.1543906142006843,53.19999999999991,-2.0314558762061408
5569,5.569,-1.7697609888235444,53.09999999999998,-2.0193615242065075
5570,5.57,-1.1191591925406974,52.99999999999993,-2.0068555853694408
5571,5.571,-2.2931468519856537,52.89999999999999,-1.9939411212986256
5572,5.572,-1.3574587986620847,52.79999999999994,-1.98062127770811
5573,5.573,-1.6296222063583714,52.7,-1.966899283661212
5574,5.574,-2.0066712568800504,52.600000000000065,-1.9527784507921795
5575,5.575,-1.828624976894005,52.500000000000014,-1.9382621725105251
5576,5.5760000000000005,-1.6602203196336935,52.39999999999996,-1.923353923188663
5577,5.577,-1.01626248604679,52.300000000000026,-1.9080572573326886
5578,5.578,-1.2215964077582462,52.199999999999974,-1.8923758087364573
5579,5.579,-1.1173059277700321,52.10000000000004,-1.876313289619678
5580,5.58,-0.9647270004158125,51.999999999999986,-1.8598734897494074
5581,5.581,-0.1029756551286864,51.899999999999935,-1.8430602755460732
5582,5.582,-0.7357007193318795,51.8,-1.8258775891733816
5583,5.583,0.2664290474466075,51.69999999999995,-1.8083294476129554
5584,5.5840000000000005,-0.12712952716825476,51.5999999999999,-1.7904199417235789
5585,5.585,0.5125138499670611,51.499999999999964,-1.7721532352854885
5586,5.586,0.6018060024847803,51.40000000000003,-1.7535335640295395
5587,5.587,0.7938400534921972,51.299999999999976,-1.7345652346522147
5588,5.588,1.273835805960541,51.20000000000004,-1.7152526238156893
5589,5.589,1.2336915509912185,51.09999999999999,-1.6956001771343086
5590,5.59,2.191310267932817,51.00000000000005,-1.6756124081466857
5591,5.591,1.6674223742095018,50.9,-1.6552938972742992
5592,5.5920000000000005,1.3513672323433963,50.799999999999955,-1.634649290766836
5593,5.593,1.024441679776607,50.70000000000001,-1.613683299633973
5594,5.594,1.4204312880126515,50.599999999999966,-1.5924006985644974
5595,5.595,2.088134850451879,50.50000000000003,-1.570806324832624
5596,5.596,1.9589581251029482,50.39999999999998,-1.5489050771918786
5597,5.597,1.5072344799532307,50.299999999999926,-1.526701914756781
5598,5.598,1.2049224458093681,50.19999999999999,-1.5042018558727153
5599,5.599,1.091344196100455,50.09999999999994,-1.4814099769737903
5600,5.6000000000000005,0.4697918612800829,50.0,-1.458331411429827
5601,5.601,0.959800692654825,49.89999999999995,-1.4349713483816589
5602,5.602,0.6390675816605453,49.80000000000001,-1.4113350315658966
5603,5.603,0.9562798306738978,49.700000000000074,-1.3874277581289571
5604,5.604,0.3472678640628808,49.60000000000002,-1.3632548774307651
5605,5.605,0.8704289503525166,49.49999999999997,-1.3388217898383936
5606,5.606,0.6721662037840221,49.400000000000034,-1.3141339455099044
5607,5.607,0.27303651120451256,49.29999999999998,-1.2891968431686711
5608,5.6080000000000005,1.1779120401281264,49.19999999999994,-1.2640160288684432
5609,5.609,0.0971752979373044,49.1,-1.2385970947495892
5610,5.61,0.6327679600194424,48.99999999999995,-1.2129456777862717
5611,5.611,0.6440716508903342,48.90000000000001,-1.1870674585258703
5612,5.612,0.9645061545842362,48.79999999999996,-1.1609681598195185
5613,5.613,-0.41848726232203615,48.69999999999991,-1.1346535455455962
5614,5.614,0.13693866835558582,48.59999999999997,-1.1081294193250293
5615,5.615,0.3671954020259447,48.49999999999992,-1.0814016232297408
5616,5.6160000000000005,0.20699072594887263,48.399999999999984,-1.0544760364840002
5617,5.617,0.6660461728906275,48.30000000000005,-1.0273585741591242
5618,5.618,1.254385393438981,48.2,-1.000055185861804
5619,5.619,0.9592507794300522,48.100000000000065,-0.9725718544163595
5620,5.62,0.8742058897489078,48.000000000000014,-0.9449145945411968
5621,5.621,0.6022722338727435,47.89999999999996,-0.9170894515197582
5622,5.622,0.16984073378092868,47.800000000000026,-0.889102499866435
5623,5.623,0.12776980357046347,47.699999999999974,-0.8609598419871536
5624,5.6240000000000006,0.4210047335753945,47.59999999999992,-0.8326676068360411
5625,5.625,-0.7111132853627198,47.499999999999986,-0.8042319485671142
5626,5.626,0.07433562560429241,47.399999999999935,-0.7756590451823994
5627,5.627,-0.4149793391169003,47.3,-0.7469550971761966
5628,5.628,0.6205422663658732,47.199999999999946,-0.7181263261759652
5629,5.6290000000000004,-1.32389666744616,47.10000000000001,-0.689178973580088
5630,5.63,-0.26218519976915683,46.99999999999996,-0.6601192991930056
5631,5.631,-0.4148627890347727,46.90000000000003,-0.6309535798574314
5632,5.632,-0.05909435841175298,46.80000000000008,-0.6016881080849418
5633,5.633,-0.4967389288140911,46.70000000000003,-0.5723291906842458
5634,5.634,0.09182579166709526,46.59999999999999,-0.5428831473880119
5635,5.635,-0.7764665538631654,46.50000000000005,-0.513356309478547
5636,5.636,-0.15023642249527042,46.4,-0.483755018412033
5637,5.6370000000000005,-0.5713124008438328,46.29999999999995,-0.4540856244427986
5638,5.638,-0.2021879902632116,46.20000000000001,-0.4243544852464897
5639,5.639,-0.6660605392481009,46.09999999999996,-0.3945679645436195
5640,5.64,-0.6871389254165543,46.00000000000002,-0.3647324307231696
5641,5.641,0.07924725997520687,45.89999999999998,-0.3348542554667385
5642,5.642,-0.4525741403048787,45.79999999999992,-0.30493981237348594
5643,5.643,0.014906709505625337,45.69999999999999,-0.27499547558637244
5644,5.644,-0.6831238087538896,45.59999999999994,-0.24502761841935333
5645,5.6450000000000005,-1.3260883254987352,45.5,-0.21504261198702437
5646,5.646,-1.5890201090508245,45.40000000000006,-0.18504682383558219
5647,5.647,-0.6409592984505648,45.30000000000001,-0.15504661657639116
5648,5.648,-1.4375888430047903,45.200000000000074,-0.1250483465224578
5649,5.649,-0.37964621121534536,45.10000000000002,-0.09505836232707487
5650,5.65,-1.5569312402889286,44.99999999999997,-0.06508300362654953
5651,5.651,-2.0373948523936742,44.900000000000034,-0.0351285996856605
5652,5.652,-1.2022366621126095,44.79999999999998,-0.0052014680473727185
5653,5.6530000000000005,-2.1635908428004273,44.69999999999993,0.02469208681357632
5654,5.654,-1.5820339738962592,44.599999999999994,0.0545457748325172
5655,5.655,-1.7128166231069952,44.49999999999994,0.08435332169250315
5656,5.656,-1.7499979649283515,44.400000000000006,0.11410847015625765
5657,5.657,-1.8900706900337312,44.299999999999955,0.14380498139380313
5658,5.658,-2.431360061314729,44.19999999999991,0.1734366363036668
5659,5.659,-1.7642809023207486,44.09999999999997,0.20299723682905263
5660,5.66,-1.4636257631273009,44.000000000000036,0.23248060726746664
5661,5.6610000000000005,-0.9412450802579074,43.899999999999984,0.26188059557416193
5662,5.662,-0.950964810594166,43.80000000000005,0.2911910746589192
5663,5.663,-1.1516746972310667,43.699999999999996,0.3204059436759156
5664,5.664,-0.8907020381238768,43.60000000000006,0.34951912930641116
5665,5.665,-0.6306127476711862,43.50000000000001,0.37852458703397474
5666,5.666,-0.5454119617972768,43.399999999999956,0.4074163024120138
5667,5.667,0.6672761460196283,43.300000000000026,0.43618829232313583
5668,5.668,0.03826516407388347,43.199999999999974,0.4648346062307032
5669,5.6690000000000005,0.004238248134321276,43.09999999999992,0.493349327421151
5670,5.67,0.2867605379137179,42.999999999999986,0.521726574238228
5671,5.671,0.8440860049706743,42.899999999999935,0.5499605013077326
5672,5.672,1.7044335735652023,42.8,0.5780453007531179
5673,5.673,1.6199487585643968,42.699999999999946,0.6059752034015032
5674,5.674,0.7990234113144166,42.60000000000001,0.6337444799798789
5675,5.675,1.3502754449139165,42.50000000000007,0.6613474423012413
5676,5.676,1.2402943311533936,42.40000000000002,0.6887784444404199
5677,5.6770000000000005,1.5845216918763427,42.29999999999997,0.7160318838993786
5678,5.678,1.6066634445795118,42.20000000000003,0.7431022027615503
5679,5.679,2.0899280641947713,42.09999999999998,0.7699838888355696
5680,5.68,2.482877871108045,42.00000000000004,0.7966714767870291
5681,5.681,1.095759061563204,41.89999999999999,0.8231595492595548
5682,5.682,1.6886756939026646,41.79999999999994,0.8494427379833178
5683,5.683,0.9678050702016441,41.70000000000001,0.8755157248722624
5684,5.684,0.8746021553892731,41.59999999999995,0.901373243108715
5685,5.6850000000000005,0.926742896886805,41.49999999999991,0.9270100782157376
5686,5.686,1.3797092517614924,41.39999999999997,0.9524210691168116
5687,5.687,0.6581947731764026,41.29999999999992,0.9776011091826651
5688,5.688,1.0931103846833434,41.19999999999998,1.0025451472650408
5689,5.689,1.128180600996072,41.100000000000044,1.0272481887171714
5690,5.69,1.0778173689318185,40.99999999999999,1.051705296400804
5691,5.691,1.197440303274591,40.90000000000006,1.0759115916793809
5692,5.692,0.2791147276718885,40.80000000000001,1.099862255397719
5693,5.6930000000000005,0.4062345249530539,40.69999999999996,1.1235525288469959
5694,5.694,0.4613523054581923,40.60000000000002,1.146977714716055
5695,5.695,0.21143840193027208,40.49999999999997,1.170133178027847
5696,5.696,0.7747396146813332,40.400000000000034,1.1930143470613646
5697,5.697,1.0042077114150296,40.29999999999998,1.215616714258692
5698,5.698,0.6115632306686399,40.19999999999993,1.2379358371170657
5699,5.699,1.19240801430221,40.099999999999994,1.2599673390655866
5700,5.7,0.8457624435451051,39.99999999999994,1.2817069103268968
5701,5.7010000000000005,0.5511135898471472,39.89999999999989,1.3031503087628833
5702,5.702,0.4813460948662509,39.799999999999955,1.324293360704874
5703,5.703,-0.18759563409415464,39.70000000000002,1.3451319617681676
5704,5.704,0.31518348199389523,39.60000000000008,1.3656620776500017
5705,5.705,0.5501692250895048,39.50000000000003,1.38587974491198
5706,5.706,0.5147243501512839,39.39999999999998,1.4057810717455188
5707,5.707,0.11558070193757133,39.30000000000004,1.4253622387213398
5708,5.708,0.3052745023752474,39.19999999999999,1.4446194995220012
5709,5.7090000000000005,0.4371404379439211,39.09999999999994,1.4635491816578052
5710,5.71,0.2102869758922961,39.00000000000001,1.4821476871656576
5711,5.711,-0.4577994749353589,38.899999999999956,1.5004114932911943
5712,5.712,0.4448425153543927,38.80000000000002,1.518337153153252
5713,5.713,-0.13619474138253584,38.69999999999997,1.5359212963916213
5714,5.714,-0.3893847472690287,38.599999999999916,1.5531606297968206
5715,5.715,-0.17893595191004524,38.499999999999986,1.5700519379227975
5716,5.716,-0.4633777755420828,38.399999999999935,1.586592083681801
5717,5.7170000000000005,-0.4496934061104579,38.29999999999999,1.6027780089213577
5718,5.718,-0.46045344654345727,38.20000000000006,1.618606734983724
5719,5.719,-0.950217964589812,38.10000000000001,1.6340753632471154
5720,5.72,-0.3443783387420867,38.00000000000007,1.6491810756490082
5721,5.721,0.060591637739135784,37.90000000000002,1.6639211351912646
5722,5.722,-0.7426588803560797,37.79999999999997,1.678292886427058
5723,5.723,-0.5285494147392312,37.70000000000003,1.69229375592939
5724,5.724,-0.6291415003551445,37.59999999999998,1.70592125274145
5725,5.7250000000000005,-0.6508992979601316,37.49999999999993,1.7191729688081454
5726,5.726,-0.19038332845306777,37.39999999999999,1.7320465793894584
5727,5.727,-0.028539973270074404,37.29999999999994,1.7445398434549542
5728,5.728,-0.6445827661074082,37.2,1.7566506040597252
5729,5.729,-1.0275123405089612,37.09999999999995,1.768376788701573
5730,5.73,-1.2187061982342582,36.9999999999999,1.77971640965943
5731,5.731,-0.34787914038124,36.89999999999996,1.7906675643129324
5732,5.732,-2.0236743515630056,36.800000000000026,1.8012284354431178
5733,5.7330000000000005,-1.0550948976281156,36.699999999999974,1.8113972915142253
5734,5.734,-1.0897152737420661,36.600000000000044,1.8211724869364603
5735,5.735,-1.7046498435309205,36.499999999999986,1.8305524623099445
5736,5.736,-1.515643120690207,36.400000000000055,1.8395357446493747
5737,5.737,-1.6106663193273385,36.300000000000004,1.8481209475899512
5738,5.738,-2.64414248411944,36.19999999999995,1.856306771573933
5739,5.739,-1.8386261264960795,36.10000000000002,1.8640920040183677
5740,5.74,-1.4550937592459277,35.999999999999964,1.8714755194635646
5741,5.7410000000000005,-1.8946497393058366,35.89999999999991,1.8784562797025355
5742,5.742,-0.9785116253438501,35.79999999999998,1.8850333338913112
5743,5.743,-0.8642473163031548,35.69999999999993,1.8912058186401495
5744,5.744,-1.644731311205089,35.599999999999994,1.896972958085658
5745,5.745,-0.9885898896474159,35.49999999999994,1.9023340639438042
5746,5.746,-0.717966141244052,35.400000000000006,1.9072885355438725
5747,5.747,-0.6712102657152978,35.30000000000007,1.9118358598433105
5748,5.748,-0.8743402255862225,35.20000000000002,1.9159756114236326
5749,5.7490000000000006,-0.12237673507271862,35.099999999999966,1.9197074524671702
5750,5.75,0.7062775521843432,35.00000000000003,1.9230311327149714
5751,5.751,-0.5885955949037779,34.89999999999998,1.9259464894056637
5752,5.752,0.05955503393027911,34.80000000000004,1.9284534471954422
5753,5.753,1.0194893319381944,34.69999999999999,1.930552018059169
5754,5.7540000000000004,1.9682063990419159,34.59999999999994,1.9322423011726677
5755,5.755,0.6222470763415341,34.5,1.9335244827762157
5756,5.756,1.4544170209413347,34.399999999999956,1.9343988360193576
5757,5.757000000000001,0.9900857374086861,34.2999999999999,1.9348657207870168
5758,5.758,2.041856947111997,34.19999999999997,1.934925583507029
5759,5.759,1.375736237907978,34.099999999999916,1.934578956939149
5760,5.76,1.492542142172585,33.99999999999998,1.933826459945583
5761,5.761,1.7627965694811958,33.900000000000034,1.9326687972431413
5762,5.7620000000000005,2.2778524918909295,33.79999999999998,1.9311067591370843
5763,5.763,1.4844280883410952,33.70000000000005,1.9291412212367394
5764,5.764,1.1688367784197955,33.60000000000001,1.9267731441529756
5765,5.765,1.6631149735504902,33.500000000000064,1.9240035731776428
5766,5.766,1.8326208817635306,33.40000000000002,1.9208336379450357
5767,5.767,1.5722438153012623,33.29999999999997,1.9172645520755183
5768,5.768,1.236747868575164,33.20000000000003,1.9132976128013948
5769,5.769,1.5357116510710176,33.09999999999998,1.908934200575094
5770,5.7700000000000005,1.668905471442357,32.99999999999993,1.9041757786598819
5771,5.771,0.6638686667844917,32.89999999999999,1.89902389270308
5772,5.772,1.1160609606606515,32.79999999999994,1.8934801702919892
5773,5.773,0.5144599932938975,32.7,1.8875463204926863
5774,5.774,0.5987276635243572,32.59999999999995,1.8812241333716264
5775,5.775,-0.44708849838219256,32.500000000000014,1.8745154795004573
5776,5.776,1.390514121184178,32.39999999999996,1.8674223094438993
5777,5.777,0.6527676001017285,32.300000000000026,1.8599466532310212
5778,5.7780000000000005,0.8836360406193755,32.199999999999974,1.8520906198099614
5779,5.779,0.3439729789113591,32.10000000000004,1.8438563964862873
5780,5.78,0.08859308467018662,31.999999999999986,1.8352462483450025
5781,5.781,0.4312404435836542,31.900000000000052,1.8262625176566403
5782,5.782,-0.027979977108853582,31.800000000000004,1.8169076232671744
5783,5.783,-0.03158967239265281,31.699999999999953,1.8071840599723852
5784,5.784,0.13671395321932311,31.600000000000012,1.797094397876377
5785,5.785,0.7212643336268295,31.499999999999964,1.7866412817347517
5786,5.7860000000000005,0.3183700905259942,31.399999999999913,1.7758274302824364
5787,5.787,0.8908685504207048,31.299999999999976,1.7646556355463676
5788,5.788,0.8776328088634331,31.199999999999925,1.7531287621432077
5789,5.789,0.25785052353387183,31.099999999999987,1.7412497465622796
5790,5.79,0.5817079667985021,31.000000000000053,1.729021596433863
5791,5.791,0.319998126536624,30.900000000000002,1.7164473897830663
5792,5.792,-0.0706633673242061,30.80000000000006,1.7035302742694902
5793,5.793,0.4730979121428298,30.700000000000014,1.690273466412654
5794,5.7940000000000005,0.34456315431823226,30.599999999999962,1.676680250803827
5795,5.795,-0.2719003404204853,30.500000000000025,1.6627539793038837
5796,5.796,-0.34368031138647087,30.399999999999974,1.6484980702278451
5797,5.797,-0.435910152956396,30.30000000000004,1.6339160075160661
5798,5.798,-0.5366950852491287,30.19999999999999,1.6190113398923252
5799,5.799,-0.45850777866467285,30.099999999999934,1.6037876800090323
5800,5.8,0.019700071302323485,30.0,1.58824870357974
5801,5.801,-0.4315788022655368,29.899999999999952,1.5723981484991703
5802,5.8020000000000005,-0.7195407187323948,29.7999999999999,1.556239813950967
5803,5.803,-0.11234926880747487,29.69999999999996,1.539777559503468
5804,5.804,-0.13021444748293604,29.600000000000023,1.5230153041933931
5805,5.805,-0.31477087855979735,29.49999999999997,1.5059570255983075
5806,5.806,-0.44012687061187183,29.40000000000004,1.4886067588971865
5807,5.807,-1.3320139593672657,29.29999999999999,1.4709685959202936
5808,5.808,-0.7246261469252704,29.20000000000005,1.4530466841876708
5809,5.809,-0.8851728892478006,29.1,1.4348452259371525
5810,5.8100000000000005,-0.24700000987066417,28.99999999999995,1.4163684771417586
5811,5.811,-0.45409185073903047,28.900000000000013,1.3976207465169246
5812,5.812,-0.6550630563439233,28.79999999999996,1.3786063945174218
5813,5.813,-0.6277135274575123,28.70000000000002,1.3593298323248193
5814,5.814,-1.7657577735803325,28.599999999999973,1.3397955208250922
5815,5.815,-1.29142471221027,28.499999999999922,1.3200079695769915
5816,5.816,-1.539364865787993,28.399999999999988,1.299971735771392
5817,5.817,-1.2253647247096235,28.29999999999994,1.2796914231814833
5818,5.8180000000000005,-1.832877942542007,28.2,1.2591716811048155
5819,5.819,-1.9001502535581611,28.099999999999948,1.2384172032964924
5820,5.82,-1.5091359055534597,28.00000000000001,1.217432726894537
5821,5.821,-2.2376319290176956,27.90000000000007,1.1962230313372662
5822,5.822,-1.8109908644033235,27.80000000000002,1.1747929372730384
5823,5.823,-1.4363920028163182,27.699999999999974,1.1531473054626074
5824,5.824,-1.4899582566798144,27.600000000000037,1.1312910356744554
5825,5.825,-1.8915744979397164,27.499999999999986,1.109229065572914
5826,5.8260000000000005,-0.8824603543510636,27.399999999999935,1.0869663696001788
5827,5.827,-1.2236796239816408,27.299999999999997,1.0645079578514451
5828,5.828,-0.8529018806241211,27.199999999999946,1.0418588749441278
5829,5.829,-1.324991016024563,27.10000000000001,1.019024198881441
5830,5.83,-1.0681721814993952,26.999999999999957,0.9960090399098247
5831,5.831,-0.8953017237452805,26.899999999999906,0.9728185393716785
5832,5.832,-1.3789193227728362,26.79999999999997,0.9494578685524371
5833,5.833,-0.4411966783408574,26.70000000000004,0.925932227523163
5834,5.8340000000000005,0.3829798115086833,26.599999999999987,0.9022468439784207
5835,5.835,0.5561257647803648,26.50000000000005,0.8784069720699973
5836,5.836,0.6372714623462495,26.4,0.8544178912362087
5837,5.837,1.132453871816407,26.30000000000006,0.8302849050280224
5838,5.838,0.934115618774267,26.20000000000001,0.8060133399309379
5839,5.839,1.4826108364507333,26.09999999999996,0.7816085441843292
5840,5.84,1.8738644342193673,26.00000000000003,0.7570758865971845
5841,5.841,1.06145822425829,25.89999999999997,0.7324207553614852
5842,5.8420000000000005,1.4483810887826987,25.79999999999992,0.707648556862979
5843,5.843,1.2588612359214202,25.69999999999999,0.6827647144897677
5844,5.844,1.5927551715331556,25.599999999999937,0.657774667438955
5845,5.845,1.631090535420511,25.5,0.6326838695216191
5846,5.846,1.5314206560674588,25.39999999999995,0.6074977879663677
5847,5.847,1.8803303644394025,25.30000000000001,0.5822219022217255
5848,5.848,1.6688900602816297,25.19999999999996,0.5568617027577788
5849,5.849,1.8938534777077989,25.100000000000023,0.5314226898668059
5850,5.8500000000000005,0.7698873290508278,24.99999999999997,0.5059103724641679
5851,5.851,1.1680809665042309,24.900000000000034,0.4803302668884854
5852,5.852,0.8388091237373492,24.799999999999983,0.4546878957023763
5853,5.853,1.2401067738530753,24.700000000000045,0.4289887864934803
5854,5.854,0.780292338455651,24.599999999999994,0.4032384706761942
5855,5.855,0.9586104713991803,24.499999999999943,0.3774424822943647
5856,5.856,0.9710866343209545,24.400000000000006,0.3516063568251923
5857,5.857,0.9465648823062374,24.299999999999955,0.32573562998460914
5858,5.8580000000000005,0.022371907300153815,24.19999999999991,0.2998358365343665
5859,5.859,-0.059635979539065964,24.099999999999973,0.2739125090912639
5860,5.86,0.6749100211751626,23.999999999999915,0.24797117693822218
5861,5.861,0.5117531954565341,23.899999999999984,0.22201736483852372
5862,5.862,0.9359274100117979,23.800000000000047,0.19605659185202629
5863,5.863,0.4202322149110622,23.699999999999996,0.17009437015518228
5864,5.864,0.7827247537844242,23.60000000000006,0.14413620386366796
5865,5.865,0.07637489991408825,23.500000000000007,0.11818758785894272
5866,5.8660000000000005,0.36152440352053655,23.399999999999956,0.09225400661843189
5867,5.867,0.6808624464633666,23.300000000000026,0.06634093304976009
5868,5.868,-0.11067968730897615,23.199999999999974,0.04045382732925962
5869,5.869,1.08392411601957,23.100000000000037,0.014598135745001942
5870,5.87,-0.08086488409128761,22.999999999999986,-0.0112207104554022
5871,5.871,0.3112260728042584,22.899999999999935,-0.036997296212013274
5872,5.872,-0.3833261515240866,22.799999999999997,-0.0627262237943639
5873,5.873,0.048103394148435535,22.699999999999946,-0.08840211393816517
5874,5.8740000000000006,-0.5356065410054822,22.599999999999895,-0.11401960697563955
5875,5.875,-0.1226468263863745,22.499999999999957,-0.13957336396050765
5876,5.876,-0.3563267931061077,22.40000000000002,-0.16505806778635332
5877,5.877,-0.5893308454070341,22.29999999999997,-0.19046842429868976
5878,5.878,-0.225561418454735,22.20000000000003,-0.21579916340031385
5879,5.8790000000000004,-0.07154092010624732,22.09999999999998,-0.24104504014976935
5880,5.88,0.013128510895296819,22.000000000000043,-0.2662008358525127
5881,5.881,0.008731592032653335,21.89999999999999,-0.29126135914507756
5882,5.882000000000001,-0.26193878180646696,21.79999999999994,-0.31622144707116545
5883,5.883,-0.4139168077127787,21.700000000000003,-0.34107596615013597
5884,5.884,-0.28518242423412865,21.59999999999995,-0.3658198134376947
5885,5.885,-0.17686845260223727,21.50000000000002,-0.39044791757770075
5886,5.886,-0.7451145012021771,21.39999999999997,-0.4149552398462489
5887,5.8870000000000005,-0.30846894621358273,21.29999999999992,-0.4393367751862946
5888,5.888,-0.13809129192257763,21.19999999999998,-0.4635875532339996
5889,5.889,-0.8837927584799105,21.09999999999993,-0.4877026393355629
5890,5.89,0.02446920389060614,20.999999999999993,-0.5116771355548676
5891,5.891,-0.3777079058935125,20.89999999999994,-0.5355061816715606
5892,5.892,-0.7506849619613097,20.800000000000004,-0.5591849561694172
5893,5.893,-1.534622746615897,20.700000000000074,-0.5827086772146177
5894,5.894,0.019278030838768445,20.600000000000023,-0.6060726036242585
5895,5.8950000000000005,-0.8892081289242516,20.49999999999997,-0.6292720358239373
5896,5.896,-1.0861941689392876,20.400000000000034,-0.6523023167953684
5897,5.897,-0.6041449967863599,20.299999999999983,-0.6751588330130364
5898,5.898,-1.3989023803335177,20.200000000000045,-0.6978370153697141
5899,5.899,-1.2673316277235742,20.099999999999994,-0.7203323400914502
5900,5.9,-1.2213761410020716,19.999999999999943,-0.7426403296405951
5901,5.901,-1.2863398887701247,19.900000000000006,-0.7647565536079561
5902,5.902,-1.4449068356657575,19.799999999999955,-0.7866766295929488
5903,5.9030000000000005,-1.867723630158101,19.699999999999903,-0.8083962240720985
5904,5.904,-1.6224746713595168,19.599999999999973,-0.829911053255399
5905,5.905,-1.3946126779773282,19.50000000000003,-0.8512168839308664
5906,5.906,-2.1912692977671444,19.399999999999977,-0.8723095342962163
5907,5.907,-1.3750804714948182,19.30000000000004,-0.8931848747787176
5908,5.908,-1.268699486371548,19.19999999999999,-0.9138388288417508
5909,5.909,-1.0507548331628156,19.10000000000006,-0.9342673737791158
5910,5.91,-1.9302832672621308,19.000000000000007,-0.9544665414960467
5911,5.9110000000000005,-1.5118079584460047,18.899999999999956,-0.9744324192772593
5912,5.912,-1.8742879859990722,18.80000000000002,-0.9941611505417172
5913,5.913,-0.9810666907320753,18.699999999999967,-1.0136489355840097
5914,5.914,-0.8478236021636189,18.60000000000003,-1.0328920323021948
5915,5.915,0.2529641012807796,18.49999999999998,-1.051886756911963
5916,5.916,-0.7709858394211311,18.399999999999928,-1.0706294846470201
5917,5.917,0.29837721055423716,18.29999999999999,-1.0891166504454106
5918,5.918,0.40497316942305417,18.19999999999994,-1.1073447496220767
5919,5.9190000000000005,0.15560499923990034,18.10000000000001,-1.1253103385267584
5920,5.92,1.6017205438763569,17.999999999999957,-1.1430100351880454
5921,5.921,0.5333662915747263,17.90000000000002,-1.1604405199426935
5922,5.922,1.4878295246232696,17.800000000000082,-1.1775985360505186
5923,5.923,1.4663780367943766,17.70000000000003,-1.1944808902945998
5924,5.924,1.2138130161987528,17.59999999999998,-1.2110844535667273
5925,5.925,1.6472260514056225,17.500000000000043,-1.227406161437974
5926,5.926,1.5561814793138502,17.39999999999999,-1.2434430147142945
5927,5.9270000000000005,1.8528337004277295,17.29999999999994,-1.2591920799770777
5928,5.928,2.2731823731110414,17.200000000000003,-1.2746504901084332
5929,5.929,1.318526286217367,17.09999999999996,-1.2898154448014794
5930,5.93,2.5137316284559943,17.000000000000014,-1.3046842110548864
5931,5.931,1.171084916065842,16.89999999999997,-1.3192541236524664
5932,5.932,1.4397647099705368,16.79999999999992,-1.333522585626795
5933,5.933,1.4084089997829343,16.69999999999998,-1.3474870687076383
5934,5.934,1.4929320291070112,16.59999999999993,-1.3611451137544837
5935,5.9350000000000005,0.9886431281456534,16.499999999999986,-1.3744943311734603
5936,5.936,0.538911260174408,16.400000000000055,-1.387532401318363
5937,5.937,1.1775756858795314,16.300000000000004,-1.4002570748760335
5938,5.938,0.8309364063660768,16.200000000000067,-1.412666173235561
5939,5.939,0.9908660079413724,16.100000000000016,-1.424757588841717
5940,5.94,1.0794507266496658,15.999999999999964,-1.4365292855323115
5941,5.941,0.06100406440824657,15.900000000000027,-1.4479792988594182
5942,5.942,0.33543240592455376,15.799999999999976,-1.4591057363946887
5943,5.9430000000000005,0.637366154371268,15.699999999999925,-1.4699067780182191
5944,5.944,0.29487374550732903,15.599999999999987,-1.4803806761915272
5945,5.945,0.40518146025000357,15.499999999999936,-1.490525756214116
5946,5.946,0.7290923181075577,15.400000000000006,-1.5003404164638752
5947,5.947,-0.3320729343801109,15.299999999999955,-1.5098231286211754
5948,5.948,0.6648063720802704,15.200000000000017,-1.5189724378766938
5949,5.949,0.5092612025759526,15.099999999999966,-1.527786963122855
5950,5.95,-0.08193342234419188,15.000000000000028,-1.5362653971291014
5951,5.9510000000000005,0.6088893569675868,14.899999999999977,-1.5444065067005772
5952,5.952,0.6242478501765709,14.80000000000004,-1.552209132820701
5953,5.953,0.4038286972430824,14.699999999999996,-1.5596721907772693
5954,5.954,-0.11280368559200388,14.600000000000051,-1.5667946702721443
5955,5.955,0.06515093008150463,14.500000000000007,-1.5735756355147823
5956,5.956,0.4270071182797837,14.399999999999956,-1.5800142252991851
5957,5.957,0.8403408522538494,14.300000000000011,-1.586109653064716
5958,5.958,-0.34913665834092583,14.199999999999967,-1.5918612069404685
5959,5.9590000000000005,0.46666523336801985,14.099999999999916,-1.5972682497733968
5960,5.96,-0.2158688568647461,13.999999999999979,-1.6023302191401012
5961,5.961,-0.13816476952323797,13.899999999999928,-1.6070466273424697
5962,5.962,-0.3089777486169958,13.79999999999999,-1.6114170613869256
5963,5.963,-0.0637388391014653,13.699999999999939,-1.615441182947656
5964,5.964,-0.5395651132468213,13.600000000000001,-1.6191187283135122
5965,5.965,0.20229656672510377,13.500000000000064,-1.6224495083189208
5966,5.966,-0.2481220288522722,13.400000000000013,-1.625433408258622
5967,5.9670000000000005,-0.5571052756806304,13.299999999999962,-1.6280703877864195
5968,5.968,-0.37731258882791924,13.200000000000024,-1.630360480797925
5969,5.969,0.23240331360020805,13.099999999999973,-1.632303795297364
5970,5.97,-0.6376295711445206,13.000000000000043,-1.633900513248522
5971,5.971,-1.018771984339175,12.899999999999991,-1.635150890409848
5972,5.972,-0.7611557582868953,12.79999999999994,-1.6360552561538244
5973,5.973,-1.1894374934091743,12.700000000000003,-1.6366140132706188
5974,5.974,-0.9023927756672148,12.599999999999952,-1.6368276377561521
5975,5.9750000000000005,-0.9862652582054753,12.4999999999999,-1.6366966785845753
5976,5.976,-0.5101389967992277,12.399999999999963,-1.6362217574653162
5977,5.977,-0.30627523613762475,12.299999999999912,-1.635403568584695
5978,5.978,-0.6723023953249889,12.199999999999974,-1.6342428783322682
5979,5.979,-0.9928448171727544,12.100000000000044,-1.6327405250119111
5980,5.98,-0.8313895733838641,11.999999999999993,-1.6308974185377993
5981,5.981,-0.7022717553981355,11.900000000000048,-1.6287145401153238
5982,5.982,-1.3910232916532383,11.800000000000004,-1.6261929419070669
5983,5.9830000000000005,-1.626020290569218,11.699999999999953,-1.6233337466839375
5984,5.984,-1.5430857726552967,11.600000000000016,-1.6201381474615548
5985,5.985,-1.1708629295861557,11.499999999999964,-1.6166074071219712
5986,5.986,-1.4723531876108311,11.40000000000002,-1.6127428580209116
5987,5.987,-1.1031673909330522,11.299999999999976,-1.6085459015805181
5988,5.988,-1.1472772890995948,11.199999999999925,-1.6040180078678667
5989,5.989,-1.3565180630121982,11.099999999999987,-1.5991607151592215
5990,5.99,-1.6623897552714413,10.999999999999943,-1.5939756294902547
5991,5.9910000000000005,-1.2489194720960157,10.899999999999999,-1.5884644241923105
5992,5.992,-2.0841934697935143,10.799999999999947,-1.582628839414859
5993,5.993,-1.0527436410769417,10.70000000000001,-1.5764706816341951
5994,5.994,-1.463942362369517,10.60000000000008,-1.5699918231486678
5995,5.995,-1.9839978215075922,10.500000000000028,-1.5631942015603968
5996,5.996,-1.0305547833233866,10.39999999999997,-1.5560798192437368
5997,5.997,-0.8216015949251836,10.30000000000004,-1.5486507428006022
5998,5.998,0.05270653172333556,10.199999999999989,-1.5409091025026895
5999,5.9990000000000006,-0.1424389413372952,10.099999999999937,-1.5328570917209892
6000,6.0,-1.0121133980281258,10.0,-1.5244969663424204
6001,6.001,0.09007300165813559,10.100000000000051,-1.5158310441739862
6002,6.002,1.1507963817895757,10.199999999999989,-1.506861704334495
6003,6.003,0.9502137642949486,10.30000000000004,-1.4975913866339985
6004,6.0040000000000004,1.4294748755834195,10.400000000000091,-1.488022590941143
6005,6.005,0.8358820364450372,10.500000000000021,-1.4781578765386048
6006,6.006,1.4150576817776241,10.60000000000008,-1.4679998614666128
6007,6.007000000000001,1.6070365873076202,10.70000000000001,-1.4575512218550726
6008,6.008,1.821125095091886,10.799999999999947,-1.4468146912440223
6009,6.009,2.1413724758961052,10.899999999999999,-1.4357930598928887
6010,6.01,2.269672383174793,10.999999999999943,-1.4244891740787373
6011,6.011,1.5909308488291656,11.099999999999987,-1.4129059353833309
6012,6.0120000000000005,2.033677512406456,11.200000000000038,-1.4010462999697273
6013,6.013,1.661856764776645,11.299999999999976,-1.3889132778480298
6014,6.014,1.8445042205875286,11.40000000000002,-1.3765099321308805
6015,6.015000000000001,1.1815522805522933,11.500000000000078,-1.3638393782786769
6016,6.016,1.1974401902048912,11.600000000000016,-1.3509047833348058
6017,6.017,1.079583948510612,11.70000000000006,-1.3377093651508436
6018,6.018,1.219057287678619,11.800000000000004,-1.3242563916023928
6019,6.019,1.1408520137897094,11.900000000000048,-1.3105491797950621
6020,6.0200000000000005,0.495222215469353,12.0000000000001,-1.29659109526154
6021,6.021,0.40081009316281496,12.100000000000044,-1.282385551149245
6022,6.022,1.0143870275404654,12.199999999999974,-1.2679360073992707
6023,6.023,0.774602090669744,12.299999999999912,-1.2532459699165672
6024,6.024,1.5017327470166077,12.399999999999963,-1.2383189897315348
6025,6.025,1.1635674467609274,12.500000000000014,-1.2231586621535167
6026,6.026,-0.040958190999651256,12.599999999999952,-1.207768625915906
6027,6.027,0.07799307128229621,12.700000000000003,-1.192152562313541
6028,6.0280000000000005,0.7448283500362701,12.800000000000054,-1.1763141943323083
6029,6.029,0.173500955446785,12.899999999999991,-1.1602572857713387
6030,6.03,-0.26124995078851376,13.000000000000043,-1.1439856403576665
6031,6.031,0.12608943290914865,13.099999999999973,-1.127503100854198
6032,6.032,0.8718012225524796,13.200000000000024,-1.110813548160319
6033,6.033,0.30381671642005353,13.300000000000075,-1.0939209004063117
6034,6.034,0.4333747319054411,13.400000000000013,-1.0768291120409095
6035,6.035,0.8920476357025429,13.500000000000064,-1.05954217291284
6036,6.0360000000000005,0.7060665268319679,13.600000000000001,-1.0420641073462515
6037,6.037,0.13493865558724238,13.699999999999939,-1.0243989732103214
6038,6.038,0.21874301163441096,13.79999999999999,-1.0065508609832536
6039,6.039,0.18064779451677263,13.899999999999928,-0.988523892810892
6040,6.04,0.45830823852929836,13.999999999999979,-0.9703222215601407
6041,6.041,-0.1442780502297695,14.100000000000023,-0.9519500298674193
6042,6.042,0.04389585303706387,14.199999999999967,-0.9334115291824704
6043,6.043,-0.10367916610124274,14.300000000000011,-0.9147109588073594
6044,6.0440000000000005,0.35475734437034295,14.400000000000063,-0.8958525849316137
6045,6.045,-0.49255144068767576,14.500000000000007,-0.8768406996628272
6046,6.046,-0.3062927548977549,14.600000000000051,-0.8576796200536796
6047,6.047,0.09879097334670112,14.699999999999996,-0.8383736871252052
6048,6.048,-0.6966029903880793,14.80000000000004,-0.8189272648866469
6049,6.049,-0.3126425527405368,14.900000000000091,-0.7993447393521094
6050,6.05,-0.11952550377629395,15.000000000000028,-0.7796305175542223
6051,6.051,-0.7777881182361607,15.099999999999966,-0.7597890265550415
6052,6.0520000000000005,-0.30676982930426566,15.200000000000017,-0.739824712454394
6053,6.053,-0.01623174604172062,15.299999999999955,-0.7197420393960096
6054,6.054,-0.8517997111019644,15.400000000000006,-0.6995454885712552
6055,6.055,-0.6012936838184652,15.499999999999936,-0.6792395572214918
6056,6.056,-0.6158629461090693,15.599999999999994,-0.6588287576381754
6057,6.057,-1.270369921998598,15.700000000000038,-0.6383176161621362
6058,6.058,-0.04017622472739302,15.799999999999976,-0.617710672181134
6059,6.059,-1.3983624350778805,15.900000000000027,-0.5970124771267423
6060,6.0600000000000005,-0.7504120726342882,16.000000000000078,-0.5762275934703306
6061,6.061,-1.083832454649569,16.100000000000016,-0.5553605937186393
6062,6.062,-0.23582154868578042,16.200000000000067,-0.5344160594087318
6063,6.063,-1.2899060670525955,16.300000000000004,-0.5133985801032468
6064,6.064,-0.7483920664880026,16.400000000000055,-0.4923127523854642
6065,6.065,-0.9903638263542234,16.499999999999993,-0.4711631788548135
6066,6.066,-1.6846496868176366,16.59999999999993,-0.44995446712303966
6067,6.067,-1.4980419399094416,16.69999999999998,-0.42869122881081695
6068,6.0680000000000005,-1.7292406057882133,16.800000000000026,-0.4073780785458739
6069,6.069,-1.6610300615097022,16.89999999999997,-0.3860196329618151
6070,6.07,-1.966669068441604,17.000000000000014,-0.3646205096987012
6071,6.071,-1.2479961713302656,17.09999999999995,-0.34318532640515526
6072,6.072,-2.3058432063981127,17.200000000000003,-0.32171869974234735
6073,6.073,-1.543447436814399,17.300000000000054,-0.3002252443900384
6074,6.074,-1.83541102932494,17.4,-0.2787095720550388
6075,6.075,-1.4580889641323738,17.500000000000043,-0.2571762904818354
6076,6.0760000000000005,-1.4883231741612895,17.600000000000094,-0.23563000246645965
6077,6.077,-0.9956653165016733,17.70000000000003,-0.214075304872779
6078,6.078,-1.6726509108713785,17.800000000000082,-0.19251678765213412
6079,6.079,-0.7078350418555908,17.90000000000002,-0.1709590328665346
6080,6.08,-1.108103452890574,17.99999999999995,-0.14940661371488087
6081,6.081,-1.2495769222989246,18.10000000000001,-0.12786409356357986
6082,6.082,-0.2714410987929487,18.19999999999994,-0.10633602498057833
6083,6.083,0.2677253442899065,18.29999999999999,-0.0848269487739037
6084,6.0840000000000005,0.4635957745830126,18.40000000000004,-0.06334139303443165
6085,6.085,0.7071259338719025,18.49999999999998,-0.04188387218337508
6086,6.086,0.40377788472324794,18.60000000000003,-0.02045888602421157
6087,6.087,0.4752403472095843,18.699999999999967,0.0009290811998675883
6088,6.088,0.7328214240223632,18.80000000000002,0.022275561743990067
6089,6.089,0.7649700181368796,18.90000000000007,0.043576105293616
6090,6.09,1.701984021404593,19.000000000000007,0.06482627989153719
6091,6.091,1.3737724155874247,19.10000000000006,0.08602167285878587
6092,6.0920000000000005,1.0263276982207379,19.20000000000011,0.10715789170972542
6093,6.093,1.9899910116971995,19.30000000000004,0.1282305650609859
6094,6.094,1.9697282796239464,19.399999999999977,0.1492353435340772
6095,6.095,1.0405576789329851,19.50000000000003,0.17016790065149628
6096,6.096,2.0557506887291535,19.599999999999973,0.19102393372614124
6097,6.097,2.095146995103581,19.700000000000017,0.21179916474387353
6098,6.098,1.6716066869333068,19.799999999999955,0.23248934123890203
6099,6.099,1.3635242566638417,19.900000000000006,0.25309023716226303
6100,6.1000000000000005,1.2396525926862112,20.000000000000057,0.27359765374237904
6101,6.101,1.385597193030279,20.099999999999994,0.2940074203385458
6102,6.102,0.924246165577229,20.200000000000045,0.31431539528633456
6103,6.103,0.9255888959649015,20.299999999999983,0.33451746673519295
6104,6.104,1.0486186273405722,20.400000000000034,0.35460955347792716
6105,6.105,0.7300964381270172,20.500000000000078,0.3745876057719254
6106,6.106,0.544539439973755,20.600000000000023,0.3944476061519546
6107,6.107,0.4679828534194882,20.700000000000074,0.4141855702343682
6108,6.1080000000000005,0.6155177522765563,20.80000000000001,0.4337975475125895
6109,6.109,0.4018642861851912,20.89999999999994,0.45327962214356937
6110,6.11,-0.024186429960987965,20.999999999999993,0.47262791372549745
6111,6.111,-0.16364605957757739,21.09999999999993,0.4918385780657949
6112,6.112,0.4797074851464954,21.19999999999998,0.5109078079403422
6113,6.113,-0.1283739456831472,21.300000000000033,0.529831833842599
6114,6.114,1.0229085737035515,21.39999999999997,0.5486069247235646
6115,6.115,0.2547752381369449,21.50000000000002,0.5672293887216282
6116,6.1160000000000005,0.8202292239750695,21.600000000000072,0.5856955738826142
6117,6.117,1.5243413551328295,21.70000000000001,0.6040018688696125
6118,6.118,0.349714032463895,21.800000000000054,0.6221447036628698
6119,6.119,0.6222471605245505,21.89999999999999,0.640120550248963
6120,6.12,0.11268639205460293,22.000000000000043,0.6579259232997621
6121,6.121,0.7835930524243284,22.100000000000094,0.6755573808406977
6122,6.122,-0.28924818356857074,22.20000000000003,0.6930115249081972
6123,6.123,0.2095271225899364,22.29999999999997,0.7102850021965481
6124,6.1240000000000006,0.007695887881659681,22.40000000000002,0.7273745046933408
6125,6.125,0.41888730633910337,22.499999999999957,0.7442767703042524
6126,6.126,-0.40139868745248924,22.60000000000001,0.7609885834663341
6127,6.127,-0.30726512172238407,22.699999999999946,0.7775067757500845
6128,6.128,0.09004824345116691,22.799999999999997,0.7938282264500606
6129,6.1290000000000004,0.21939116056853009,22.90000000000005,0.8099498631639724
6130,6.13,-0.2433394950729787,22.999999999999986,0.8258686623600254
6131,6.131,-0.1046729848717006,23.100000000000037,0.8415816499327773
6132,6.132000000000001,-1.030447268535874,23.20000000000008,0.8570859017467418
6133,6.133,-0.40020740120818965,23.300000000000026,0.8723785441684413
6134,6.134,-0.12527736334129125,23.40000000000007,0.887456754586249
6135,6.135,-0.9082187554720715,23.500000000000014,0.9023177619179648
6136,6.136,-0.9868789944086764,23.60000000000006,0.9169588471065528
6137,6.1370000000000005,-0.9097097340561167,23.699999999999996,0.9313773436031269
6138,6.138,-0.3895440573010157,23.800000000000047,0.9455706378379476
6139,6.139,-0.010748410182630175,23.899999999999984,0.9595361696787166
6140,6.140000000000001,-0.8395649946723687,24.000000000000036,0.9732714328764492
6141,6.141,-0.4893967587564584,24.099999999999966,0.986773975498629
6142,6.142,-0.8576421758400669,24.200000000000024,1.0000414003499147
6143,6.143,-0.5511173563471035,24.299999999999955,1.0130713653797394
6144,6.144,-1.1444439025723268,24.400000000000013,1.0258615840775271
6145,6.1450000000000005,-1.1554384688870125,24.500000000000057,1.038409825854618
6146,6.146,-1.1882260305414576,24.599999999999994,1.0507139164136166
6147,6.147,-1.3861854414283707,24.700000000000045,1.0627717381045345
6148,6.148,-2.2588067055659815,24.799999999999983,1.0745812302679805
6149,6.149,-1.3350428897194822,24.900000000000034,1.0861403895653068
6150,6.15,-1.9729102637177487,25.000000000000085,1.0974472702954572
6151,6.151,-1.8553031532064308,25.100000000000023,1.1084999846988732
6152,6.152,-1.659421201251886,25.19999999999996,1.1192967032480068
6153,6.1530000000000005,-1.5031196117553842,25.30000000000001,1.1298356549246675
6154,6.154,-1.4455487129228897,25.39999999999995,1.1401151274839985
6155,6.155,-1.6842971928814685,25.5,1.150133467705315
6156,6.156,-1.859057123956012,25.599999999999937,1.1598890816293135
6157,6.157,-1.964804765790903,25.69999999999998,1.169380434782239
6158,6.158,-1.72036450266301,25.80000000000004,1.1786060523863355
6159,6.159,-0.7958181822679172,25.89999999999997,1.1875645195571534
6160,6.16,-1.8067261393830543,26.00000000000003,1.196254481487257
6161,6.1610000000000005,-1.0479929742044107,26.100000000000072,1.204674643616563
6162,6.162,-1.3562267783870925,26.20000000000001,1.2128237717892043
6163,6.163,-1.0112014096509228,26.30000000000006,1.2207006923969375
6164,6.164,-0.32007409306859036,26.4,1.228304292509095
6165,6.165,-1.1255954877488987,26.50000000000005,1.235633519989054
6166,6.166,0.3750885911349011,26.59999999999998,1.2426873835972705
6167,6.167,0.7755212212648134,26.70000000000004,1.2494649530807886
6168,6.168,0.1993049844865397,26.79999999999997,1.2559653592494344
6169,6.1690000000000005,0.26525754387979367,26.900000000000027,1.262187794038373
6170,6.17,0.7367560994091141,26.999999999999957,1.26813151055743
6171,6.171,1.0515069946183355,27.10000000000001,1.2737958231268758
6172,6.172,1.3957000907258141,27.199999999999946,1.2791801072998745
6173,6.173,1.3350373023974136,27.299999999999997,1.284283799871542
6174,6.174,1.7155429737758703,27.40000000000005,1.2891063988746774
6175,6.175,1.1001121676438381,27.499999999999986,1.293647463562163
6176,6.176,1.8632870543599998,27.600000000000037,1.297906614376085
6177,6.1770000000000005,1.799315573008661,27.700000000000088,1.3018835329036154
6178,6.178,1.989684240769006,27.800000000000026,1.3055779618196421
6179,6.179,1.9498647605962143,27.90000000000007,1.3089897048163017
6180,6.18,1.4323825679451399,28.00000000000001,1.3121186265192661
6181,6.181,1.8605419167416757,28.099999999999948,1.3149646523910725
6182,6.182,1.1286627978126957,28.2,1.3175277686212898
6183,6.183,1.716568574355147,28.29999999999994,1.3198080220038018
6184,6.184,1.5277938193665892,28.399999999999984,1.3218055198010845
6185,6.1850000000000005,1.220099882569504,28.50000000000004,1.3235204295956486
6186,6.186,0.15946884063234457,28.599999999999973,1.3249529791286274
6187,6.187,0.8795216204847539,28.700000000000028,1.3261034561256548
6188,6.188,0.6396888687887221,28.79999999999996,1.3269722081099926
6189,6.189,0.7430832516500866,28.900000000000013,1.3275596422030904
6190,6.19,0.7330651540134563,29.00000000000006,1.3278662249125477
6191,6.191,0.8586947681513336,29.1,1.3278924819076081
6192,6.192,0.6312360660384847,29.20000000000005,1.327638997782257
6193,6.1930000000000005,1.2074334215325186,29.3000000000001,1.3271064158059642
6194,6.194,1.0250713765893633,29.40000000000004,1.3262954376622036
6195,6.195,0.0719314776609764,29.49999999999997,1.3252068231747802
6196,6.196,1.4301730655521063,29.60000000000003,1.3238413900220984
6197,6.197,0.6284175973616857,29.69999999999996,1.3222000134394136
6198,6.198,0.9373942730571352,29.80000000000001,1.320283625909201
6199,6.199,0.1537760486482485,29.899999999999952,1.3180932168397015
6200,6.2,0.26581333798603524,30.0,1.315629832231742
6201,6.2010000000000005,0.3262369552685316,30.10000000000005,1.3128945743339664
6202,6.202,0.2734868463953205,30.199999999999985,1.3098886012865172
6203,6.203,0.5549389622727483,30.30000000000004,1.3066131267533132
6204,6.204,-0.004569987378290896,30.399999999999974,1.303069419543024
6205,6.205,0.1682547429170898,30.50000000000003,1.29925880321881
6206,6.206,-0.27697876058874454,30.600000000000072,1.2951826556970174
6207,6.207,0.32922083978556116,30.700000000000014,1.2908424088348287
6208,6.208,0.20962953267061005,30.80000000000006,1.2862395480070798
6209,6.2090000000000005,-0.32443320329967024,30.900000000000002,1.2813756116723127
6210,6.21,-0.2816863802251701,31.000000000000053,1.2762521909282016
6211,6.211,-0.9082632822865602,31.099999999999987,1.270870929056405
6212,6.212,-0.7345599621651472,31.199999999999925,1.2652335210571308
6213,6.213,-0.5665749264712515,31.299999999999976,1.2593417131732891
6214,6.214,-0.20574809031635755,31.40000000000003,1.2531973024046423
6215,6.215,0.24806472019380743,31.499999999999964,1.2468021360118187
6216,6.216,-0.18420854124277433,31.600000000000012,1.2401581110105035
6217,6.2170000000000005,-0.5086356151941833,31.700000000000063,1.2332671736558587
6218,6.218,-0.39356246749196927,31.799999999999997,1.2261313189173164
6219,6.219,-0.6615027805307276,31.900000000000052,1.218752589943881
6220,6.22,-1.3556378266176603,31.999999999999986,1.211133077520095
6221,6.221,-0.43245239603506885,32.10000000000004,1.2032749195127803
6222,6.222,-0.8267684387492018,32.20000000000009,1.1951803003087131
6223,6.223,-1.372568075599952,32.300000000000026,1.1868514502434087
6224,6.224,-0.8211628066725933,32.39999999999996,1.1782906450210084
6225,6.2250000000000005,-1.3328627918711322,32.500000000000014,1.1695002051257155
6226,6.226,-0.29742057376479897,32.59999999999995,1.1604824952245565
6227,6.227,-1.164167680869933,32.7,1.1512399235619144
6228,6.228,-1.026333707704484,32.79999999999994,1.1417749413458411
6229,6.229,-1.2425599482248089,32.89999999999999,1.1320900421263247
6230,6.23,-1.87254302569812,33.00000000000004,1.1221877611656856
6231,6.231,-0.9368780644183261,33.09999999999998,1.1120706748012361
6232,6.232,-0.8706604737636809,33.20000000000003,1.1017413998003656
6233,6.2330000000000005,-1.296178414795768,33.300000000000075,1.0912025927082134
6234,6.234,-2.0582184713502762,33.40000000000002,1.0804569491881284
6235,6.235,-1.5246735844846175,33.500000000000064,1.069507203354886
6236,6.236,-1.603412506075346,33.599999999999994,1.0583561271012274
6237,6.237,-1.1116563976323062,33.70000000000005,1.047006529417312
6238,6.238,-1.78271390009352,33.79999999999998,1.0354612557038845
6239,6.239,-1.8114037115655268,33.90000000000005,1.0237231870787245
6240,6.24,-1.888736552842047,33.99999999999998,1.0117952396769885
6241,6.2410000000000005,-1.257066510402593,34.10000000000002,0.9996803639453733
6242,6.242,-1.440131365464815,34.19999999999997,0.9873815439304061
6243,6.243,-2.01983307758318,34.30000000000001,0.9749017965608008
6244,6.244,-1.7266480561806081,34.399999999999956,0.9622441709244353
6245,6.245,-1.187935424570634,34.5,0.949411747539723
6246,6.246,-0.8559964318868449,34.60000000000005,0.9364076376217899
6247,6.247,-0.9981897612801395,34.69999999999999,0.9232349823436139
6248,6.248,-0.5984770025819557,34.80000000000004,0.9098969520920607
6249,6.2490000000000006,0.5853445696524271,34.90000000000009,0.8963967457194855
6250,6.25,-0.6799241588848247,35.00000000000003,0.882737589790459
6251,6.251,0.5309472233994605,35.10000000000008,0.8689227378242967
6252,6.252,0.11714326637935807,35.20000000000002,0.8549554695333081
6253,6.253,0.721822293882952,35.30000000000007,0.8408390900570065
6254,6.2540000000000004,0.36747639969934465,35.400000000000006,0.826576929192455
6255,6.255,1.097081215829496,35.49999999999994,0.8121723406210009
6256,6.256,1.9616178417808947,35.599999999999994,0.7976287011312893
6257,6.257000000000001,1.2908706983626708,35.70000000000004,0.7829494098392867
6258,6.258,1.4296490201332044,35.79999999999998,0.7681378874048292
6259,6.259,1.8868437454324376,35.90000000000003,0.7531975752453284
6260,6.26,1.5999180441870702,35.99999999999997,0.7381319347468339
6261,6.261,0.9721249686178051,36.10000000000002,0.7229444464721233
6262,6.2620000000000005,2.1256679678738597,36.20000000000007,0.7076386093667885
6263,6.263,1.2516870637862292,36.30000000000001,0.6922179399626945
6264,6.264,1.1240101010319752,36.400000000000055,0.6766859715795909
6265,6.265000000000001,1.8889012270271988,36.50000000000011,0.6610462535247323
6266,6.266,0.8086457828277959,36.60000000000004,0.645302350290883
6267,6.267,1.1970773754280235,36.699999999999974,0.6294578407525487
6268,6.268,1.0418061303094113,36.800000000000026,0.6135163173612448
6269,6.269,0.8569740976094578,36.89999999999997,0.5974813853391171
6270,6.2700000000000005,0.460932638143947,37.000000000000014,0.5813566618720408
6271,6.271,1.7212480971133362,37.09999999999995,0.5651457753015043
6272,6.272,0.8594899551512345,37.2,0.548852364316097
6273,6.273,0.48668086510807596,37.29999999999994,0.5324800771424678
6274,6.274,0.8407522505293754,37.39999999999999,0.5160325707359181
6275,6.275,0.2800137799962229,37.50000000000004,0.4995135099711332
6276,6.276,0.6462311116194038,37.59999999999998,0.48292656683267193
6277,6.277,0.3290371524154932,37.70000000000003,0.4662754196059451
6278,6.2780000000000005,0.2595374948504523,37.80000000000008,0.44956375206851706
6279,6.279,0.8143613841072779,37.90000000000002,0.43279525268212254
6280,6.28,0.6561738971277269,38.00000000000007,0.4159736137852092
6281,6.281,-0.04515985218002139,38.1,0.3991025307868601
6282,6.282,0.6322685721765778,38.20000000000005,0.38218570136134417
6283,6.283,-0.15761043430058597,38.29999999999999,0.36522682464448064
6284,6.284,0.5652744872087002,38.399999999999935,0.3482296004310582
6285,6.285,-0.14323525829171724,38.499999999999986,0.331197728374169
6286,6.2860000000000005,-0.12916497527749476,38.60000000000003,0.3141349071862723
6287,6.287,0.7436152161571005,38.699999999999974,0.2970448338422695
6288,6.288,-0.301003576082932,38.80000000000002,0.2799312027847456
6289,6.289,0.29377617507553794,38.89999999999995,0.2627977051315514
6290,6.29,0.5733271990587755,39.0,0.24564802788588666
6291,6.291,-0.11574033444397452,39.10000000000005,0.22848585314904374
6292,6.292,0.4841112513373552,39.19999999999999,0.21131485733608948
6293,6.293,-0.5090877453077791,39.30000000000004,0.1941387103942865
6294,6.2940000000000005,-0.20623055624094128,39.40000000000009,0.1769610750251034
6295,6.295,-0.4823380680318588,39.50000000000003,0.15978560590914123
6296,6.296,-0.06086636544237076,39.60000000000008,0.14261594893482407
6297,6.297,-0.3167199447502237,39.70000000000002,0.12545574043064942
6298,6.298,-0.5919450748392406,39.799999999999955,0.10830860640127189
6299,6.299,-0.2818656022060604,39.900000000000006,0.09117816176756713
6300,6.3,-0.4261806362156796,39.99999999999994,0.07406800961082985
6301,6.301,-0.4060613841413479,40.099999999999994,0.056981740421264804
6302,6.3020000000000005,-1.1221927291255391,40.200000000000045,0.03992293135090892
6303,6.303,0.0371560546517018,40.29999999999998,0.022895145471254933
6304,6.304,-0.628245328843617,40.400000000000034,0.005901931035361618
6305,6.305,0.03558232784113946,40.49999999999997,-0.011053179254695749
6306,6.306,-0.6928468322651199,40.60000000000002,-0.027966668975837987
6307,6.307,-0.24966485298249153,40.700000000000074,-0.044835038706273804
6308,6.308,-0.9492882449398974,40.800000000000004,-0.06165480674287506
6309,6.309,-0.7030822472918137,40.900000000000055,-0.07842250981278957
6310,6.3100000000000005,-0.378414797976645,40.99999999999999,-0.09513470377953184
6311,6.311,-0.9564057947633752,41.100000000000044,-0.11178796434317609
6312,6.312,-0.5418746984765409,41.19999999999998,-0.12837888773489145
6313,6.313,-0.8096083103477327,41.29999999999991,-0.14490409140498828
6314,6.314,-0.2403854483497413,41.39999999999996,-0.16136021470525894
6315,6.315,-1.1920983572449166,41.50000000000002,-0.17774391956457497
6316,6.316,-1.0881618378807458,41.59999999999995,-0.19405189115818128
6317,6.317,-1.4707056337242,41.7,-0.21028083857055094
6318,6.3180000000000005,-1.8110595589767193,41.800000000000054,-0.22642749545112253
6319,6.319,-1.5461688170018804,41.89999999999999,-0.24248862066358254
6320,6.32,-1.3332173843539326,42.00000000000004,-0.25846099892790203
6321,6.321,-2.0459730086331316,42.09999999999998,-0.27434144145536304
6322,6.322,-2.0867147038128167,42.20000000000003,-0.2901267865763309
6323,6.323,-1.6026722602857568,42.30000000000008,-0.30581390036069117
6324,6.324,-1.8062208966992583,42.40000000000002,-0.3213996772307161
6325,6.325,-1.9135684871423722,42.50000000000007,-0.3368810405665898
6326,6.3260000000000005,-1.838299522579376,42.60000000000001,-0.3522549433038367
6327,6.327,-1.6907764825275005,42.699999999999946,-0.36751836852332026
6328,6.328,-1.3635998169294756,42.8,-0.38266833003305584
6329,6.329,-0.7052963812834051,42.899999999999935,-0.39770187294206794
6330,6.33,-0.8657205344299722,42.999999999999986,-0.41261607422616575
6331,6.331,-1.242439368910055,43.10000000000004,-0.4274080432852434
6332,6.332,-0.7582587122201392,43.19999999999997,-0.4420749224925229
6333,6.333,0.24694616549630427,43.30000000000002,-0.4566138877351086
6334,6.3340000000000005,0.043592913572396697,43.40000000000007,-0.4710221489460954
6335,6.335,0.2716076014408253,43.50000000000001,-0.48529695062791367
6336,6.336,-0.24776388266189842,43.60000000000006,-0.4994355723671583
6337,6.337,0.6599809520426831,43.699999999999996,-0.513435329340201
6338,6.338,1.7293098066427086,43.80000000000005,-0.527293572810313
6339,6.339,1.4209348002553035,43.9000000000001,-0.541007690615324
6340,6.34,1.7432518903202958,44.000000000000036,-0.5545751076465453
6341,6.341,1.4054954110428042,44.099999999999966,-0.5679932863182683
6342,6.3420000000000005,0.9145960887283573,44.20000000000002,-0.5812597270280847
6343,6.343,1.5795382734302148,44.299999999999955,-0.5943719686078313
6344,6.344,1.881714581394072,44.400000000000006,-0.6073275887651046
6345,6.345,2.0814476178024335,44.49999999999994,-0.6201242045152816
6346,6.346,2.0714500879945756,44.599999999999994,-0.6327594726039463
6347,6.347,1.1549075443977692,44.700000000000045,-0.6452310899196979
6348,6.348,2.1014985455012534,44.79999999999998,-0.6575367938971524
6349,6.349,1.2761612283616075,44.900000000000034,-0.669674362910376
6350,6.3500000000000005,1.700293671213687,45.000000000000085,-0.6816416166561504
6351,6.351,1.3404834609385985,45.10000000000002,-0.6934364165276529
6352,6.352,0.5849740840543834,45.200000000000074,-0.7050566659779609
6353,6.353,1.1332124272502977,45.30000000000001,-0.7165003108736232
6354,6.354,1.0335513247150436,45.40000000000006,-0.7277653398381294
6355,6.355,0.15558108771778822,45.5,-0.7388497845852643
6356,6.356,0.9973358945812815,45.59999999999993,-0.7497517202422769
6357,6.357,0.5570596213019426,45.69999999999999,-0.7604692656628266
6358,6.3580000000000005,0.6660886093949674,45.80000000000004,-0.7710005837296787
6359,6.359,0.6456739750771214,45.89999999999997,-0.7813438816470163
6360,6.36,0.33233882947474236,46.00000000000002,-0.7914974112225771
6361,6.361,0.5252973693882808,46.09999999999996,-0.8014594691391259
6362,6.362,1.0666921046278324,46.20000000000001,-0.8112283972158291
6363,6.363,-0.07013660099211083,46.30000000000006,-0.820802582658851
6364,6.364,0.2929208466919929,46.4,-0.8301804583017346
6365,6.365,0.5531213163199055,46.50000000000005,-0.839360502835097
6366,6.3660000000000005,0.6965392404391954,46.6000000000001,-0.848341241025868
6367,6.367,1.0787794787157587,46.70000000000004,-0.8571212439258863
6368,6.368,0.14085571500828942,46.80000000000009,-0.8656991290700711
6369,6.369,0.7656898104339014,46.90000000000002,-0.8740735606637473
6370,6.37,0.010643318375524957,46.99999999999996,-0.8822432497596268
6371,6.371,0.3927562518061819,47.10000000000001,-0.8902069544239354
6372,6.372,0.6032990405487739,47.199999999999946,-0.8979634798919853
6373,6.373,-0.5089469941581213,47.3,-0.9055116787131797
6374,6.3740000000000006,0.10600146303545782,47.40000000000005,-0.9128504508851598
6375,6.375,0.15773560705660108,47.499999999999986,-0.919978743977499
6376,6.376,-0.10373618005838726,47.60000000000004,-0.9268955532445933
6377,6.377,0.7950848887015818,47.699999999999974,-0.9335999217279533
6378,6.378,-0.0700005316634604,47.800000000000026,-0.9400909403478096
6379,6.3790000000000004,0.34731100144786864,47.90000000000008,-0.9463677479840891
6380,6.38,-0.07946041945677126,48.000000000000014,-0.9524295315466884
6381,6.381,-0.17453525319880359,48.100000000000065,-0.9582755260352278
6382,6.382000000000001,-0.12714938751578275,48.20000000000011,-0.9639050145880113
6383,6.383,-0.2878266790670817,48.300000000000054,-0.969317328520543
6384,6.384,-0.7372301055441459,48.399999999999984,-0.9745118473533418
6385,6.385,0.676511852929521,48.49999999999992,-0.9794879988292268
6386,6.386,-0.6038212165887824,48.59999999999997,-0.9842452589200655
6387,6.3870000000000005,-1.051024315500817,48.700000000000024,-0.9887831518229205
6388,6.388,-0.8198866496057153,48.79999999999996,-0.9931012499458034
6389,6.389,-0.744171548608133,48.90000000000001,-0.9971991738828664
6390,6.390000000000001,-0.11616219343945366,49.000000000000064,-1.001076592379203
6391,6.391,-0.9337566105880439,49.1,-1.0047332222851932
6392,6.392,-0.4421593302703966,49.20000000000005,-1.0081688285005521
6393,6.393,-0.8975372118643176,49.29999999999998,-1.0113832239079308
6394,6.394,-0.12418742263102955,49.400000000000034,-1.0143762692963438
6395,6.3950000000000005,-0.9896970013336467,49.500000000000085,-1.0171478732742234
6396,6.396,-0.554413584026596,49.60000000000002,-1.0196979921723608
6397,6.397,-0.529690808527721,49.700000000000074,-1.0220266299366159
6398,6.398000000000001,-0.887848048144849,49.80000000000001,-1.024133838010544
6399,6.399,-1.5268791561953001,49.89999999999995,-1.0260197152079429
6400,6.4,-1.212036575022035,50.0,-1.0276844075753848
6401,6.401,-1.3082915432367737,50.09999999999994,-1.0291281082447998
6402,6.402,-2.126583993788807,50.19999999999999,-1.03035105727614
6403,6.4030000000000005,-1.3518829916938202,50.30000000000004,-1.031353541490217
6404,6.404,-1.5463518233592917,50.39999999999998,-1.0321358942917345
6405,6.405,-1.3874778209371534,50.50000000000003,-1.032698495482629
6406,6.406,-1.2402757572886995,50.599999999999966,-1.033041771065718
6407,6.407,-0.6442187349974272,50.70000000000002,-1.0331661930387963
6408,6.408,-1.2586924623309093,50.80000000000007,-1.0330722791791773
6409,6.409,-1.534489956618746,50.900000000000006,-1.032760592818814
6410,6.41,-1.4873688121537934,51.00000000000006,-1.032231742610017
6411,6.4110000000000005,-1.176351370595935,51.1000000000001,-1.0314863822818887
6412,6.412,-0.37669077400951156,51.20000000000004,-1.0305252103875207
6413,6.413,-1.274966870935327,51.299999999999976,-1.029348970042039
6414,6.414,-0.3663486703005086,51.40000000000003,-1.0279584486515967
6415,6.415,-0.12319058863009624,51.499999999999964,-1.0263544776333566
6416,6.416,0.49243337807200416,51.600000000000016,-1.024537932126593
6417,6.417,0.18925225783753813,51.699999999999946,-1.0225097306949649
6418,6.418,1.1873225261083409,51.800000000000004,-1.020270835020047
6419,6.4190000000000005,0.056091791138877856,51.900000000000055,-1.01782224958625
6420,6.42,1.132987472574184,51.999999999999986,-1.015165021357156
6421,6.421,1.4250901169672092,52.10000000000004,-1.012300239443412
6422,6.422,1.2782390907150267,52.199999999999974,-1.0092290347622612
6423,6.423,1.4639272812343127,52.300000000000026,-1.0059525796887905
6424,6.424,1.7195627087595677,52.40000000000008,-1.0024720876990187
6425,6.425,1.1879137414191476,52.500000000000014,-0.9987888130049047
6426,6.426,2.070193390441423,52.600000000000065,-0.9949040501813764
6427,6.4270000000000005,1.6408667114907893,52.7,-0.9908191337854985
6428,6.428,1.477175500078746,52.79999999999994,-0.9865354379678755
6429,6.429,1.4085580100852018,52.89999999999999,-0.9820543760763465
6430,6.43,1.9640380144120948,52.99999999999993,-0.9773774002522079
6431,6.431,1.4017919178517713,53.09999999999998,-0.9725060010188747
6432,6.432,1.6465074665719297,53.20000000000003,-0.967441706863315
6433,6.433,1.4701740719254874,53.29999999999997,-0.9621860838101561
6434,6.434,1.614544724290039,53.40000000000002,-0.9567407349887265
6435,6.4350000000000005,0.3045248005637714,53.500000000000064,-0.9511073001930703
6436,6.436,0.4681042813932268,53.6,-0.9452874554350966
6437,6.437,0.8264315203661249,53.70000000000005,-0.9392829124908725
6438,6.438,0.6460834661408758,53.79999999999999,-0.9330954184403892
6439,6.439,0.6701840366365229,53.90000000000004,-0.9267267552006266
6440,6.44,0.9913971918445028,54.000000000000085,-0.9201787390523287
6441,6.441,0.7041571304146761,54.10000000000003,-0.91345322016042
6442,6.442,0.8040789439073797,54.19999999999997,-0.9065520820881801
6443,6.4430000000000005,0.44243889643838313,54.30000000000002,-0.8994772413055
6444,6.444,0.33818272951582495,54.39999999999995,-0.892230646691053
6445,6.445,-0.4398586891002251,54.5,-0.8848142790287421
6446,6.446,-0.1461489204365729,54.59999999999994,-0.8772301504984353
6447,6.447,0.6766170387426129,54.69999999999999,-0.8694803041611302
6448,6.448,0.0062509805610857505,54.80000000000004,-0.8615668134386926
6449,6.449,0.9994551756843749,54.89999999999998,-0.8534917815883188
6450,6.45,0.6344742871329566,55.00000000000003,-0.8452573411717117
6451,6.4510000000000005,0.7126945129007719,55.10000000000008,-0.8368656535193894
6452,6.452,0.5360537006879482,55.20000000000002,-0.8283189081898928
6453,6.453,-0.08549939687724228,55.30000000000007,-0.8196193224243227
6454,6.454,0.5978818634466083,55.4,-0.8107691405961929
6455,6.455,0.5718140556221074,55.50000000000005,-0.8017706336567113
6456,6.456,0.29318789968506925,55.599999999999994,-0.792626098575803
6457,6.457,-0.03738437444661044,55.70000000000004,-0.7833378577787128
6458,6.458,-0.6190137652998408,55.79999999999998,-0.7739082585786067
6459,6.4590000000000005,0.37554796731943757,55.90000000000003,-0.76433967260514
6460,6.46,-0.24626873414108483,55.99999999999997,-0.7546344952292301
6461,6.461,0.984019666298701,56.100000000000016,-0.7447951449839759
6462,6.462,-0.22088938293652696,56.19999999999995,-0.7348240629822383
6463,6.463,-0.22708944851202548,56.300000000000004,-0.7247237123304957
6464,6.464,-0.8429316253641281,56.400000000000055,-0.7144965775396865
6465,6.465,-0.28298167874507035,56.49999999999999,-0.7041451639326476
6466,6.466,0.4241837236959767,56.600000000000044,-0.6936719970486704
6467,6.4670000000000005,-0.6806147158486364,56.70000000000009,-0.6830796220451262
6468,6.468,-0.2114413238075713,56.80000000000003,-0.6723706030963426
6469,6.469,-0.29574564959849525,56.90000000000008,-0.661547522789875
6470,6.47,-0.06115822592900355,57.00000000000002,-0.650612981520314
6471,6.471,0.2831493390428287,57.09999999999995,-0.6395695968807532
6472,6.472,-0.799752782042154,57.2,-0.6284200030520691
6473,6.473,-0.870216366738305,57.29999999999994,-0.6171668501902039
6474,6.474,-0.7548763854975772,57.39999999999999,-0.6058128038113738
6475,6.4750000000000005,-0.2682647412409058,57.50000000000004,-0.5943605441757732
6476,6.476,-0.8489837936009872,57.59999999999998,-0.5828127656693836
6477,6.477,-0.9152617607300456,57.70000000000003,-0.5711721761844563
6478,6.478,-1.3493107176589256,57.79999999999996,-0.5594414964985944
6479,6.479,-0.6660168439932284,57.90000000000001,-0.5476234596526213
6480,6.48,-0.7595236599362767,58.00000000000007,-0.5357208103273907
6481,6.481,-1.1941752254812434,58.1,-0.5237363042196608
6482,6.482,-1.3910258955335142,58.20000000000005,-0.5116727074171765
6483,6.4830000000000005,-0.8635577461163865,58.300000000000104,-0.4995327957730957
6484,6.484,-2.1824819023753923,58.40000000000004,-0.48731935427996587
6485,6.485,-2.031992452980216,58.49999999999998,-0.4750351764431465
6486,6.486,-1.874201221016273,58.60000000000003,-0.46268306365429845
6487,6.487,-1.878308562172879,58.69999999999997,-0.45026582456441466
6488,6.488,-1.9541872589535063,58.80000000000002,-0.4377862744572582
6489,6.489,-1.4457447312412621,58.899999999999956,-0.4252472346226743
6490,6.49,-1.9942706085674358,59.00000000000001,-0.4126515317304045
6491,6.4910000000000005,-1.7341619369312329,59.10000000000005,-0.4000019972042783
6492,6.492,-1.36605619822667,59.199999999999996,-0.3873014665970742
6493,6.493,-1.729464738809938,59.30000000000005,-0.3745527789659155
6494,6.494,-0.6360354519609841,59.399999999999984,-0.3617587762488441
6495,6.495,-0.012038775111362865,59.500000000000036,-0.3489223026420242
6496,6.496,-0.8262402985993331,59.60000000000008,-0.33604620397838403
6497,6.497,-0.03801870506546634,59.70000000000002,-0.32313332710739867
6498,6.498,0.004878691831060766,59.80000000000007,-0.3101865192761472
6499,6.4990000000000006,-0.08292341290207494,59.900000000000006,-0.29720862751219834
6500,6.5,-0.24143747132695825,60.00000000000006,-0.28420249800784697
6501,6.501,1.1117018483612826,60.09999999999999,-0.2711709755063409
6502,6.502,0.24179198520272596,60.19999999999993,-0.2581169026899607
6503,6.503,1.0989983367263119,60.299999999999976,-0.24504311957015956
6504,6.5040000000000004,1.202773085602891,60.400000000000034,-0.23195246287987695
6505,6.505,1.265528376863189,60.499999999999964,-0.21884776546823398
6506,6.506,1.1579371579186173,60.60000000000002,-0.20573185569746447
6507,6.507000000000001,2.5930029760863604,60.70000000000007,-0.192607556842726
6508,6.508,1.6533093778716639,60.80000000000001,-0.17947768649428122
6509,6.509,1.0987843402359727,60.900000000000055,-0.16634505596269444
6510,6.51,1.1663085105392628,60.99999999999999,-0.15321246968690228
6511,6.511,1.7005865290160365,61.100000000000044,-0.14008272464527705
6512,6.5120000000000005,1.9818650241788283,61.20000000000009,-0.12695860977006282
6513,6.513,1.5480796217729866,61.30000000000003,-0.11384290536485603
6514,6.514,1.8632106016043526,61.39999999999997,-0.10073838252569686
6515,6.515000000000001,1.8996894040139114,61.50000000000002,-0.08764780256561064
6516,6.516,0.6963815527123852,61.59999999999996,-0.0745739164428926
6517,6.517,1.0303166385390612,61.70000000000001,-0.06151946419296016
6518,6.518,1.2100870767481362,61.79999999999995,-0.04848717436442433
6519,6.519,0.7630143204308804,61.89999999999999,-0.035479763458764406
6520,6.5200000000000005,1.2198011241798596,62.00000000000004,-0.022499935374512205
6521,6.521,0.6106809422395961,62.09999999999998,-0.009550380855328146
6522,6.522,1.390014524121531,62.20000000000004,0.0033662230573837507
6523,6.523000000000001,0.15077125286905457,62.30000000000008,0.016247213567494014
6524,6.524,1.2237561839215445,62.40000000000003,0.029089942662602147
6525,6.525,-0.1833721735342062,62.50000000000007,0.041891777647833396
6526,6.526,0.5912993505342955,62.600000000000016,0.05465010167487331
6527,6.527,0.06996533110209324,62.70000000000006,0.06736231426613556
6528,6.5280000000000005,-0.17017050417911928,62.79999999999999,0.08002583183397417
6529,6.529,0.7873002125926021,62.90000000000005,0.09263808819475079
6530,6.53,0.16218006538214763,62.99999999999998,0.1051965350779324
6531,6.531,0.6292891066137106,63.09999999999992,0.11769864262959784
6532,6.532,-0.2821102675121365,63.19999999999997,0.13014189991096506
6533,6.533,0.22698670217675454,63.300000000000026,0.1425238153910748
6534,6.534,1.0462272674099524,63.399999999999956,0.15484191743424275
6535,6.535,0.595121861385794,63.5,0.16709375478166683
6536,6.5360000000000005,0.9378606689840121,63.60000000000006,0.179276897027374
6537,6.537,-0.21607745709679704,63.69999999999999,0.19138893508832666
6538,6.538,0.17097279954634603,63.80000000000005,0.20342748166861568
6539,6.539,0.27292463278960977,63.899999999999984,0.21539017171765448
6540,6.54,0.20978762654635189,64.00000000000004,0.227274662882285
6541,6.541,0.8014980227419585,64.10000000000008,0.23907863595273154
6542,6.542,0.38274876034078953,64.20000000000003,0.2507997953022301
6543,6.543,-0.45714127192661597,64.29999999999995,0.2624358693205186
6544,6.5440000000000005,-0.5720369894828682,64.4,0.2739846108406246
6545,6.545,-0.9066908328314042,64.49999999999994,0.28544379755946214
6546,6.546,0.7116375780580189,64.6,0.29681123245167895
6547,6.547,0.08511072032745032,64.69999999999993,0.3080847441769444
6548,6.548,-0.7804641932282799,64.79999999999998,0.3192621874805158
6549,6.549,-0.20749227769748363,64.90000000000003,0.33034144358704565
6550,6.55,-0.5669895404132101,64.99999999999997,0.3413204205874744
6551,6.551,-0.04390996852738738,65.10000000000002,0.35219705381918187
6552,6.5520000000000005,0.4086596195842601,65.20000000000007,0.3629693062389515
6553,6.553,-1.0013113502825366,65.30000000000001,0.37363516878899805
6554,6.554,-0.31477888142589217,65.40000000000006,0.3841926607559993
6555,6.555,0.2630034079221203,65.5,0.39463983012270293
6556,6.556,-0.7018977796110973,65.60000000000005,0.4049747539126429
6557,6.557,-0.191526048910916,65.69999999999999,0.41519553852725655
6558,6.558,-0.9030369375696973,65.80000000000004,0.425300320075944
6559,6.559,0.07267046260517673,65.89999999999998,0.4352872646985782
6560,6.5600000000000005,-0.7958929789752518,66.00000000000003,0.4451545688806584
6561,6.561,-0.5010206569539626,66.09999999999997,0.45490045976090765
6562,6.562,-1.13228408743571,66.2,0.46452319543150317
6563,6.563,-1.102141364718341,66.29999999999995,0.474021065230473
6564,6.564,-1.4575568667766146,66.39999999999999,0.48339239002677975
6565,6.565,-0.8166112160765963,66.50000000000006,0.49263552249744125
6566,6.566,-1.1320840587495977,66.59999999999998,0.5017488473971946
6567,6.567,-1.709685886849137,66.70000000000005,0.5107307818203184
6568,6.5680000000000005,-1.876951906582976,66.80000000000008,0.5195797754546031
6569,6.569,-1.4363587784916394,66.90000000000003,0.5282943108276841
6570,6.57,-1.497421282445092,67.00000000000007,0.5368729035453916
6571,6.571,-1.8229124873233067,67.10000000000001,0.5453141025222868
6572,6.572,-1.172249955366083,67.20000000000006,0.553616490204277
6573,6.573,-2.163094068510462,67.3,0.5617786827833181
6574,6.574,-1.678513839482673,67.39999999999993,0.5697993304041012
6575,6.575,-1.0737083410933095,67.49999999999999,0.5776771173629007
6576,6.5760000000000005,-1.0017285072755118,67.60000000000004,0.5854107622982037
6577,6.577,-1.8388262080417195,67.69999999999997,0.5929990183735359
6578,6.578,-1.1044743084044697,67.80000000000003,0.6004406734520995
6579,6.579,-1.036678955522867,67.89999999999996,0.6077345502634224
6580,6.58,-1.421208131635142,68.0,0.6148795065619079
6581,6.581,-0.5492445307754799,68.10000000000007,0.6218744352773191
6582,6.582,-0.727183555287098,68.19999999999999,0.6287182646571552
6583,6.583,-0.6098766564820783,68.30000000000005,0.6354099584009263
6584,6.5840000000000005,0.8007904237480449,68.40000000000009,0.6419485157863308
6585,6.585,0.899859637552423,68.50000000000004,0.6483329717872647
6586,6.586,0.389926472240568,68.59999999999998,0.6545623971838275
6587,6.587,0.20864503319078376,68.70000000000002,0.6606358986640248
6588,6.588,1.1471947983425839,68.79999999999997,0.6665526189175601
6589,6.589,1.0119331696869853,68.9,0.6723117367212975
6590,6.59,0.5004495334560557,68.99999999999996,0.677912467016783
6591,6.591,1.2997366172704379,69.1,0.6833540609795397
6592,6.5920000000000005,2.142614545725711,69.20000000000005,0.6886358060803126
6593,6.593,1.975791459108859,69.29999999999998,0.6937570261381998
6594,6.594,1.1483763453037867,69.40000000000003,0.6987170813657003
6595,6.595,1.6495135415765443,69.49999999999997,0.7035153684056973
6596,6.596,1.5425490394285364,69.60000000000002,0.7081513203603729
6597,6.597,1.6718872931006308,69.70000000000007,0.7126244068120953
6598,6.598,1.56025713520771,69.80000000000001,0.7169341338362444
6599,6.599,1.4519514442711408,69.90000000000006,0.7210800440061166
6600,6.6000000000000005,1.3852182390395043,70.0,0.7250617163897202
6601,6.601,1.6406711791284876,70.10000000000005,0.728878766538736
6602,6.602,0.9049841261290577,70.19999999999999,0.7325308464694541
6603,6.603,1.2755540947185458,70.29999999999993,0.7360176446358468
6604,6.604,0.8297379506728206,70.39999999999998,0.7393388858947328
6605,6.605,0.45103713331231315,70.50000000000003,0.742494331463113
6606,6.606,0.41429819480253754,70.59999999999997,0.7454837788676649
6607,6.607,1.047244490838709,70.70000000000002,0.7483070618864566
6608,6.6080000000000005,1.2194298850032164,70.80000000000007,0.7509640504829169
6609,6.609,0.45008864078335686,70.9,0.7534546507320563
6610,6.61,0.24448940115277495,71.00000000000006,0.7557788047390704
6611,6.611,0.8241806685101875,71.1,0.7579364905502123
6612,6.612,0.7568730443326517,71.20000000000005,0.759927722056169
6613,6.613,0.6627589855209642,71.30000000000008,0.7617525488877825
6614,6.614,0.6519374428857584,71.40000000000002,0.7634110563043411
6615,6.615,0.21932692057838205,71.50000000000007,0.7649033650743443
6616,6.6160000000000005,1.0234751272531284,71.60000000000001,0.7662296313488871
6617,6.617,-0.18929632404704366,71.69999999999996,0.7673900465276403
6618,6.618,-0.06488038830536597,71.8,0.7683848371175509
6619,6.619,1.082709291999238,71.89999999999993,0.7692142645842226
6620,6.62,0.05916123118746319,71.99999999999999,0.769878625196133
6621,6.621,1.291028977500318,72.10000000000005,0.7703782498616478
6622,6.622,0.9006595814867123,72.19999999999997,0.7707135039589476
6623,6.623,0.11370399829687657,72.30000000000003,0.7708847871589148
6624,6.6240000000000006,-0.2774424006767546,72.40000000000008,0.7708925332410098
6625,6.625,0.24656926740850604,72.50000000000001,0.7707372099022419
6626,6.626,-0.25228671649712764,72.60000000000007,0.7704193185592509
6627,6.627,0.9542499050555697,72.7,0.7699393941436065
6628,6.628,-0.9371129946279932,72.80000000000005,0.7692980048903463
6629,6.6290000000000004,0.34992046414877137,72.89999999999999,0.7684957521198602
6630,6.63,-0.017674479420752065,73.00000000000004,0.7675332700131492
6631,6.631,0.07029089816575118,73.09999999999998,0.7664112253805571
6632,6.632000000000001,-0.2886209337339357,73.20000000000002,0.7651303174240296
6633,6.633,-0.2571565669419829,73.29999999999997,0.7636912774929718
6634,6.634,0.10879192163034612,73.4,0.7620948688337792
6635,6.635,-0.4792420359928448,73.49999999999996,0.7603418863331198
6636,6.636,0.156460966463429,73.6,0.758433156255025
6637,6.6370000000000005,-0.2709031775595159,73.70000000000006,0.7563695359718942
6638,6.638,-0.042100729282848914,73.79999999999998,0.7541519136894543
6639,6.639,-0.27197811945364386,73.90000000000005,0.751781208165773
6640,6.640000000000001,0.39432924700960836,74.00000000000009,0.7492583684244122
6641,6.641,-0.44827058497297523,74.10000000000002,0.7465843734617817
6642,6.642,-0.6994234034140148,74.20000000000007,0.7437602319487682
6643,6.643,-1.2428273663909533,74.30000000000001,0.7407869819267762
6644,6.644,-0.9581241616654445,74.40000000000006,0.7376656904981664
6645,6.6450000000000005,-1.0038715329710928,74.5,0.7343974535112971
6646,6.646,-0.2638485651125805,74.59999999999994,0.7309833952401321
6647,6.647,-1.6867475485657106,74.69999999999999,0.7274246680585903
6648,6.648000000000001,-1.2562165585754237,74.80000000000004,0.723722452109685
6649,6.649,-0.33224254830932987,74.89999999999998,0.7198779549695472
6650,6.65,-1.213442076912095,75.00000000000003,0.7158924113064123
6651,6.651,-0.6682268618494438,75.09999999999997,0.7117670825346893
6652,6.652,-1.9935807539966532,75.20000000000002,0.7075032564641573
6653,6.6530000000000005,-1.6133049143012448,75.30000000000007,0.7031022469444272
6654,6.654,-2.0369619427361534,75.4,0.6985653935047402
6655,6.655,-1.915711875250592,75.50000000000006,0.693894060989149
6656,6.656000000000001,-1.9018646644160078,75.60000000000011,0.6890896391873077
6657,6.657,-1.3967351540938957,75.70000000000003,0.684153542460788
6658,6.658,-1.4473365803201004,75.8000000000001,0.6790872093651593
6659,6.659,-0.7953007369512148,75.90000000000002,0.6738921022678648
6660,6.66,-1.2965261074967351,75.99999999999997,0.668569706961991
6661,6.6610000000000005,-0.9945881635299048,76.10000000000002,0.6631215322760472
6662,6.662,-1.8399110804872096,76.19999999999996,0.6575491096798376
6663,6.663,-0.08664116630342922,76.30000000000001,0.651853992886524
6664,6.664,-0.7368414818789022,76.39999999999993,0.6460377574509967
6665,6.665,-0.5171825783926366,76.5,0.640102000364618
6666,6.666,-0.9513126358980667,76.60000000000004,0.6340483396464751
6667,6.667,0.48369869931600074,76.69999999999999,0.6278784139312391
6668,6.668,0.5649875581860078,76.80000000000003,0.621593882053642
6669,6.6690000000000005,0.5045315700978851,76.90000000000008,0.6151964226298821
6670,6.67,0.5261103670857066,77.00000000000001,0.608687733635787
6671,6.671,1.1262947257398088,77.10000000000008,0.6020695319820623
6672,6.672,1.1453086333829103,77.2,0.5953435530866117
6673,6.673,0.5726200140722151,77.30000000000007,0.5885115504440585
6674,6.674,2.015904668151069,77.39999999999999,0.5815752951925746
6675,6.675,1.2469278125693624,77.49999999999993,0.5745365756781501
6676,6.676,1.3928567866221009,77.59999999999998,0.5673971970162818
6677,6.6770000000000005,1.4804136501904748,77.70000000000003,0.5601589806514029
6678,6.678,1.6638556672230331,77.79999999999997,0.5528237639139705
6679,6.679,1.3826478065197776,77.90000000000002,0.5453933995753149
6680,6.68,1.5462995297006488,77.99999999999994,0.5378697554005819
6681,6.681,2.200526413703418,78.10000000000001,0.5302547136995025
6682,6.682,1.7582244002227727,78.20000000000006,0.5225501708755086
6683,6.683,1.1554822428517753,78.3,0.514758036972917
6684,6.684,1.115704910642432,78.40000000000003,0.5068802352225662
6685,6.6850000000000005,1.402240979899957,78.50000000000009,0.4989187015858633
6686,6.686,0.8429070734128952,78.60000000000002,0.4908753842974361
6687,6.687,0.8934922189593111,78.70000000000009,0.48275224340632733
6688,6.688,0.8972348717994474,78.80000000000001,0.4745512503161567
6689,6.689,0.969731529084709,78.89999999999995,0.4662743873239156
6690,6.69,0.8230226881499915,79.0,0.4579236471579793
6691,6.691,1.0576888799557005,79.09999999999994,0.4495010325150084
6692,6.692,0.5871687497441244,79.19999999999999,0.44100855559611263
6693,6.6930000000000005,0.49596378362559734,79.30000000000004,0.43244823764237855
6694,6.694,0.6142369892843852,79.39999999999998,0.42382210846964496
6695,6.695,0.2108814852998746,79.50000000000003,0.4151322060028925
6696,6.696,1.1632907956459284,79.59999999999997,0.40638057581019577
6697,6.697,0.4953767343622967,79.70000000000002,0.3975692706363853
6698,6.698,0.5065067130345201,79.80000000000007,0.38870034993651903
6699,6.699,0.2524033131488489,79.9,0.3797758794093141
6700,6.7,0.508416778054279,80.00000000000006,0.3707979305304642
6701,6.7010000000000005,0.24578639879772438,80.10000000000011,0.36176858008628937
6702,6.702,-0.5493682960548926,80.20000000000005,0.35268990970739605
6703,6.703,0.13539065807199957,80.29999999999998,0.34356400540279775
6704,6.704,0.21574307417427158,80.39999999999992,0.3343929570944144
6705,6.705,0.2768328254718975,80.49999999999997,0.32517885815210484
6706,6.706,0.12813682107274396,80.60000000000002,0.31592380492933153
6707,6.707,0.03152620373294708,80.69999999999996,0.306629896299553
6708,6.708,-0.1372062594586897,80.80000000000001,0.2972992331934457
6709,6.7090000000000005,-0.0433075077778656,80.90000000000005,0.28793391813704794
6710,6.71,-1.0200107023409075,81.0,0.2785360547909839
6711,6.711,-0.7415807511092791,81.10000000000004,0.26910774749067
6712,6.712,0.347335838557046,81.19999999999999,0.2596511007879821
6713,6.713,-0.3300194391451085,81.30000000000003,0.25016821899396224
6714,6.714,-1.033670109963007,81.40000000000009,0.2406612057232268
6715,6.715,-1.23496451424349,81.50000000000001,0.23113216343965226
6716,6.716,0.25779522842420854,81.60000000000008,0.22158319300381604
6717,6.7170000000000005,-0.8164990370823435,81.70000000000002,0.21201639322209118
6718,6.718,-0.09008410354040469,81.79999999999994,0.2024338603975463
6719,6.719,-0.6631670058602261,81.9,0.19283768788274006
6720,6.72,-0.6278423359145635,81.99999999999993,0.18322996563450342
6721,6.721,-0.6469188911526811,82.1,0.17361277977079662
6722,6.722,-0.2593084612917411,82.20000000000003,0.16398821212973028
6723,6.723,0.030789368057205224,82.29999999999998,0.1543583398309003
6724,6.724,-1.1322622702495253,82.40000000000002,0.14472523483892438
6725,6.7250000000000005,-1.4636638934456045,82.50000000000007,0.1350909635296524
6726,6.726,-0.9805225206628116,82.60000000000001,0.12545758625866985
6727,6.727,-1.920559970176942,82.70000000000005,0.11582715693256579
6728,6.728,-1.3106042065040096,82.8,0.10620172258284845
6729,6.729,-1.2312771287613047,82.90000000000003,0.09658332294265534
6730,6.73,-0.7463632938384965,83.0000000000001,0.0869739900263288
6731,6.731,-0.9607106752364849,83.10000000000002,0.07737574771200272
6732,6.732,-0.9575005987181827,83.19999999999996,0.06779061132708948
6733,6.7330000000000005,-2.0581438611169345,83.30000000000003,0.058220587237066274
6734,6.734,-1.1408744845897631,83.39999999999995,0.04866767243738042
6735,6.735,-1.1394414979550271,83.50000000000001,0.03913385414854439
6736,6.736,-2.603237107821049,83.59999999999994,0.02962110941482775
6737,6.737,-1.2905344525108253,83.7,0.020131404706100132
6738,6.738,-1.3375395548027815,83.80000000000004,0.010666695523482267
6739,6.739,-1.91306343471263,83.89999999999999,0.0012289260083491634
6740,6.74,-2.181282414895738,84.00000000000003,-0.008179971444847507
6741,6.7410000000000005,-1.5941326356674597,84.10000000000008,-0.017558076572077815
6742,6.742,-1.2412235573985964,84.20000000000002,-0.026903481619349842
6743,6.743,-1.6035518723775877,84.30000000000007,-0.036214291718583896
6744,6.744,-1.3801521595881088,84.4,-0.045488625259286444
6745,6.745,-1.3900476707123983,84.50000000000006,-0.05472461425647854
6746,6.746,-0.5483363072628665,84.6,-0.06392040471424033
6747,6.747,-1.0140593839447687,84.69999999999993,-0.07307415698531768
6748,6.748,-1.2001711594934719,84.79999999999998,-0.08218404612640214
6749,6.7490000000000006,-0.8864454223939667,84.90000000000003,-0.09124826224903172
6750,6.75,0.21627898768825615,84.99999999999997,-0.10026501086629962
6751,6.751,0.6713830869316191,85.10000000000002,-0.10923251323499986
6752,6.752,0.019003909866030566,85.19999999999996,-0.11814900669333975
6753,6.753,0.4727629557852603,85.30000000000001,-0.12701274499409257
6754,6.7540000000000004,0.908521381385291,85.40000000000006,-0.1358219986331513
6755,6.755,1.084450430397758,85.5,-0.14457505517336108
6756,6.756,1.5181083574063021,85.60000000000005,-0.15327021956376818
6757,6.757000000000001,1.41306648416845,85.7000000000001,-0.161905814453869
6758,6.758,1.4779803378030472,85.80000000000004,-0.1704801805032436
6759,6.759,1.666917988306064,85.90000000000009,-0.17899167668615792
6760,6.76,2.3016470185741835,86.00000000000003,-0.1874386805912822
6761,6.761,1.5426313365672892,86.09999999999995,-0.19581958871640284
6762,6.7620000000000005,2.0586294933622575,86.20000000000002,-0.20413281675809886
6763,6.763,1.6359087952120965,86.29999999999995,-0.21237679989632335
6764,6.764,2.0386546066561957,86.4,-0.22054999307384976
6765,6.765000000000001,2.5478258482730594,86.50000000000004,-0.22865087127054465
6766,6.766,1.4025713375016884,86.6,-0.2366779297723608
6767,6.767,1.8936394862844965,86.70000000000003,-0.24462968443519267
6768,6.768,1.4820316547041124,86.79999999999997,-0.25250467194320586
6769,6.769,1.930469767537302,86.90000000000002,-0.26030145006206507
6770,6.7700000000000005,0.4942486255179743,87.00000000000007,-0.2680185978865184
6771,6.771,1.4426988139189343,87.10000000000001,-0.27565471608276154
6772,6.772,0.7110848904513856,87.20000000000006,-0.28320842712520156
6773,6.773000000000001,1.2035355167985475,87.30000000000011,-0.29067837552777287
6774,6.774,0.9959890399435207,87.40000000000005,-0.29806322806970137
6775,6.775,0.467785656706103,87.5,-0.3053616740157016
6776,6.776,0.5698057698355246,87.60000000000004,-0.31257242533057483
6777,6.777,0.19161580055122474,87.69999999999996,-0.31969421688817107
6778,6.7780000000000005,0.4759108566979787,87.80000000000003,-0.32672580667470413
6779,6.779,1.2969844213338722,87.89999999999996,-0.33366597598633085
6780,6.78,0.010575431226000798,88.00000000000001,-0.34051352962113646
6781,6.781000000000001,0.7854927831091623,88.10000000000005,-0.34726729606519974
6782,6.782,0.28480701435229505,88.2,-0.3539261276730793
6783,6.783,-0.1753839313497091,88.30000000000004,-0.36048890084239604
6784,6.784,-0.42150465894724576,88.39999999999999,-0.36695451618266517
6785,6.785,0.019931702971586307,88.50000000000003,-0.3733218986782853
6786,6.7860000000000005,0.621106247019463,88.6000000000001,-0.37958999784570624
6787,6.787,0.26806886407585456,88.70000000000002,-0.38575778788468945
6788,6.788,0.4159189784070313,88.80000000000007,-0.39182426782380064
6789,6.789,0.5571611753327215,88.9,-0.3977884616598829
6790,6.79,-0.3191810862997856,88.99999999999994,-0.40364941849172825
6791,6.791,0.03583600094361839,89.10000000000001,-0.4094062126478091
6792,6.792,-0.35884277060454933,89.19999999999993,-0.4150579438080563
6793,6.793,0.26936667026179384,89.29999999999998,-0.42060373711980825
6794,6.7940000000000005,0.3144143286132907,89.40000000000003,-0.42604274330767355
6795,6.795,0.3032746310444535,89.49999999999997,-0.431374138777604
6796,6.796,-0.14354809146365632,89.60000000000002,-0.4365971257149205
6797,6.797,-0.8627002710872007,89.69999999999996,-0.44171093217643737
6798,6.798,-0.7149675594830759,89.80000000000001,-0.44671481217661685
6799,6.799,-0.7955074763006379,89.90000000000006,-0.4516080457677918
6800,6.8,-0.47554698839498394,90.0,-0.45638993911439585
6801,6.801,-0.3236709073763066,90.10000000000005,-0.4610598245613309
6802,6.8020000000000005,-0.35954955133966726,90.2000000000001,-0.46561706069629005
6803,6.803,-0.48737708527914264,90.30000000000004,-0.47006103240618785
6804,6.804,-0.7248642275256314,90.39999999999998,-0.47439115092770767
6805,6.805,0.4788697778610814,90.50000000000003,-0.4786068538918005
6806,6.806,-0.7601188539752997,90.59999999999997,-0.48270760536241575
6807,6.807,-0.6100978605317574,90.70000000000002,-0.4866928958691796
6808,6.808,-0.27729657769227445,90.79999999999995,-0.49056224243430063
6809,6.809,-0.7841273973160837,90.9,-0.4943151885935118
6810,6.8100000000000005,0.2754290474551341,91.00000000000006,-0.49795130441118723
6811,6.811,-0.9211955818081807,91.09999999999998,-0.501470186489563
6812,6.812,-0.9442442574770002,91.20000000000005,-0.5048714579721945
6813,6.813,-1.7469570743679437,91.29999999999997,-0.5081547685414852
6814,6.814,-1.217320676713795,91.40000000000003,-0.5113197944105392
6815,6.815,-1.3575665423785457,91.50000000000007,-0.5143662383091107
6816,6.816,-0.8682879446897851,91.60000000000002,-0.517293829463891
6817,6.817,-1.8698788224707021,91.70000000000006,-0.5201023235730183
6818,6.8180000000000005,-1.555299238002745,91.80000000000001,-0.5227915027748442
6819,6.819,-1.5141000029346918,91.90000000000005,-0.5253611756110808
6820,6.82,-1.7169534736920726,91.99999999999999,-0.5278111769842243
6821,6.821,-1.5482989876761475,92.09999999999994,-0.5301413681093796
6822,6.822,-1.421263477419177,92.19999999999997,-0.5323516364604568
6823,6.823,-0.9142186954709026,92.30000000000003,-0.5344418957108107
6824,6.824,-2.010573771529478,92.39999999999996,-0.5364120856683053
6825,6.825,-1.3686703818281636,92.50000000000001,-0.538262172204912
6826,6.8260000000000005,-1.57062610148878,92.60000000000007,-0.5399921471807615
6827,6.827,-0.6979141666272307,92.70000000000002,-0.5416020283628118
6828,6.828,-1.6774149697347964,92.80000000000005,-0.5430918593380614
6829,6.829,-0.8013396374052155,92.89999999999998,-0.5444617094214079
6830,6.83,-0.9935698941210287,93.00000000000004,-0.5457116735581591
6831,6.831,-0.3366838588753108,93.10000000000008,-0.54684187222125
6832,6.832,-0.13384057707996683,93.20000000000003,-0.5478524513031975
6833,6.833,0.5605027551394869,93.29999999999995,-0.5487435820028311
6834,6.8340000000000005,-0.04522520366343788,93.40000000000002,-0.5495154607068586
6835,6.835,0.7122800802380136,93.49999999999994,-0.5501683088662748
6836,6.836,0.797655814180242,93.60000000000001,-0.5507023728677092
6837,6.837,0.818090564789833,93.69999999999993,-0.5511179238996888
6838,6.838,0.8507509045798485,93.79999999999998,-0.5514152578139394
6839,6.839,0.9324094003748297,93.90000000000003,-0.5515946949816953
6840,6.84,2.6188911382280065,93.99999999999997,-0.5516565801451311
6841,6.841,1.5246318091016406,94.10000000000002,-0.5516012822639142
6842,6.8420000000000005,2.0883246719842634,94.20000000000007,-0.5514291943569609
6843,6.843,0.8802542957347796,94.30000000000001,-0.5511407333394265
6844,6.844,1.5303020698545462,94.40000000000006,-0.5507363398549855
6845,6.845,1.488639025179938,94.5,-0.5502164781034679
6846,6.846,1.6082960759407006,94.60000000000005,-0.5495816356638741
6847,6.847,2.024111894246815,94.69999999999999,-0.5488323233128606
6848,6.848,1.9914774462947942,94.80000000000004,-0.5479690748387149
6849,6.849,1.4479697065909471,94.89999999999998,-0.5469924468508998
6850,6.8500000000000005,1.0239012911046204,95.00000000000003,-0.5459030185852151
6851,6.851,1.2706165248341228,95.09999999999997,-0.5447013917046296
6852,6.852,1.2794633003542297,95.20000000000002,-0.5433881900958482
6853,6.853,0.710994932328471,95.29999999999995,-0.5419640596616705
6854,6.854,0.9400919593959912,95.4,-0.5404296681091958
6855,6.855,0.8584474710397065,95.50000000000006,-0.5387857047339434
6856,6.856,0.7955827185507469,95.6,-0.5370328801999453
6857,6.857,0.7555482068468431,95.70000000000005,-0.5351719263158552
6858,6.8580000000000005,0.8377349348556844,95.8000000000001,-0.53320359580718
6859,6.859,0.47710956702105384,95.90000000000003,-0.5311286620846509
6860,6.86,0.787707460419457,96.00000000000009,-0.5289479190088067
6861,6.861,0.93975737136083,96.10000000000002,-0.5266621806508972
6862,6.862,1.12348556349066,96.19999999999996,-0.5242722810500895
6863,6.863,0.008334645696061238,96.3,-0.5217790739671399
6864,6.864,0.44440354358758044,96.39999999999995,-0.5191834326345051
6865,6.865,0.7645669514597465,96.49999999999999,-0.5164862495030245
6866,6.8660000000000005,0.17930521986472736,96.60000000000005,-0.5136884359852123
6867,6.867,0.11807873143178271,96.69999999999997,-0.5107909221952424
6868,6.868,0.110978701584729,96.80000000000004,-0.5077946566856466
6869,6.869,0.5454605400083452,96.89999999999996,-0.5047006061809003
6870,6.87,1.5277047563968995,97.00000000000003,-0.5015097553078133
6871,6.871,0.169563387826496,97.10000000000007,-0.49822310632296435
6872,6.872,0.5449829182198984,97.2,-0.4948416788370953
6873,6.873,-0.1849688184472873,97.30000000000005,-0.49136650953662975
6874,6.8740000000000006,0.2815330219292964,97.40000000000009,-0.4877986519023896
6875,6.875,0.03038997905249273,97.50000000000004,-0.48413917592549927
6876,6.876,-0.6643085860306874,97.59999999999998,-0.48038916782064134
6877,6.877,0.26696129008589364,97.70000000000003,-0.4765497297366864
6878,6.878,0.11561510893087867,97.79999999999997,-0.4726219794647761
6879,6.8790000000000004,-0.7569710994278069,97.90000000000002,-0.46860705014393833
6880,6.88,-0.6446330190911554,97.99999999999996,-0.46450608996432513
6881,6.881,0.1820120925604204,98.1,-0.4603202618680666
6882,6.882000000000001,-0.14719047400004015,98.20000000000006,-0.4560507432479704
6883,6.883,-0.010229307234103813,98.29999999999998,-0.45169872564395147
6884,6.884,-0.47253594775106045,98.40000000000005,-0.4472654144374158
6885,6.885,-0.2688317094774534,98.49999999999997,-0.4427520285436017
6886,6.886,-0.7371195382511366,98.60000000000004,-0.438159800101963
6887,6.8870000000000005,-0.13626150992207137,98.70000000000007,-0.4334899741646817
6888,6.888,-0.5436650956323005,98.80000000000003,-0.4287438083833729
6889,6.889,-1.251562470553437,98.90000000000006,-0.42392257269406036
6890,6.890000000000001,-0.043925246024332676,99.0,-0.4190275490005002
6891,6.891,-0.6126302298039118,99.10000000000005,-0.41406003085594806
6892,6.892,-0.9754761916570647,99.19999999999999,-0.4090213231433538
6893,6.893,-0.5375127572119328,99.29999999999993,-0.40391274175424946
6894,6.894,-0.9349852094410209,99.39999999999998,-0.39873561326614015
6895,6.8950000000000005,-0.9374236468308872,99.50000000000003,-0.393491274618767
6896,6.896,-0.8561401803812296,99.59999999999997,-0.388181072789047
6897,6.897,-1.8358217203088276,99.70000000000002,-0.38280636446496163
6898,6.898000000000001,-0.8230988742608205,99.80000000000007,-0.37736851571837454
6899,6.899,-1.1343535632354542,99.9,-0.371868901676876
6900,6.9,-0.8774467424021121,100.00000000000006,-0.36630890619473183
6901,6.901,-1.42338459933276,100.1,-0.3606899215230134
6902,6.902,-1.5402714326899434,100.20000000000005,-0.3550133479789774
6903,6.9030000000000005,-1.8291042747558461,100.3000000000001,-0.3492805936147746
6904,6.904,-0.8338187367910934,100.40000000000003,-0.3434930738855918
6905,6.905,-1.7213995727557414,100.49999999999997,-0.33765221131719
6906,6.906000000000001,-1.433492897628855,100.60000000000002,-0.33175943517313267
6907,6.907,-1.4918529365744064,100.69999999999996,-0.3258161811215096
6908,6.908,-1.611835343539711,100.80000000000001,-0.31982389090144964
6909,6.909,-1.4957023470210449,100.89999999999995,-0.3137840119893855
6910,6.91,-1.186951628580718,101.0,-0.3076979972651732
6911,6.9110000000000005,-1.8651560018231381,101.10000000000005,-0.3015673046781387
6912,6.912,-1.048468558679221,101.19999999999999,-0.29539339691315747
6913,6.913,-1.3344947766189392,101.30000000000004,-0.2891777410567263
6914,6.914,-0.47585361940451465,101.39999999999998,-0.28292180826329966
6915,6.915,-1.4529786748920772,101.50000000000001,-0.2766270734217602
6916,6.916,-0.665718929274405,101.60000000000008,-0.27029501482221774
6917,6.917,0.49190961451942683,101.7,-0.26392711382320266
6918,6.918,0.03342616736337328,101.80000000000007,-0.25752485451920526
6919,6.9190000000000005,0.3843166863212055,101.89999999999999,-0.25108972340887925
6920,6.92,0.27490632833561024,102.00000000000006,-0.24462320906367752
6921,6.921,1.5597247634388305,102.09999999999998,-0.2381268017972384
6922,6.922,0.7242372296595687,102.19999999999992,-0.2316019933354659
6923,6.923,1.8187051373757182,102.29999999999997,-0.22505027648740725
6924,6.924,1.225434465853133,102.4,-0.21847314481699603
6925,6.925,1.3028882965729582,102.49999999999996,-0.21187209231576504
6926,6.926,1.717536384836304,102.6,-0.20524861307646666
6927,6.9270000000000005,1.338045888958192,102.70000000000006,-0.198604200967923
6928,6.928,2.0327551509119814,102.8,-0.19194034931086898
6929,6.929,2.0745744258741796,102.90000000000005,-0.1852585505550654
6930,6.93,1.2047905798339291,102.99999999999999,-0.17856029595775716
6931,6.931,1.2745947428124338,103.10000000000004,-0.1718470752633122
6932,6.932,2.3794915125135128,103.20000000000007,-0.16512037638446575
6933,6.933,0.8984388609093026,103.30000000000001,-0.1583816850848723
6934,6.934,0.9521703736315215,103.40000000000006,-0.15163248466330112
6935,6.9350000000000005,0.9402181739031261,103.5,-0.1448742556393945
6936,6.936,0.7743788642095937,103.59999999999995,-0.13810847544113847
6937,6.937,0.5929450856745787,103.69999999999999,-0.13133661809396532
6938,6.938,0.43610526554747603,103.79999999999993,-0.12456015391181928
6939,6.939,0.5228226763767582,103.89999999999998,-0.11778054918987968
6940,6.94,0.7687479999120143,104.00000000000004,-0.11099926589940572
6941,6.941,0.5943655737577981,104.09999999999997,-0.1042177613843929
6942,6.942,1.3947562665331636,104.20000000000002,-0.09743748806037325
6943,6.9430000000000005,0.4389578767355015,104.30000000000007,-0.09065989311528007
6944,6.944,0.21361645731497325,104.4,-0.08388641821247643
6945,6.945,0.30756885345553053,104.50000000000006,-0.07711849919600253
6946,6.946,0.6169422559786816,104.6,-0.07035756579809964
6947,6.947,0.9206487150563596,104.70000000000005,-0.06360504134906518
6948,6.948,0.8387284374122366,104.79999999999998,-0.05686234248949148
6949,6.949,0.8849675682691072,104.90000000000003,-0.05013087888498694
6950,6.95,0.47113280884672076,104.99999999999997,-0.043412052943292374
6951,6.9510000000000005,0.13610556469068236,105.10000000000002,-0.03670725953411371
6952,6.952,-0.03290998226145159,105.19999999999996,-0.030017885711397567
6953,6.953,0.5134658371835724,105.30000000000001,-0.023345310438370015
6954,6.954,0.3089224326571408,105.39999999999995,-0.01669090431524746
6955,6.955,0.3519109210485377,105.5,-0.010056029309714653
6956,6.956,-0.38542942632424226,105.60000000000005,-0.00344203849021527
6957,6.957,0.18023892350267678,105.69999999999999,0.0031497242378970025
6958,6.958,0.6549060989643506,105.80000000000004,0.009717924393297411
6959,6.9590000000000005,-0.2675462742452706,105.90000000000009,0.016261237176678198
6960,6.96,-0.18010455946078716,106.00000000000003,0.022778347725693652
6961,6.961,-0.8754969926491581,106.10000000000008,0.02926795136695767
6962,6.962,0.6542530783992255,106.20000000000002,0.03572875386477842
6963,6.963,-0.45251505830077227,106.30000000000007,0.042159471666951755
6964,6.964,0.08956329671107882,106.4,0.0485588321471724
6965,6.965,-1.000999929216149,106.49999999999993,0.05492557384438504
6966,6.966,-0.5935418463148878,106.6,0.06125844669876416
6967,6.9670000000000005,-1.0139123205691525,106.70000000000003,0.0675562122844304
6968,6.968,0.0736750026503642,106.79999999999998,0.07381764403877229
6969,6.969,-0.1158233481836336,106.90000000000002,0.08004152748847383
6970,6.97,-0.6175581630056182,106.99999999999997,0.08622666047199001
6971,6.971,-0.8458046710125064,107.10000000000001,0.09237185335865096
6972,6.972,-0.6658538768433634,107.20000000000007,0.0984759292642349
6973,6.973,-1.181150030703105,107.3,0.10453772426297281
6974,6.974,-0.2873658148837353,107.40000000000006,0.11055608759608013
6975,6.9750000000000005,-0.8429452901185972,107.5000000000001,0.11652988187653042
6976,6.976,-0.9781988769579625,107.60000000000002,0.12245798329034406
6977,6.977,-0.633639324423726,107.70000000000009,0.1283392817941072
6978,6.978,-0.35460470551855333,107.80000000000001,0.13417268130882973
6979,6.979,-1.4856369263982456,107.89999999999996,0.13995709991006153
6980,6.98,-0.22806028565777325,108.0,0.14569147001425845
6981,6.981,-1.7858263817779017,108.09999999999995,0.15137473856132116
6982,6.982,-0.5337814377507323,108.19999999999999,0.1570058671934069
6983,6.9830000000000005,-1.1698681161466267,108.30000000000005,0.16258383242978844
6984,6.984,-1.3351333411823285,108.39999999999998,0.1681076258378972
6985,6.985,-0.7989077699581835,108.50000000000003,0.17357625420053094
6986,6.986,-2.255891754860409,108.59999999999998,0.17898873967900406
6987,6.987,-2.004984778828694,108.70000000000002,0.18434411997253372
6988,6.988,-1.8092147134763725,108.80000000000007,0.18964144847349312
6989,6.989,-0.9708400629907117,108.9,0.19487979441882902
6990,6.99,-1.2969719222942815,109.00000000000006,0.20005824303738767
6991,6.9910000000000005,-1.7609227834615624,109.1,0.20517589569326516
6992,6.992,-1.0709894506781588,109.20000000000005,0.21023187002507815
6993,6.993,-1.4471419827863936,109.29999999999998,0.21522530008126867
6994,6.994,-1.1508419596171124,109.39999999999992,0.22015533645120222
6995,6.995,-0.7707696477239397,109.49999999999997,0.22502114639234222
6996,6.996,-0.6066391527792936,109.60000000000002,0.22982191395316665
6997,6.997,-0.9487471552392458,109.69999999999996,0.23455684009210181
6998,6.998,-0.06519222897101584,109.80000000000001,0.2392251427922794
6999,6.9990000000000006,0.0709712105251486,109.90000000000006,0.24382605717211736
7000,7.0,-0.29003814307015263,110.0,0.24835883559184976
7001,7.001,0.4537410449670509,109.89999999999995,0.2528227477558251
7002,7.002,0.6654965932731096,109.80000000000001,0.25721708081068007
7003,7.003,0.9787857847576145,109.69999999999996,0.26154113943932994
7004,7.0040000000000004,0.8115341620769531,109.59999999999991,0.2657942459507971
7005,7.005,0.2926100439434516,109.49999999999997,0.269975740365825
7006,7.006,1.2584734535529303,109.39999999999992,0.274084980498382
7007,7.007000000000001,0.853968062439323,109.29999999999998,0.27812134203286487
7008,7.008,1.1286871016154996,109.20000000000005,0.2820842185972228
7009,7.009,1.8426841619130085,109.1,0.28597302183181555
7010,7.01,1.3500709175811583,109.00000000000006,0.28978718145410937
7011,7.011,1.3288414673041804,108.9,0.2935261453191706
7012,7.0120000000000005,1.5940357387743325,108.79999999999995,0.2971893794759725
7013,7.013,0.6870364268580446,108.70000000000002,0.30077636821951137
7014,7.014,1.4361517676312239,108.59999999999998,0.30428661413873187
7015,7.015000000000001,1.7306393494685848,108.49999999999991,0.3077196381602835
7016,7.016,1.2382444849942775,108.39999999999998,0.3110749795880681
7017,7.017,0.61152494031782,108.29999999999994,0.3143521961386811
7018,7.018,1.7661007778382494,108.19999999999999,0.3175508639725908
7019,7.019,1.4265127126046038,108.09999999999995,0.3206705777212733
7020,7.0200000000000005,0.8696556787491602,107.9999999999999,0.32371095051008925
7021,7.021,0.4195156137178062,107.89999999999995,0.32667161397711364
7022,7.022,0.988768937260952,107.80000000000003,0.3295522182877787
7023,7.023000000000001,0.5811454387403252,107.69999999999997,0.3323524321454254
7024,7.024,0.41092283781151223,107.60000000000004,0.33507194279774366
7025,7.025,0.4146214373424436,107.49999999999999,0.3377104560391172
7026,7.026,0.505207493209002,107.40000000000005,0.3402676962089003
7027,7.027,0.8672708166827352,107.3,0.34274340618561827
7028,7.0280000000000005,0.5183332195807164,107.19999999999995,0.34513734737713586
7029,7.029,0.5404917063233904,107.10000000000001,0.3474492997067673
7030,7.03,0.5546065675405448,106.99999999999996,0.3496790615954227
7031,7.031000000000001,0.2518231858960379,106.8999999999999,0.3518264499396876
7032,7.032,0.14882270966789768,106.79999999999998,0.3538913000859952
7033,7.033,0.30098956877559097,106.69999999999993,0.3558734658007947
7034,7.034,1.0687701878804523,106.6,0.3577728192368047
7035,7.035,0.027617443010045317,106.49999999999994,0.35958925089534216
7036,7.0360000000000005,0.8386498574975374,106.4,0.36132266958476694
7037,7.037,-0.25156902122795155,106.30000000000007,0.3629730023750385
7038,7.038,-0.1838405624883907,106.20000000000002,0.364540194548459
7039,7.039000000000001,0.6212825846404184,106.09999999999997,0.36602420954655773
7040,7.04,-0.4312386283459335,106.00000000000003,0.36742502891319384
7041,7.041,-0.658987471884928,105.89999999999998,0.36874265223390973
7042,7.042,0.5456178510466757,105.80000000000004,0.3699770970714936
7043,7.043,0.12439257162579287,105.69999999999999,0.37112839889788085
7044,7.0440000000000005,-0.5551576438448347,105.59999999999994,0.3721966110223155
7045,7.045,-0.10615401753445546,105.5,0.37318180451589467
7046,7.046,-0.49416457325015706,105.39999999999995,0.37408406813245687
7047,7.047,0.36766910714933315,105.30000000000001,0.37490350822588486
7048,7.048,-0.7443723259999052,105.19999999999996,0.3756402486638327
7049,7.049,-0.04148516172710254,105.09999999999991,0.37629443073792596
7050,7.05,0.07241010093036043,104.99999999999997,0.3768662130704445
7051,7.051,-0.22355284295962485,104.90000000000003,0.37735577151755495
7052,7.0520000000000005,-0.879645919435274,104.79999999999998,0.37776329906908207
7053,7.053,-0.8251909461061708,104.70000000000005,0.3780890057448998
7054,7.054,-0.18548392053456764,104.6,0.3783331184879441
7055,7.055,-0.8542198569610929,104.50000000000006,0.3784958810538894
7056,7.056,-0.11902299510273534,104.4,0.3785775538975474
7057,7.057,-0.9017021419548199,104.29999999999995,0.37857841405598563
7058,7.058,-0.36518886319833843,104.20000000000002,0.3784987550284444
7059,7.059,-1.3101916199074215,104.09999999999997,0.3783388866530567
7060,7.0600000000000005,-1.0466164276317764,103.99999999999991,0.37809913498043474
7061,7.061,-0.8843787157121322,103.89999999999998,0.37777984214414334
7062,7.062,-1.0127031639639803,103.79999999999993,0.3773813662281126
7063,7.063,-1.5258366456162287,103.69999999999999,0.37690408113102636
7064,7.064,-0.9853255749725707,103.59999999999994,0.3763483764277222
7065,7.065,-1.602116263620967,103.50000000000001,0.37571465722765524
7066,7.066,-0.6508735078127663,103.40000000000006,0.375003344030456
7067,7.067,-0.887903395493574,103.30000000000001,0.3742148725786304
7068,7.0680000000000005,-0.9043576816471586,103.19999999999997,0.3733496937074487
7069,7.069,-1.6218380967287302,103.10000000000002,0.37240827319205727
7070,7.07,-2.1163776072427862,102.99999999999999,0.37139109159186295
7071,7.071,-2.2136088459933,102.90000000000003,0.370298644092237
7072,7.072,-1.6208622957138468,102.8,0.36913144034357304
7073,7.073,-2.055187321773147,102.69999999999995,0.36789000429775737
7074,7.074,-2.2350359354124887,102.60000000000001,0.3665748740420893
7075,7.075,-1.2064877374721836,102.49999999999996,0.365186601630687
7076,7.0760000000000005,-1.423849900031941,102.39999999999992,0.3637257529134604
7077,7.077,-1.003527562470038,102.29999999999997,0.3621929073626504
7078,7.078,-1.7311991298231697,102.19999999999992,0.36058865789701733
7079,7.079,-1.123786453754479,102.09999999999998,0.35891361070371475
7080,7.08,-1.1743211063540957,102.00000000000004,0.3571683850578892
7081,7.081,0.05673145070047603,101.89999999999999,0.35535361314006747
7082,7.082,0.699540350264745,101.80000000000007,0.3534699398513679
7083,7.083,-0.18639128970762553,101.70000000000002,0.3515180226265901
7084,7.0840000000000005,0.45839019031048867,101.59999999999997,0.3494985312452331
7085,7.085,0.6992572041091893,101.50000000000003,0.34741214764049616
7086,7.086,1.1584247001338221,101.39999999999998,0.3452595657062779
7087,7.087,1.030414530634384,101.30000000000004,0.34304149110229976
7088,7.088,1.1953105374225559,101.19999999999999,0.3407586410572953
7089,7.089,1.2751067805763812,101.09999999999994,0.3384117441704363
7090,7.09,1.4819979949606576,101.0,0.3360015402109342
7091,7.091,1.1155658492749785,100.89999999999995,0.33352877991594887
7092,7.0920000000000005,1.468984592973083,100.7999999999999,0.3309942247868156
7093,7.093,1.7432702282658874,100.69999999999996,0.3283986468836624
7094,7.094,1.1789866733501204,100.60000000000002,0.3257428286184275
7095,7.095,1.3739534632128543,100.49999999999997,0.32302756254640425
7096,7.096,1.5991719955605,100.40000000000003,0.32025365115628285
7097,7.097,1.1526611448702333,100.29999999999998,0.3174219066587944
7098,7.098,0.9397079609451903,100.20000000000005,0.3145331507740011
7099,7.099,2.3396357207849707,100.1,0.3115882145172373
7100,7.1000000000000005,2.0222386652235063,99.99999999999994,0.3085879379838568
7101,7.101,1.4043946054868137,99.9,0.30553317013271053
7102,7.102,1.1774709956743876,99.79999999999995,0.3024247685685085
7103,7.103,0.7155188447169101,99.70000000000002,0.29926359932307167
7104,7.104,0.3358742938200988,99.59999999999997,0.2960505366355307
7105,7.105,1.4059767217597086,99.49999999999991,0.29278646273153175
7106,7.106,-0.06438648894444254,99.39999999999998,0.289472267601511
7107,7.107,0.6932898208220617,99.29999999999993,0.2861088487780357
7108,7.1080000000000005,1.4518609459038785,99.19999999999999,0.282697111112376
7109,7.109,-0.3058536488957616,99.10000000000005,0.27923796655022537
7110,7.11,0.7494109272423025,99.0,0.2757323339067092
7111,7.111,-0.06154592013725324,98.90000000000006,0.2721811386407518
7112,7.112,1.1301376393619744,98.80000000000001,0.26858531262873037
7113,7.113,0.5265267180308421,98.69999999999996,0.26494579393765244
7114,7.114,0.3061925769815713,98.60000000000002,0.2612635265977232
7115,7.115,1.4659764161978075,98.49999999999997,0.2575394603744932
7116,7.1160000000000005,0.4358885880876466,98.39999999999992,0.25377455054056675
7117,7.117,0.2616612203939876,98.3,0.24996975764696266
7118,7.118,0.4616328787838344,98.19999999999993,0.24612604729410784
7119,7.119,0.5619663876208517,98.10000000000001,0.24224438990265582
7120,7.12,0.6061519057254983,97.99999999999996,0.23832576048398596
7121,7.121,0.5904180537507446,97.8999999999999,0.23437113841065157
7122,7.122,-0.4964105113219586,97.79999999999997,0.23038150718662842
7123,7.123,-0.30504434330757146,97.70000000000003,0.22635785421755802
7124,7.1240000000000006,-0.22579499706589007,97.59999999999998,0.22230117058097065
7125,7.125,0.1672828090905357,97.50000000000004,0.21821245079655047
7126,7.126,0.7176105365836036,97.39999999999999,0.21409269259649666
7127,7.127,-0.11007377747722574,97.30000000000005,0.20994289669603428
7128,7.128,0.07408561983972672,97.2,0.20576406656411542
7129,7.1290000000000004,0.028633811343825366,97.09999999999995,0.20155720819436757
7130,7.13,-0.8036274688131073,97.00000000000001,0.19732332987635776
7131,7.131,-0.7482597207449668,96.89999999999996,0.1930634419671413
7132,7.132000000000001,-0.5049309741997282,96.79999999999993,0.1887785566633024
7133,7.133,-0.7419077895363428,96.69999999999997,0.1844696877733419
7134,7.134,-0.6973948362177386,96.59999999999994,0.18013785049061687
7135,7.135,-0.23429396367929467,96.5,0.17578406116680267
7136,7.136,-0.1415123330321092,96.39999999999995,0.17140933708594258
7137,7.1370000000000005,-0.9447257898173358,96.30000000000001,0.16701469623913942
7138,7.138,-0.538062904893019,96.19999999999996,0.16260115709992806
7139,7.139,-0.4729948861273029,96.10000000000002,0.15816973840038034
7140,7.140000000000001,-0.18524325874108682,95.99999999999997,0.1537214589079862
7141,7.141,-0.16659307597167078,95.90000000000003,0.14925733720338277
7142,7.142,-0.5358254571008054,95.79999999999998,0.1447783914588886
7143,7.143,-0.5072510450772436,95.70000000000005,0.14028563921806445
7144,7.144,-0.5870348477228888,95.6,0.13578009717610473
7145,7.1450000000000005,-1.295320695721553,95.49999999999994,0.1312627809613688
7146,7.146,-1.3786712617415051,95.4,0.126734704917854
7147,7.147,-0.9993900634617907,95.29999999999995,0.12219688188883078
7148,7.148000000000001,-1.580526629556674,95.1999999999999,0.11765032300159245
7149,7.149,-0.923042675946619,95.09999999999997,0.11309603745341427
7150,7.15,-0.9706499473653774,94.99999999999991,0.10853503229867736
7151,7.151,-1.1491091066401693,94.89999999999998,0.10396831223734707
7152,7.152,-1.6607431729561442,94.80000000000004,0.09939687940469726
7153,7.1530000000000005,-0.9126563844867744,94.69999999999999,0.0948217331624108
7154,7.154,-1.9974179766082973,94.60000000000005,0.0902438698910943
7155,7.155,-1.3694352477837075,94.5,0.08566428278415876
7156,7.156000000000001,-1.2493368491729255,94.39999999999995,0.08108396164328446
7157,7.157,-1.6657386975849013,94.30000000000001,0.0765038926752923
7158,7.158,-1.4255498467793102,94.19999999999996,0.07192505829063715
7159,7.159,-1.5212120247743286,94.10000000000002,0.06734843690347135
7160,7.16,-0.8687750287116147,93.99999999999997,0.06277500273334052
7161,7.1610000000000005,-1.563463968054503,93.89999999999992,0.058205725608547296
7162,7.162,-0.3012308997724057,93.79999999999998,0.05364157077124571
7163,7.163,-0.9797588572281725,93.69999999999993,0.04908349868421383
7164,7.164000000000001,-0.614788947025481,93.59999999999988,0.0445324648394895
7165,7.165,-0.5908745959239857,93.49999999999994,0.03998941956878153
7166,7.166,-0.14904222216553367,93.4,0.035455307855687256
7167,7.167,0.42264937526052365,93.29999999999995,0.030931069149905326
7168,7.168,0.6779757473669412,93.20000000000003,0.026417637183231035
7169,7.1690000000000005,0.4804692715792026,93.09999999999998,0.0219159397876407
7170,7.17,0.9608060569919563,93.00000000000004,0.01742689871524743
7171,7.171,1.3221609160539607,92.89999999999999,0.012951429460344775
7172,7.172,1.0486142187732201,92.80000000000005,0.008490441083474508
7173,7.173,0.8502130611797132,92.7,0.004044836037579113
7174,7.174,1.6050330383428566,92.59999999999995,-0.0003844900037377821
7175,7.175,1.1361719725284902,92.50000000000001,-0.0047966483157835145
7176,7.176,1.6375186812709153,92.39999999999996,-0.009190757290246555
7177,7.1770000000000005,1.8023591387539828,92.29999999999991,-0.013565942600357993
7178,7.178,1.9388177874724042,92.19999999999999,-0.017921337363928848
7179,7.179,1.6878700321303048,92.09999999999994,-0.02225608230408756
7180,7.18,1.839379965871373,91.99999999999999,-0.026569325907691656
7181,7.181,0.87876989465828,91.90000000000005,-0.030860224581536894
7182,7.182,1.2403702146657043,91.8,-0.03512794280610246
7183,7.183,1.4791134386682525,91.70000000000006,-0.039371653287046816
7184,7.184,1.1494170688447376,91.60000000000001,-0.04359053710424918
7185,7.1850000000000005,1.2277714213775912,91.49999999999996,-0.047783783858472526
7186,7.186,1.7201100508158014,91.40000000000003,-0.051950591815563614
7187,7.187,0.9946153307732415,91.29999999999998,-0.056090168048264985
7188,7.188,0.7882178730317997,91.20000000000005,-0.060201728575440955
7189,7.189,-0.17593060039964503,91.1,-0.06428449849893336
7190,7.19,-0.0010009342658313658,90.99999999999994,-0.0683377121377696
7191,7.191,0.6666452426532621,90.9,-0.07236061315993786
7192,7.192,0.36001709269408777,90.79999999999995,-0.07635245471153648
7193,7.1930000000000005,0.8479316109411321,90.6999999999999,-0.08031249954337094
7194,7.194,0.6394601270208822,90.59999999999997,-0.08424002013494933
7195,7.195,0.8593047525178903,90.50000000000003,-0.08813429881586284
7196,7.196,0.2274030602560429,90.39999999999998,-0.09199462788453801
7197,7.197,0.8249318138566604,90.30000000000004,-0.09582030972433772
7198,7.198,0.5925399764489453,90.19999999999999,-0.0996106569170071
7199,7.199,0.5203928782087524,90.10000000000005,-0.10336499235341512
7200,7.2,0.8401946924728734,90.0,-0.10708264934166736
7201,7.2010000000000005,0.2525976485495597,89.89999999999995,-0.1107629717124162
7202,7.202,0.0694714414698025,89.80000000000001,-0.11440531392154824
7203,7.203,0.007878922918823528,89.69999999999996,-0.11800904115007829
7204,7.204,0.21538839989940073,89.60000000000002,-0.12157352940132517
7205,7.205,-0.31794362031058376,89.49999999999997,-0.1250981655953271
7206,7.206,0.6190578543281411,89.39999999999992,-0.12858234766049548
7207,7.207,0.4621295596915704,89.29999999999998,-0.132025484622493
7208,7.208,-0.8472361496535146,89.19999999999993,-0.1354269966903273
7209,7.2090000000000005,-0.32557344742837274,89.1,-0.1387863153396606
7210,7.21,0.4016236464933368,88.99999999999994,-0.14210288339329438
7211,7.211,0.23400964484260717,88.9,-0.14537615509890658
7212,7.212,-0.39777238716422875,88.80000000000007,-0.14860559620388433
7213,7.213,-0.7338687287289309,88.70000000000002,-0.15179068402744522
7214,7.214,-0.3861951309749507,88.59999999999998,-0.15493090752982877
7215,7.215,-0.0507902224751593,88.50000000000003,-0.1580257673787482
7216,7.216,-0.486778916105449,88.39999999999999,-0.16107477601295467
7217,7.2170000000000005,-0.4092968037695152,88.29999999999994,-0.1640774577029918
7218,7.218,-0.757585415223397,88.19999999999999,-0.16703334860908842
7219,7.219,0.007191174362885078,88.09999999999995,-0.16994199683625813
7220,7.22,-0.3406245272806636,88.00000000000001,-0.17280296248649812
7221,7.221,0.15585637286241782,87.89999999999996,-0.17561581770818852
7222,7.222,-1.0064944429584362,87.79999999999991,-0.17838014674263988
7223,7.223,-0.33565175397529573,87.69999999999997,-0.18109554596778027
7224,7.224,-0.09005048609649918,87.60000000000004,-0.18376162393905224
7225,7.2250000000000005,-0.6203373081360044,87.49999999999999,-0.18637800142739844
7226,7.226,-0.6308993050349,87.40000000000005,-0.18894431145448468
7227,7.227,-0.3179594748864685,87.3,-0.1914601993250434
7228,7.228,-0.5423219435449702,87.20000000000006,-0.19392532265640927
7229,7.229,-1.0701978865950823,87.10000000000001,-0.1963393514052232
7230,7.23,-0.9741140396261059,86.99999999999997,-0.1987019678913251
7231,7.231,-1.610150137356635,86.90000000000002,-0.20101286681881464
7232,7.232,-1.9206456658452422,86.79999999999997,-0.2032717552943457
7233,7.2330000000000005,-1.1172061096917978,86.69999999999993,-0.2054783528425604
7234,7.234,-2.221280038767154,86.59999999999998,-0.20763239141878742
7235,7.235,-1.4925477529180302,86.49999999999994,-0.2097336154189309
7236,7.236,-1.5076298920890614,86.39999999999999,-0.21178178168656162
7237,7.237,-1.6029525642045133,86.29999999999995,-0.21377665951729738
7238,7.238,-1.6006516721210704,86.20000000000002,-0.2157180306603593
7239,7.239,-1.784410196775054,86.09999999999997,-0.217605689317439
7240,7.24,-2.302884557847147,86.00000000000003,-0.21943944213879343
7241,7.2410000000000005,-2.3970711585629214,85.89999999999998,-0.22121910821663346
7242,7.242,-1.3057456992956022,85.80000000000004,-0.22294451907578286
7243,7.243,-1.0476990184253445,85.69999999999999,-0.22461551866167076
7244,7.244,-2.238370894137038,85.60000000000005,-0.22623196332558793
7245,7.245,-1.615341170806348,85.5,-0.22779372180732696
7246,7.246,-0.36810887902390144,85.39999999999995,-0.22930067521510952
7247,7.247,-1.0450407586488946,85.30000000000001,-0.2307527170029151
7248,7.248,-0.05636233136666724,85.19999999999996,-0.23214975294515242
7249,7.2490000000000006,-0.46912801971499607,85.09999999999991,-0.23349170110873188
7250,7.25,0.014110912290259185,84.99999999999997,-0.2347784918225381
7251,7.251,-0.008772132297054508,84.89999999999992,-0.23601006764432209
7252,7.252,0.5076760343745506,84.79999999999998,-0.23718638332503655
7253,7.253,0.5319763203438288,84.69999999999993,-0.2383074057706217
7254,7.2540000000000004,1.5193763023867286,84.6,-0.2393731140012719
7255,7.255,1.1977536442609809,84.50000000000006,-0.2403834991081858
7256,7.256,0.8698118839536939,84.4,-0.24133856420784913
7257,7.257000000000001,1.5570711788185323,84.29999999999995,-0.24223832439382217
7258,7.258,1.6576620676235128,84.20000000000002,-0.24308280668610896
7259,7.259,2.301646329546651,84.09999999999997,-0.2438720499780808
7260,7.26,1.2110926381099336,84.00000000000003,-0.24460610498100538
7261,7.261,1.7989699643835244,83.89999999999998,-0.24528503416618783
7262,7.2620000000000005,0.7322102256430102,83.79999999999993,-0.24590891170475512
7263,7.263,1.5808462927199383,83.69999999999999,-0.24647782340510024
7264,7.264,1.4267810091575748,83.59999999999994,-0.24699186664801062
7265,7.265000000000001,0.7416027178941595,83.4999999999999,-0.2474511503195089
7266,7.266,1.917108751777539,83.39999999999995,-0.24785579474141953
7267,7.267,1.055893933408696,83.30000000000003,-0.24820593159970308
7268,7.268,1.6071282789596864,83.19999999999997,-0.24850170387055717
7269,7.269,1.2163103247949367,83.10000000000004,-0.24874326574434047
7270,7.2700000000000005,1.5015045350029061,82.99999999999999,-0.2489307825473136
7271,7.271,1.0213401196904983,82.90000000000005,-0.24906443066125092
7272,7.272,0.7757346350636958,82.8,-0.24914439744092748
7273,7.273000000000001,0.8315765328189488,82.69999999999995,-0.24917088112952337
7274,7.274,1.2612594754248625,82.60000000000001,-0.2491440907719603
7275,7.275,0.8157291766726193,82.49999999999996,-0.24906424612621053
7276,7.276,0.6107232167918064,82.40000000000002,-0.24893157757259293
7277,7.277,0.5799120835230125,82.29999999999997,-0.24874632602109242
7278,7.2780000000000005,0.2535490120957204,82.19999999999992,-0.24850874281673085
7279,7.279,-0.04064969750068592,82.09999999999998,-0.2482190896430133
7280,7.28,0.833441495787978,81.99999999999993,-0.24787763842348284
7281,7.281000000000001,1.0223331490589305,81.89999999999999,-0.24748467122141382
7282,7.282,0.49904194310602884,81.79999999999994,-0.24704048013766838
7283,7.283,0.4034237067101689,81.70000000000002,-0.24654536720675058
7284,7.284,0.14525386333101148,81.60000000000007,-0.24599964429108892
7285,7.285,0.14584751381153538,81.50000000000001,-0.24540363297357173
7286,7.2860000000000005,-0.8474719099247969,81.39999999999998,-0.24475766444837468
7287,7.287,0.18747606576601838,81.30000000000004,-0.24406207941010521
7288,7.288,0.3897311143446606,81.19999999999999,-0.24331722794129385
7289,7.289000000000001,0.12531329046578077,81.09999999999994,-0.2425234693982745
7290,7.29,0.29101889741483333,81.0,-0.24168117229547198
7291,7.291,0.1571544650026811,80.89999999999995,-0.2407907141881328
7292,7.292,-0.17377286730823438,80.80000000000001,-0.23985248155354652
7293,7.293,0.812227306221097,80.69999999999996,-0.2388668696707562
7294,7.2940000000000005,-0.19881512425470582,80.59999999999991,-0.2378342824988344
7295,7.295,-0.5877329118845029,80.49999999999997,-0.23675513255371602
7296,7.296,-0.14994379447650114,80.39999999999992,-0.23562984078364857
7297,7.297,-0.6626825210665208,80.29999999999998,-0.23445883644328414
7298,7.298,-0.7952669161807888,80.20000000000005,-0.23324255696644253
7299,7.299,-0.6154411946304525,80.1,-0.23198144783758567
7300,7.3,0.006631800172480995,80.00000000000006,-0.2306759624620371
7301,7.301,-0.14806415612563661,79.9,-0.22932656203496393
7302,7.3020000000000005,-0.9676773979981148,79.79999999999995,-0.227933715409192
7303,7.303,-0.27262005760070707,79.70000000000002,-0.22649789896184283
7304,7.304,-1.0172760619493642,79.59999999999997,-0.22501959645985906
7305,7.305,-0.7596244589357586,79.50000000000003,-0.22349929892444687
7306,7.306,-0.8146469343332645,79.39999999999998,-0.2219375044944493
7307,7.307,0.4769122001975965,79.29999999999993,-0.22033471828872708
7308,7.308,-0.4953970101194834,79.19999999999999,-0.21869145226752823
7309,7.309,-1.3106256462735135,79.09999999999994,-0.21700822509292525
7310,7.3100000000000005,-0.7986281471028693,79.0,-0.2152855619883337
7311,7.311,-1.28303431078223,78.89999999999995,-0.21352399459715746
7312,7.312,-1.1241007519759283,78.80000000000001,-0.21172406084056802
7313,7.313,-0.5202945187296993,78.70000000000007,-0.2098863047745119
7314,7.314,-0.854909402176457,78.60000000000002,-0.20801127644589792
7315,7.315,-1.22022080659009,78.49999999999997,-0.2060995317480911
7316,7.316,-1.3883821588819387,78.40000000000005,-0.20415163227566385
7317,7.317,-2.193564679606954,78.29999999999998,-0.20216814517849893
7318,7.3180000000000005,-1.5556485592357676,78.19999999999995,-0.2001496430152547
7319,7.319,-1.434739227256682,78.10000000000001,-0.1980967036062273
7320,7.32,-1.84754821780286,77.99999999999996,-0.19600990988565029
7321,7.321,-1.0284643509378273,77.90000000000002,-0.19388984975346807
7322,7.322,-1.7283902539204583,77.79999999999997,-0.19173711592661064
7323,7.323,-1.6432992313964412,77.69999999999992,-0.18955230578981183
7324,7.324,-0.6957857441132023,77.59999999999998,-0.1873360212460116
7325,7.325,-1.9400544039954555,77.49999999999993,-0.18508886856634077
7326,7.3260000000000005,-2.4637477982806586,77.39999999999999,-0.18281145823979866
7327,7.327,-1.4259442177208954,77.30000000000005,-0.1805044048225642
7328,7.328,-1.3920178472797275,77.2,-0.17816832678704972
7329,7.329,-0.42960597674735845,77.10000000000007,-0.17580384637070004
7330,7.33,-0.6907853935088502,77.00000000000001,-0.17341158942456972
7331,7.331,-1.21395945010084,76.89999999999996,-0.1709921852617271
7332,7.332,-0.3773573500027522,76.80000000000003,-0.16854626650550633
7333,7.333,-0.1900999309748404,76.69999999999997,-0.16607446893764913
7334,7.3340000000000005,0.16439801911208313,76.59999999999994,-0.16357743134636785
7335,7.335,0.7993546584418296,76.5,-0.161055795374375
7336,7.336,1.1810924315518272,76.39999999999995,-0.15851020536686888
7337,7.337,0.5141976231982628,76.30000000000001,-0.15594130821960078
7338,7.338,1.3999032113627037,76.19999999999996,-0.15334975322692926
7339,7.339,1.0454465550410321,76.09999999999991,-0.15073619193003648
7340,7.34,1.4654367686507248,75.99999999999997,-0.1481012779652092
7341,7.341,1.4389478824054205,75.90000000000003,-0.1454456669123116
7342,7.3420000000000005,1.7783577507653319,75.79999999999998,-0.14277001614343723
7343,7.343,1.4131587661124398,75.70000000000005,-0.14007498467179583
7344,7.344,0.9342257114302278,75.6,-0.13736123300082023
7345,7.345,0.9397736604900118,75.50000000000006,-0.13462942297362432
7346,7.346,0.846273583396769,75.4,-0.13188021762270768
7347,7.347,1.3439823739958598,75.29999999999995,-0.12911428102007527
7348,7.348,1.4502539262844019,75.20000000000002,-0.12633227812771639
7349,7.349,1.029439349202951,75.09999999999997,-0.12353487464847443
7350,7.3500000000000005,1.5712968160249177,74.99999999999991,-0.12072273687742563
7351,7.351,1.2328965619204597,74.89999999999998,-0.1178965315536733
7352,7.352,1.0081385799636091,74.79999999999993,-0.1150569257126902
7353,7.353,1.2184688928455798,74.69999999999999,-0.11220458653919035
7354,7.354,0.9012102167655448,74.59999999999994,-0.10934018122056943
7355,7.355,0.9597763150371432,74.5,-0.1064643768009482
7356,7.356,1.1121145271400272,74.40000000000006,-0.10357784003585954
7357,7.357,0.35847372689491314,74.30000000000001,-0.10068123724755555
7358,7.3580000000000005,0.9226275775158832,74.19999999999996,-0.09777523418107105
7359,7.359,0.6981635637269235,74.10000000000002,-0.09486049586094257
7360,7.36,0.19654340038843943,73.99999999999997,-0.09193768644870166
7361,7.361,0.5262754672009646,73.90000000000003,-0.08900746910117308
7362,7.362,0.1622469886213065,73.79999999999998,-0.08607050582950945
7363,7.363,-0.22177158693776122,73.69999999999995,-0.08312745735914151
7364,7.364,0.2892358760741627,73.6,-0.08017898299051815
7365,7.365,-0.4245107371232466,73.49999999999994,-0.07722574046077679
7366,7.3660000000000005,1.0930598501787587,73.3999999999999,-0.0742683858063132
7367,7.367,0.37554389929273485,73.29999999999997,-0.07130757322630951
7368,7.368,0.42573491036659095,73.19999999999992,-0.0683439549471881
7369,7.369,0.374508592232062,73.09999999999998,-0.06537818108813229
7370,7.37,0.0953012038884738,73.00000000000004,-0.062410899527540434
7371,7.371,-0.27300945621571854,72.89999999999999,-0.05944275577061347
7372,7.372,0.8810153560576491,72.80000000000005,-0.05647439281794001
7373,7.373,-0.1497804490476298,72.7,-0.05350645103522208
7374,7.3740000000000006,0.5641699467790142,72.59999999999995,-0.05053956802410493
7375,7.375,-0.6441462443350092,72.50000000000001,-0.047574378494153614
7376,7.376,-0.23088026689946878,72.39999999999996,-0.04461151413599673
7377,7.377,0.09627758037079584,72.30000000000003,-0.04165160349566372
7378,7.378,-0.13895079164461285,72.19999999999997,-0.038695271850133856
7379,7.3790000000000004,0.11504295399728309,72.09999999999992,-0.03574314108412212
7380,7.38,0.17345444682429956,71.99999999999999,-0.03279582956813931
7381,7.381,-0.6852112995532517,71.89999999999993,-0.029853952037789074
7382,7.382000000000001,-0.7493617180282968,71.79999999999988,-0.026918119474438344
7383,7.383,-0.3678125690505418,71.69999999999995,-0.023988938987140645
7384,7.384,-0.4281911604486374,71.60000000000001,-0.021067013695949315
7385,7.385,-0.1834147990032427,71.50000000000007,-0.018152942616578984
7386,7.386,-0.2555338959298691,71.40000000000002,-0.015247320546454371
7387,7.3870000000000005,0.23026135715276386,71.29999999999998,-0.012350737952164098
7388,7.388,-0.19386809690393764,71.20000000000005,-0.009463780858337866
7389,7.389,-0.4016171687482638,71.1,-0.006587030737966153
7390,7.390000000000001,-0.5380117176525611,70.99999999999994,-0.0037210644041782664
7391,7.391,-0.04985652089545678,70.9,-0.0008664539035157696
7392,7.392,0.03963497029376839,70.79999999999995,0.0019762335893423306
7393,7.393,-1.2671388825462309,70.70000000000002,0.004806435875267946
7394,7.394,-0.6786951338089863,70.59999999999997,0.0076235958329286466
7395,7.3950000000000005,-0.44087259398256373,70.49999999999991,0.01042716151939909
7396,7.396,-1.204697171317954,70.39999999999998,0.013216586269282321
7397,7.397,-1.2202914613422942,70.29999999999993,0.015991328792208152
7398,7.398000000000001,-1.4693688440764154,70.19999999999999,0.018750853268757965
7399,7.399,-1.552243530915523,70.10000000000005,0.021494629444762166
7400,7.4,-0.975582476283476,70.0,0.024222132724016323
7401,7.401,-1.3751681451607722,69.90000000000006,0.02693284425930703
7402,7.402,-1.4422504091111294,69.80000000000001,0.029626251041828484
7403,7.4030000000000005,-1.251003227396825,69.69999999999996,0.03230184598892391
7404,7.404,-1.3364688730745766,69.60000000000002,0.03495912803013763
7405,7.405,-1.7498066313372882,69.49999999999997,0.03759760219162335
7406,7.406000000000001,-1.4312775441835348,69.39999999999992,0.040216779678786715
7407,7.407,-1.8374762933900315,69.29999999999998,0.04281617795728425
7408,7.408,-0.6002991064397374,69.19999999999993,0.04539532083225855
7409,7.409,-1.8950836841182581,69.1,0.0479537385258587
7410,7.41,-0.9867046374468675,68.99999999999994,0.050490967753015446
7411,7.4110000000000005,-1.4816665353496519,68.89999999999989,0.053006551795469384
7412,7.412,-0.5935617810667948,68.79999999999995,0.05550004057402261
7413,7.413,-0.6474988464336836,68.70000000000002,0.05797099071906264
7414,7.414000000000001,-0.850102429187085,68.59999999999998,0.060418965639246376
7415,7.415,-0.7540433425169981,68.50000000000004,0.06284353558845936
7416,7.416,0.03759483793975063,68.39999999999999,0.06524427773095727
7417,7.417,0.011736232210747335,68.30000000000005,0.06762077620468442
7418,7.418,0.007764060770741932,68.2,0.06997262218284712
7419,7.4190000000000005,0.44648269044114736,68.09999999999995,0.07229941393360265
7420,7.42,0.8126300555344665,68.00000000000001,0.07460075687799354
7421,7.421,1.345086131297567,67.89999999999996,0.07687626364601982
7422,7.422000000000001,1.9277718448853909,67.79999999999991,0.07912555413090205
7423,7.423,1.2088265687664725,67.69999999999997,0.08134825554149475
7424,7.424,1.709236978599829,67.59999999999992,0.08354400245290107
7425,7.425,1.5339430204107398,67.49999999999999,0.08571243685518935
7426,7.426,1.3147688919305052,67.39999999999993,0.0878532082003367
7427,7.4270000000000005,1.1228090338820182,67.3,0.08996597344725814
7428,7.428,1.7808590465980356,67.20000000000006,0.09205039710504673
7429,7.429,1.070939612691992,67.10000000000001,0.09410615127432774
7430,7.43,1.9332879754823853,67.00000000000007,0.09613291568677523
7431,7.431,0.9402413363379941,66.90000000000002,0.09813037774278598
7432,7.432,1.9916840219747693,66.79999999999997,0.1000982325472702
7433,7.433,1.462961664208579,66.70000000000003,0.10203618294363288
7434,7.434,1.3362007801009057,66.59999999999998,0.10394393954586978
7435,7.4350000000000005,0.7779992123935289,66.49999999999993,0.10582122076882901
7436,7.436,1.8031243448639083,66.39999999999999,0.10766775285660651
7437,7.437,1.0072690176391899,66.29999999999995,0.10948326990912538
7438,7.438,0.34068740930427976,66.20000000000002,0.11126751390681755
7439,7.439,0.7357432874424971,66.09999999999997,0.11302023473352044
7440,7.44,0.20568905168284657,65.99999999999991,0.1147411901974737
7441,7.441,0.6885368025027309,65.89999999999998,0.1164301460505256
7442,7.442,-0.08767541819179481,65.80000000000004,0.1180868760054743
7443,7.4430000000000005,0.7744341697120807,65.69999999999999,0.11971116175159051
7444,7.444,0.6582770266200517,65.60000000000005,0.12130279296831009
7445,7.445,0.4984949580693503,65.5,0.1228615673371046
7446,7.446,0.553641241520176,65.40000000000006,0.12438729055153659
7447,7.447,0.0913525566393012,65.30000000000001,0.12587977632550057
7448,7.448,1.2640230159640935,65.19999999999996,0.12733884639966317
7449,7.449,-0.3418384489069932,65.10000000000002,0.12876433054609157
7450,7.45,0.2205822448947966,64.99999999999997,0.13015606657111584
7451,7.4510000000000005,0.14735963119460677,64.89999999999992,0.1315139003163663
7452,7.452,0.5385392335657465,64.79999999999998,0.13283768565807172
7453,7.453,-0.08889918425467241,64.69999999999993,0.13412728450455977
7454,7.454,-0.6237940257971479,64.6,0.13538256679200827
7455,7.455,-0.3022422826437856,64.49999999999994,0.13660341047843655
7456,7.456,0.7721574548988301,64.4,0.13778970153595457
7457,7.457,-0.2093694574481444,64.29999999999995,0.13894133394127492
7458,7.458,0.12385173439353471,64.20000000000002,0.14005820966449678
7459,7.4590000000000005,0.023650681405000873,64.09999999999997,0.14114023865617745
7460,7.46,0.6346275881083687,64.00000000000003,0.1421873388326874
7461,7.461,0.024148813881673892,63.899999999999984,0.14319943605988925
7462,7.462,-0.41030207217053477,63.80000000000005,0.14417646413510216
7463,7.463,-0.584858001420796,63.699999999999996,0.14511836476742623
7464,7.464,-0.6468498203177104,63.599999999999945,0.14602508755637142
7465,7.465,-0.639207164154155,63.50000000000001,0.14689658996886368
7466,7.466,-0.5800851888929981,63.399999999999956,0.1477328373145949
7467,7.4670000000000005,-0.7197555809629286,63.299999999999905,0.14853380271975686
7468,7.468,-1.0412861883958102,63.199999999999974,0.14929946709915226
7469,7.469,0.02192709809240767,63.09999999999992,0.15002981912672347
7470,7.47,-0.5374096837361806,62.999999999999986,0.15072485520446938
7471,7.471,-0.3125516256371714,62.90000000000005,0.15138457942981762
7472,7.472,0.15417890158841785,62.8,0.15200900356141522
7473,7.473,-0.4631277975136496,62.70000000000006,0.15259814698338434
7474,7.474,-0.8689976772659826,62.60000000000001,0.15315203666805527
7475,7.4750000000000005,-0.8772974415072912,62.49999999999996,0.15367070713716702
7476,7.476,-1.013440230758714,62.40000000000002,0.1541542004215859
7477,7.477,-0.6753610237796555,62.29999999999997,0.1546025660195279
7478,7.478,-0.7415545418358087,62.20000000000003,0.15501586085331845
7479,7.479,-0.30458827172681024,62.09999999999998,0.15539414922469585
7480,7.48,-1.5783087374701346,61.99999999999993,0.155737502768682
7481,7.481,-1.1520133571050497,61.89999999999999,0.1560460004060269
7482,7.482,-0.9721576217087514,61.79999999999995,0.15631972829425997
7483,7.4830000000000005,-0.8889718645000855,61.699999999999896,0.15655877977734123
7484,7.484,-1.3136771156047682,61.59999999999996,0.15676325533395746
7485,7.485,-1.6973836442956223,61.50000000000002,0.15693326252445447
7486,7.486,-2.6279027932908567,61.39999999999997,0.15706891593644418
7487,7.487,-1.3093066656205166,61.30000000000003,0.15717033712908995
7488,7.488,-1.4302387930985114,61.19999999999998,0.15723765457609454
7489,7.489,-2.1572881016534238,61.100000000000044,0.15727100360741142
7490,7.49,-0.748235730052426,60.99999999999999,0.1572705263496896
7491,7.4910000000000005,-1.6935816594971849,60.89999999999994,0.15723637166548057
7492,7.492,-1.2152826144336344,60.800000000000004,0.15716869509121711
7493,7.493,-1.5687992601499277,60.69999999999995,0.15706765877399192
7494,7.494,-1.1889125532871767,60.60000000000002,0.15693343140714566
7495,7.495,-0.5200378011783162,60.49999999999997,0.15676618816469434
7496,7.496,-1.6372298836573786,60.39999999999992,0.15656611063460574
7497,7.497,-1.2032052085754115,60.29999999999998,0.1563333867509538
7498,7.498,-0.6104266227907792,60.19999999999993,0.15606821072496102
7499,7.4990000000000006,-0.7563830062686117,60.099999999999994,0.15577078297496125
7500,7.5,-0.22244544248637865,60.00000000000006,0.15544131005529072
7501,7.501,0.6608833735504334,59.900000000000006,0.1550800045841357
7502,7.502,0.2804939605222959,59.80000000000007,0.15468708517035648
7503,7.503,0.6414876255230086,59.70000000000002,0.1542627763393044
7504,7.5040000000000004,1.2608213296265518,59.599999999999966,0.15380730845765803
7505,7.505,2.133924266128825,59.50000000000003,0.15332091765729614
7506,7.506,1.0650908612941659,59.39999999999998,0.15280384575822736
7507,7.507000000000001,1.6895306256455975,59.29999999999993,0.15225634019060455
7508,7.508,1.2152360086332794,59.199999999999996,0.1516786539158368
7509,7.509,1.7822551906129802,59.099999999999945,0.1510710453468237
7510,7.51,2.0411434958206502,59.00000000000001,0.15043377826733922
7511,7.511,1.517071651805046,58.899999999999956,0.14976712175057483
7512,7.5120000000000005,2.0823047203857192,58.799999999999905,0.14907135007687713
7513,7.513,1.7043792805851832,58.69999999999997,0.14834674265069067
7514,7.514,1.3054608354963424,58.60000000000003,0.14759358391673358
7515,7.515000000000001,1.1468963236544476,58.49999999999998,0.14681216327542843
7516,7.516,1.2469812344848894,58.40000000000004,0.14600277499760966
7517,7.517,1.1084614541593463,58.29999999999999,0.14516571813852136
7518,7.518,1.2732514804440687,58.20000000000005,0.14430129645115022
7519,7.519,1.0406116871365578,58.10000000000001,0.14340981829888197
7520,7.5200000000000005,1.0041252168735115,57.99999999999996,0.14249159656754187
7521,7.521,0.8083225122156388,57.90000000000002,0.1415469485768075
7522,7.522,1.5256837419764255,57.79999999999997,0.14057619599103752
7523,7.523000000000001,1.4784546818752826,57.69999999999992,0.13957966472953304
7524,7.524,0.6516037366096342,57.59999999999998,0.13855768487625436
7525,7.525,0.6743085064468699,57.49999999999993,0.13751059058900467
7526,7.526,0.5162100348158671,57.39999999999999,0.13643872000813292
7527,7.527,0.63783227742351,57.29999999999994,0.13534241516473475
7528,7.5280000000000005,0.7385138992688527,57.2,0.134222021888419
7529,7.529,0.8547390246309128,57.09999999999995,0.1330778897146324
7530,7.53,0.21341211890350675,57.000000000000014,0.13191037179156506
7531,7.531000000000001,0.8054326214114411,56.89999999999996,0.1307198247866903
7532,7.532,0.6050307500537723,56.800000000000026,0.12950660879291667
7533,7.533,0.06872465778007497,56.69999999999998,0.12827108723440944
7534,7.534,0.5289088980247945,56.600000000000044,0.1270136267720909
7535,7.535,0.18062989054215478,56.49999999999999,0.1257345972088383
7536,7.5360000000000005,0.5170860196650656,56.39999999999994,0.12443437139441042
7537,7.537,-0.17783336113623904,56.300000000000004,0.12311332513012369
7538,7.538,1.1443889182437739,56.19999999999995,0.12177183707328246
7539,7.539000000000001,-0.18737675648904767,56.0999999999999,0.12041028864142753
7540,7.54,0.06134370148248932,55.999999999999964,0.11902906391637261
7541,7.541,0.1538601185467796,55.89999999999991,0.11762854954808678
7542,7.542,0.2437175760210803,55.799999999999976,0.11620913465844812
7543,7.543,0.16797892113702598,55.70000000000004,0.11477121074484753
7544,7.5440000000000005,-0.5462521628603183,55.599999999999994,0.11331517158373072
7545,7.545,-0.1396914098316236,55.50000000000006,0.11184141313403388
7546,7.546,-0.3310648124627322,55.400000000000006,0.11035033344058245
7547,7.547000000000001,-1.3518218239019073,55.299999999999955,0.10884233253745257
7548,7.548,-0.04695206779010652,55.20000000000002,0.107317812351328
7549,7.549,-0.20494973999269314,55.099999999999966,0.1057771766048486
7550,7.55,0.3601736028333924,55.00000000000003,0.1042208307200256
7551,7.551,-0.1422640792343659,54.89999999999998,0.10264918172166893
7552,7.5520000000000005,-0.23362717925565124,54.799999999999926,0.10106263814093203
7553,7.553,-0.74584726032901,54.69999999999999,0.09946160991891774
7554,7.554,-0.27846798328287387,54.59999999999994,0.09784650831042224
7555,7.555,-0.22642668803037352,54.5,0.09621774578781261
7556,7.556,-0.6983671814537993,54.39999999999995,0.09457573594505407
7557,7.557,0.42162050106514315,54.30000000000001,0.09292089340194017
7558,7.558,-0.45493725610845415,54.19999999999997,0.09125363370849422
7559,7.559,-0.36088814784258344,54.10000000000003,0.08957437324961139
7560,7.5600000000000005,-0.8059276179672635,53.99999999999998,0.0878835291499351
7561,7.561,-0.768120852928471,53.90000000000004,0.08618151917900133
7562,7.562,-0.9052999899857024,53.79999999999999,0.08446876165664226
7563,7.563,-0.6966364123870272,53.70000000000005,0.08274567535872945
7564,7.564,-0.9149135060467803,53.6,0.08101267942319022
7565,7.565,-1.0418117738861357,53.49999999999995,0.07927019325641214
7566,7.566,-1.0141812237646375,53.40000000000001,0.0775186364399666
7567,7.567,-0.7734936834624387,53.29999999999997,0.07575842863773534
7568,7.5680000000000005,-1.0861218465534428,53.19999999999991,0.0739899895034264
7569,7.569,-1.4981845794625692,53.09999999999998,0.07221373858850755
7570,7.57,-1.9295785861508625,52.99999999999993,0.07043009525057338
7571,7.571,-1.7911518414997887,52.89999999999999,0.06863947856216945
7572,7.572,-1.9181471751123123,52.79999999999994,0.06684230722008433
7573,7.573,-0.7505811317532793,52.7,0.06503899945513344
7574,7.574,-1.8379884330023362,52.600000000000065,0.06322997294245823
7575,7.575,-2.103605731094668,52.500000000000014,0.06141564471232578
7576,7.5760000000000005,-1.376218684860566,52.39999999999996,0.05959643106151299
7577,7.577,-1.1911157360041114,52.300000000000026,0.05777274746520922
7578,7.578,-0.5857543860894828,52.199999999999974,0.05594500848952332
7579,7.579,-0.25262189568947413,52.10000000000004,0.05411362770457582
7580,7.58,-1.5006312598192513,51.999999999999986,0.05227901759820275
7581,7.581,-0.6898410652164206,51.899999999999935,0.05044158949028857
7582,7.582,-0.05757004796716991,51.8,0.048601753447742466
7583,7.583,-0.22975956690478552,51.69999999999995,0.04675991820013395
7584,7.5840000000000005,0.5854678432545968,51.5999999999999,0.04491649105600447
7585,7.585,0.9986988323188803,51.499999999999964,0.043071877819879215
7586,7.586,1.0080798047908615,51.40000000000003,0.04122648270995897
7587,7.587,0.8689204822888039,51.299999999999976,0.03938070827657903
7588,7.588,0.41846126125975425,51.20000000000004,0.037534955321351225
7589,7.589,1.1273643613409987,51.09999999999999,0.03568962281711165
7590,7.59,1.4103515557262885,51.00000000000005,0.03384510782858938
7591,7.591,1.3379888763167918,50.9,0.03200180543388325
7592,7.5920000000000005,2.2769066480324804,50.799999999999955,0.030160108646721247
7593,7.593,1.6014673700544249,50.70000000000001,0.02832040833954017
7594,7.594,1.58854548721686,50.599999999999966,0.026483093167358546
7595,7.595,1.9437200503033578,50.50000000000003,0.024648549492531004
7596,7.596,2.271806166890122,50.39999999999998,0.022817161310296923
7597,7.597,1.7514347364533034,50.299999999999926,0.020989310175234678
7598,7.598,1.2360866101328907,50.19999999999999,0.019165375128570868
7599,7.599,1.342899922944063,50.09999999999994,0.017345732626357805
7600,7.6000000000000005,1.4373848888329144,50.0,0.015530756468590794
7601,7.601,1.9107042139285766,49.89999999999995,0.013720817729190628
7602,7.602,0.9630540119765963,49.80000000000001,0.011916284686934899
7603,7.603,0.7122831665563432,49.700000000000074,0.010117522757311141
7604,7.604,0.002782272936993291,49.60000000000002,0.008324894425314342
7605,7.605,0.4531275019263845,49.49999999999997,0.006538759179196721
7606,7.606,0.9963700933863238,49.400000000000034,0.004759473445192033
7607,7.607,0.7247124629284833,49.29999999999998,0.002987390523186354
7608,7.6080000000000005,0.21672710974096682,49.19999999999994,0.001222860523416795
7609,7.609,0.07547169511540874,49.1,-0.0005337696958794087
7610,7.61,-0.26628048930719883,48.99999999999995,-0.0022821565897845836
7611,7.611,0.41935902926605706,48.90000000000001,-0.004021959987016543
7612,7.612,1.032213174446221,48.79999999999996,-0.0057528431492316935
7613,7.613,0.5969531820881178,48.69999999999991,-0.007474472829272539
7614,7.614,0.7470837904257188,48.59999999999997,-0.009186519328411202
7615,7.615,0.9450869809978846,48.49999999999992,-0.010888656552520852
7616,7.6160000000000005,0.19780302026827545,48.399999999999984,-0.012580562067205198
7617,7.617,0.7339749668754673,48.30000000000005,-0.01426191715185448
7618,7.618,0.5336616183119045,48.2,-0.015932406852659436
7619,7.619,-0.5950818250140223,48.100000000000065,-0.01759172003450625
7620,7.62,0.6884490977583588,48.000000000000014,-0.01923954943184035
7621,7.621,1.0182412195165178,47.89999999999996,-0.020875591698390275
7622,7.622,-0.2816224387626859,47.800000000000026,-0.022499547455839312
7623,7.623,0.5266606157558562,47.699999999999974,-0.024111121341369793
7624,7.6240000000000006,-0.5755776858654744,47.59999999999992,-0.025710022054111135
7625,7.625,-0.018038155518704763,47.499999999999986,-0.027295962400474192
7626,7.626,-0.04065773586960071,47.399999999999935,-0.028868659338368737
7627,7.627,-0.7714031460514705,47.3,-0.030427834020299797
7628,7.628,0.0364139406416264,47.199999999999946,-0.03197321183533724
7629,7.6290000000000004,-0.8413977733951654,47.10000000000001,-0.033504522449957296
7630,7.63,-0.23170995728187252,46.99999999999996,-0.03502149984774013
7631,7.631,0.0704017214119198,46.90000000000003,-0.036523882367954216
7632,7.632000000000001,-0.01668140621364661,46.79999999999997,-0.0380114127429611
7633,7.633,0.002480199127663729,46.70000000000003,-0.039483838134513984
7634,7.634,-0.41979518089260326,46.59999999999999,-0.0409409101688843
7635,7.635,-0.7796764012251844,46.50000000000005,-0.042382384970848064
7636,7.636,-0.3739643331597463,46.4,-0.04380802319651777
7637,7.6370000000000005,0.034241225181175894,46.29999999999995,-0.04521759006502073
7638,7.638,-0.6574367068874635,46.20000000000001,-0.04661085538902103
7639,7.639,-0.9740388263791968,46.09999999999996,-0.047987593604083584
7640,7.640000000000001,-0.828919444130919,45.99999999999991,-0.04934758379688164
7641,7.641,-1.1813345028018094,45.89999999999998,-0.05069060973223533
7642,7.642,-1.1203174481698022,45.79999999999992,-0.05201645987901226
7643,7.643,-1.459582045772184,45.69999999999999,-0.05332492743483149
7644,7.644,-0.5819385822571309,45.59999999999994,-0.05461581034964823
7645,7.6450000000000005,-0.596766164556966,45.5,-0.05588891134813619
7646,7.646,-0.5326081526210533,45.40000000000006,-0.05714403795094366
7647,7.647,-0.8082159658840774,45.30000000000001,-0.05838100249476799
7648,7.648000000000001,-1.2163848285868362,45.19999999999996,-0.05959962215128075
7649,7.649,-1.3177514177034182,45.10000000000002,-0.06079971894488482
7650,7.65,-1.3218714700649334,44.99999999999997,-0.061981119769335825
7651,7.651,-2.22749822611051,44.900000000000034,-0.06314365640317508
7652,7.652,-1.8139573804182438,44.79999999999998,-0.06428716552404706
7653,7.6530000000000005,-1.705977380624124,44.69999999999993,-0.06541148872183436
7654,7.654,-1.9080509091458309,44.599999999999994,-0.06651647251065676
7655,7.655,-1.5577287156870507,44.49999999999994,-0.06760196833973518
7656,7.656000000000001,-1.7399288244987587,44.3999999999999,-0.06866783260308479
7657,7.657,-1.8300615845273485,44.299999999999955,-0.06971392664809678
7658,7.658,-1.490587337296885,44.19999999999991,-0.07074011678296409
7659,7.659,-1.6576435940146699,44.09999999999997,-0.07174627428298232
7660,7.66,-1.0517422577373252,44.000000000000036,-0.07273227539571805
7661,7.6610000000000005,-1.610144340784952,43.899999999999984,-0.07369800134505486
7662,7.662,-1.4858434274600467,43.80000000000005,-0.0746433383341102
7663,7.663,-1.5476758109694648,43.699999999999996,-0.07556817754705383
7664,7.664000000000001,-0.6045891772770678,43.59999999999995,-0.07647241514978727
7665,7.665,-0.7090784958254549,43.50000000000001,-0.07735595228954391
7666,7.666,-0.47951025305188877,43.399999999999956,-0.07821869509336835
7667,7.667,-0.23429339264631194,43.300000000000026,-0.07906055466550863
7668,7.668,0.8039036624140863,43.199999999999974,-0.07988144708371867
7669,7.6690000000000005,0.5301614206138276,43.09999999999992,-0.08068129339446496
7670,7.67,0.6757161343625993,42.999999999999986,-0.08146001960707212
7671,7.671,0.2957078796794159,42.899999999999935,-0.082217556686782
7672,7.672000000000001,0.7714690796510526,42.8,-0.08295384054675478
7673,7.673,2.3815605769992976,42.699999999999946,-0.08366881203900385
7674,7.674,1.977461095841585,42.60000000000001,-0.08436241694429299
7675,7.675,1.2921254654587584,42.50000000000007,-0.08503460596096649
7676,7.676,1.968079035055908,42.40000000000002,-0.08568533469276765
7677,7.6770000000000005,1.6267989699485381,42.29999999999997,-0.08631456363560189
7678,7.678,2.6677481521420945,42.20000000000003,-0.08692225816329908
7679,7.679,1.9775622247326863,42.09999999999998,-0.08750838851234723
7680,7.68,2.0440256512115447,42.00000000000004,-0.08807292976562758
7681,7.681,1.653343708112991,41.89999999999999,-0.08861586183514747
7682,7.682,1.0623299953166778,41.79999999999994,-0.08913716944378765
7683,7.683,0.9324181426610103,41.70000000000001,-0.08963684210606603
7684,7.684,0.8853258154807016,41.59999999999995,-0.0901148741079304
7685,7.6850000000000005,1.0156534653174034,41.49999999999991,-0.0905712644855902
7686,7.686,1.0108454330688335,41.39999999999997,-0.09100601700338964
7687,7.687,1.3398619257044908,41.29999999999992,-0.09141914013074685
7688,7.688,0.3293534153966222,41.19999999999998,-0.09181064701814325
7689,7.689,0.7546791312093744,41.100000000000044,-0.09218055547220551
7690,7.69,0.8600396209058917,40.99999999999999,-0.09252888792985553
7691,7.691,1.2452873331972527,40.90000000000006,-0.09285567143157016
7692,7.692,1.3779275659449937,40.80000000000001,-0.09316093759373524
7693,7.6930000000000005,0.20872695155198168,40.69999999999996,-0.09344472258012251
7694,7.694,1.2312126273351374,40.60000000000002,-0.0937070670724883
7695,7.695,0.8249161177953118,40.49999999999997,-0.09394801624031046
7696,7.696,1.0481853655097138,40.400000000000034,-0.09416761970967408
7697,7.697,0.4833965122814247,40.29999999999998,-0.09436593153131322
7698,7.698,-0.12185256006641498,40.19999999999993,-0.09454301014782511
7699,7.699,0.7896814147511799,40.099999999999994,-0.09469891836006138
7700,7.7,0.6464121104064297,39.99999999999994,-0.0948337232927172
7701,7.7010000000000005,0.030643736963734236,39.89999999999989,-0.0949474963591165
7702,7.702,0.8238998059440161,39.799999999999955,-0.09504031322522036
7703,7.703,0.3687707942054307,39.70000000000002,-0.09511225377285533
7704,7.704,0.18626157144722005,39.60000000000008,-0.0951634020621863
7705,7.705,0.6652967718317141,39.50000000000003,-0.0951938462934354
7706,7.706,0.4073084390132802,39.39999999999998,-0.0952036787678679
7707,7.707,-0.17002938730656975,39.30000000000004,-0.09519299584804898
7708,7.708,0.7077136296770237,39.19999999999999,-0.09516189791739195
7709,7.7090000000000005,0.008647100497563807,39.09999999999994,-0.09511048933900297
7710,7.71,0.22694923335706652,39.00000000000001,-0.09503887841383879
7711,7.711,-0.9292872343282668,38.899999999999956,-0.09494717733819072
7712,7.712,-0.5206165790752342,38.80000000000002,-0.09483550216050339
7713,7.713,-0.05749613548593563,38.69999999999997,-0.09470397273754652
7714,7.714,-0.369184287911995,38.599999999999916,-0.09455271268994715
7715,7.715,-0.5732355638189981,38.499999999999986,-0.09438184935710037
7716,7.716,0.3060382923222046,38.399999999999935,-0.0941915137514659
7717,7.7170000000000005,-0.11547417131970461,38.29999999999999,-0.09398184051227058
7718,7.718,-0.23497920576047193,38.20000000000006,-0.09375296785862292
7719,7.719,-0.3042473952665873,38.10000000000001,-0.09350503754205723
7720,7.72,-0.2012386463378833,38.00000000000007,-0.09323819479852068
7721,7.721,-0.5607289005476787,37.90000000000002,-0.09295258829981312
7722,7.722,-0.6363505954906988,37.79999999999997,-0.09264837010449789
7723,7.723,-0.2960858614927601,37.70000000000003,-0.09232569560829364
7724,7.724,-1.200361788902525,37.59999999999998,-0.09198472349396014
7725,7.7250000000000005,-0.7082702279662424,37.49999999999993,-0.09162561568069712
7726,7.726,-0.5187869706063635,37.39999999999999,-0.09124853727306236
7727,7.727,-1.1156994133753546,37.29999999999994,-0.09085365650942678
7728,7.728,-0.5865966194163879,37.2,-0.0904411447099825
7729,7.729,-0.7065404563484408,37.09999999999995,-0.09001117622431032
7730,7.73,-1.4800862790940315,36.9999999999999,-0.08956392837852942
7731,7.731,-0.7686675030277798,36.89999999999996,-0.08909958142203628
7732,7.732,-0.8974211169173655,36.800000000000026,-0.08861831847384659
7733,7.7330000000000005,-0.4503562213232294,36.699999999999974,-0.08812032546856323
7734,7.734,-0.8376669124886252,36.600000000000044,-0.08760579110196982
7735,7.735,-1.3866057543562231,36.499999999999986,-0.08707490677627563
7736,7.736,-1.6491587716543974,36.400000000000055,-0.0865278665450211
7737,7.737,-2.197412131973666,36.300000000000004,-0.08596486705765502
7738,7.738,-0.9985961657962005,36.19999999999995,-0.08538610750380683
7739,7.739,-1.5147438322852371,36.10000000000002,-0.08479178955725443
7740,7.74,-1.4936827587136299,35.999999999999964,-0.08418211731961246
7741,7.7410000000000005,-2.2284303086166686,35.89999999999991,-0.08355729726375154
7742,7.742,-1.572773330502337,35.79999999999998,-0.08291753817696187
7743,7.743,-1.2563609059273093,35.69999999999993,-0.08226305110386993
7744,7.744,-1.4940086227399438,35.599999999999994,-0.0815940492891393
7745,7.745,-0.7005072235288943,35.49999999999994,-0.08091074811994205
7746,7.746,-0.32947689578185513,35.400000000000006,-0.08021336506824664
7747,7.747,-0.303798146343122,35.30000000000007,-0.07950211963290589
7748,7.748,-0.2854727313666192,35.20000000000002,-0.07877723328158079
7749,7.7490000000000006,-0.2085419563117116,35.099999999999966,-0.07803892939250363
7750,7.75,-0.11848972698596108,35.00000000000003,-0.07728743319609659
7751,7.751,0.2584208994754822,34.89999999999998,-0.07652297171645811
7752,7.752,0.6519409275873638,34.80000000000004,-0.07574577371273515
7753,7.753,0.6548569132728934,34.69999999999999,-0.07495606962038807
7754,7.7540000000000004,1.1353848526747705,34.59999999999994,-0.07415409149236867
7755,7.755,0.8616228615195829,34.5,-0.0733400729402227
7756,7.756,1.9102406704436854,34.399999999999956,-0.07251424907512091
7757,7.757000000000001,1.5587707621065445,34.2999999999999,-0.07167685644885695
7758,7.758,1.2781099676932333,34.19999999999997,-0.07082813299479229
7759,7.759,2.3599645665715605,34.099999999999916,-0.0699683179687895
7760,7.76,1.4461530898190422,33.99999999999998,-0.06909765189013281
7761,7.761,2.3843796357346987,33.900000000000034,-0.06821637648245232
7762,7.7620000000000005,0.948318336056884,33.79999999999998,-0.06732473461466669
7763,7.763,1.307305446267749,33.70000000000005,-0.06642297024195538
7764,7.764,1.4414950935490063,33.60000000000001,-0.06551132834677371
7765,7.765000000000001,1.7993570245047836,33.49999999999996,-0.0645900548799255
7766,7.766,1.3130536557364698,33.40000000000002,-0.06365939670170746
7767,7.767,2.2601177927661653,33.29999999999997,-0.06271960152312435
7768,7.768,1.4948986496679206,33.20000000000003,-0.061770917847219504
7769,7.769,1.0476039232662144,33.09999999999998,-0.06081359491048745
7770,7.7700000000000005,1.1514088593901428,32.99999999999993,-0.059847882624432455
7771,7.771,1.1702031255450653,32.89999999999999,-0.058874031517238135
7772,7.772,0.12920553992479855,32.79999999999994,-0.05789229267559454
7773,7.773000000000001,0.9432620631050955,32.69999999999989,-0.05690291768667807
7774,7.774,0.5121968495490381,32.59999999999995,-0.055906158580305926
7775,7.775,0.9967815662504729,32.500000000000014,-0.054902267771257965
7776,7.776,1.182102245410169,32.39999999999996,-0.05389149800181652
7777,7.777,1.0617656224951204,32.300000000000026,-0.05287410228448327
7778,7.7780000000000005,0.44411899921874365,32.199999999999974,-0.051850333844937674
7779,7.779,0.4667581266029697,32.10000000000004,-0.05082044606521401
7780,7.78,1.315141956962433,31.999999999999986,-0.04978469242711089
7781,7.781000000000001,0.4652682289366863,31.899999999999935,-0.048743326455874605
7782,7.782,0.4353623892789754,31.800000000000004,-0.04769660166412326
7783,7.783,-0.2732141800589283,31.699999999999953,-0.04664477149605981
7784,7.784,0.34170383630164947,31.600000000000012,-0.04558808927196676
7785,7.785,0.09691963389093222,31.499999999999964,-0.044526808132997316
7786,7.7860000000000005,0.0694284550142838,31.399999999999913,-0.043461180986274855
7787,7.787,0.11487773884407343,31.299999999999976,-0.04239146045031603
7788,7.788,-0.215494032746972,31.199999999999925,-0.041317898800767625
7789,7.789000000000001,0.23817658846701248,31.099999999999987,-0.04024074791650865
7790,7.79,0.29352849807270076,31.000000000000053,-0.0391602592260772
7791,7.791,0.22076688459410565,30.900000000000002,-0.03807668365447408
7792,7.792,0.05071324000244881,30.80000000000006,-0.036990271570332495
7793,7.793,0.12811631056497055,30.700000000000014,-0.03590127273346299
7794,7.7940000000000005,-0.25073658567438706,30.599999999999962,-0.03480993624280448
7795,7.795,-0.012138791287175876,30.500000000000025,-0.03371651048475555
7796,7.796,-0.021276866586146304,30.399999999999974,-0.032621243081930394
7797,7.797000000000001,-0.3195620466551182,30.299999999999923,-0.031524380842327934
7798,7.798,0.41800653784917874,30.19999999999999,-0.03042616970893637
7799,7.799,-0.960981990282087,30.099999999999934,-0.029326854709759227
7800,7.8,-0.9345090347467406,30.0,-0.028226679908315837
7801,7.801,-0.5870052008308422,29.899999999999952,-0.027125888354564972
7802,7.8020000000000005,-0.24196871059149946,29.7999999999999,-0.02602472203632595
7803,7.803,-0.18670455985979095,29.69999999999996,-0.024923421831145792
7804,7.804,0.08121058890566135,29.600000000000023,-0.023822227458664552
7805,7.805000000000001,-0.6686803854985808,29.49999999999997,-0.02272137743346511
7806,7.806,0.060254556551467164,29.40000000000004,-0.02162110901842169
7807,7.807,-0.04448515146112719,29.29999999999999,-0.02052165817855482
7808,7.808,-0.4794603841785015,29.20000000000005,-0.01942325953540063
7809,7.809,-0.9614911290381849,29.1,-0.018326146321901535
7810,7.8100000000000005,-0.9888703669906459,28.99999999999995,-0.017230550337825706
7811,7.811,-0.33460778082564846,28.900000000000013,-0.016136701905729228
7812,7.812,-1.217288418404185,28.79999999999996,-0.01504482982744556
7813,7.813,-1.1630673050332496,28.70000000000002,-0.01395516134115352
7814,7.814,-0.48610109147233793,28.599999999999973,-0.012867922078970402
7815,7.815,-1.3148617043873845,28.499999999999922,-0.01178333602514266
7816,7.816,-1.7189299129876563,28.399999999999988,-0.010701625474780485
7817,7.817,-1.5389483767419085,28.29999999999994,-0.009623010993186909
7818,7.8180000000000005,-1.9206905557367873,28.2,-0.00854771137576483
7819,7.819,-1.662069171805591,28.099999999999948,-0.007475943608515096
7820,7.82,-1.5360033852582617,28.00000000000001,-0.0064079228291307085
7821,7.821,-2.3458831403697804,27.90000000000007,-0.005343862288693059
7822,7.822,-1.5684473926342009,27.80000000000002,-0.004283973313975466
7823,7.823,-2.14740442621735,27.699999999999974,-0.003228465270358883
7824,7.824,-1.7054785305110371,27.600000000000037,-0.002177545525371894
7825,7.825,-1.739831100371366,27.499999999999986,-0.0011314194128376853
7826,7.8260000000000005,-1.6651989958187607,27.399999999999935,-9.02901976751363e-05
7827,7.827,-1.100916739150289,27.299999999999997,0.0009456409586926968
7828,7.828,-1.7220674845951822,27.199999999999946,0.0019761750322758336
7829,7.829,-1.0538346948558168,27.10000000000001,0.0030011151698185537
7830,7.83,-0.8243944453861098,26.999999999999957,0.004020266721452986
7831,7.831,-0.058584830861489245,26.899999999999906,0.005033437272703053
7832,7.832,-0.1726221864231201,26.79999999999997,0.006040436675827744
7833,7.833,0.09855645750992609,26.70000000000004,0.00704107708052097
7834,7.8340000000000005,0.6063775396872376,26.599999999999987,0.008035172963930338
7835,7.835,0.4557794319989994,26.50000000000005,0.00902254116001948
7836,7.836,1.2757322020005124,26.4,0.010003000888271295
7837,7.837,0.5413773024820414,26.30000000000006,0.010976373781694753
7838,7.838,0.6536818667673563,26.20000000000001,0.011942483914187032
7839,7.839,2.0057457690780756,26.09999999999996,0.012901157827187872
7840,7.84,0.8094756737695252,26.00000000000003,0.013852224555678753
7841,7.841,1.7052426984936575,25.89999999999997,0.014795515653483705
7842,7.8420000000000005,1.6131304518506009,25.79999999999992,0.015730865217892007
7843,7.843,1.454963980536576,25.69999999999999,0.0166581099135868
7844,7.844,1.5180489530652046,25.599999999999937,0.017577088995899694
7845,7.845,1.241931399886175,25.5,0.01848764433334998
7846,7.846,2.120194247878014,25.39999999999995,0.019389620429520162
7847,7.847,1.0524950455251245,25.30000000000001,0.02028286444420859
7848,7.848,2.2510449523759704,25.19999999999996,0.021167226213910005
7849,7.849,1.8334330972183086,25.100000000000023,0.022042558271589744
7850,7.8500000000000005,1.1767198560518652,24.99999999999997,0.022908715865753104
7851,7.851,1.64841185615418,24.900000000000034,0.02376555697883291
7852,7.852,2.024217307431027,24.799999999999983,0.024612942344864736
7853,7.853,0.8947132947353159,24.700000000000045,0.025450735466468286
7854,7.854,1.0327517213734405,24.599999999999994,0.026278802631127567
7855,7.855,0.40354656581706494,24.499999999999943,0.02709701292677249
7856,7.856,1.3841782217369247,24.400000000000006,0.027905238256654828
7857,7.857,1.333624909860819,24.299999999999955,0.02870335335353819
7858,7.8580000000000005,0.21265304553994363,24.19999999999991,0.029491235793167127
7859,7.859,0.892431889713091,24.099999999999973,0.03026876600705843
7860,7.86,0.615714566189709,23.999999999999915,0.031035827294579797
7861,7.861,0.781281293676873,23.899999999999984,0.03179230583433695
7862,7.862,0.1982519767854964,23.800000000000047,0.03253809069486159
7863,7.863,0.7092549813696298,23.699999999999996,0.03327307384460515
7864,7.864,0.8181696005282005,23.60000000000006,0.033997150161236764
7865,7.865,-0.4288451193082161,23.500000000000007,0.03471021744024854
7866,7.8660000000000005,0.8244164763157469,23.399999999999956,0.03541217640287024
7867,7.867,1.604976417307372,23.300000000000026,0.03610293070328895
7868,7.868,0.8901729252105707,23.199999999999974,0.03678238693519287
7869,7.869,0.8278283839423836,23.100000000000037,0.03745045463760951
7870,7.87,0.294470489559646,22.999999999999986,0.03810704630008261
7871,7.871,-0.3376973981504902,22.899999999999935,0.03875207736714465
7872,7.872,0.2412883086612611,22.799999999999997,0.03938546624212903
7873,7.873,0.22800710190801954,22.699999999999946,0.04000713429029283
7874,7.8740000000000006,-0.1652097659251457,22.599999999999895,0.04061700584127127
7875,7.875,0.24144100314798608,22.499999999999957,0.04121500819085864
7876,7.876,-0.3324448082693871,22.40000000000002,0.041801071602121195
7877,7.877,-0.1121526534939959,22.29999999999997,0.042375129305845256
7878,7.878,-0.8784165153266291,22.20000000000003,0.042937117500322274
7879,7.8790000000000004,-0.20360384214979368,22.09999999999998,0.043486975350476534
7880,7.88,-0.6140929749296531,22.000000000000043,0.04402464498633331
7881,7.881,-0.10840881040445322,21.89999999999999,0.044550071500845494
7882,7.882000000000001,-0.33716807678855026,21.79999999999994,0.04506320294705683
7883,7.883,-0.07873826483741897,21.700000000000003,0.0455639903346368
7884,7.884,0.25122529113340275,21.59999999999995,0.0460523876257646
7885,7.885,0.43673715254219436,21.50000000000002,0.046528351730382805
7886,7.886,-0.4312788032649001,21.39999999999997,0.046991842500816255
7887,7.8870000000000005,-1.0867111091830277,21.29999999999992,0.0474428227257669
7888,7.888,-0.9696309632086384,21.19999999999998,0.04788125812368033
7889,7.889,-0.06297667461773482,21.09999999999993,0.04830711733550343
7890,7.890000000000001,-0.6037146463250991,20.999999999999993,0.04872037191681811
7891,7.891,-0.4573462758031723,20.89999999999994,0.049120996329371454
7892,7.892,-0.37160753945205255,20.800000000000004,0.04950896793200651
7893,7.893,-0.5899270482824563,20.700000000000074,0.04988426697098312
7894,7.894,-0.13135043876343577,20.600000000000023,0.05024687656971941
7895,7.8950000000000005,-1.0615038965546764,20.49999999999997,0.050596782717931055
7896,7.896,-1.5204321302734116,20.400000000000034,0.050933974260199896
7897,7.897,-0.2830354586175501,20.299999999999983,0.05125844288395692
7898,7.898000000000001,-0.7665633529398002,20.199999999999932,0.0515701831068988
7899,7.899,-1.710154581935571,20.099999999999994,0.05186919226383335
7900,7.9,-1.293578067720904,19.999999999999943,0.05215547049297262
7901,7.901,-1.8734867063162484,19.900000000000006,0.05242902072166109
7902,7.902,-1.6793762876698979,19.799999999999955,0.05268984865156746
7903,7.9030000000000005,-1.6005352244829958,19.699999999999903,0.052937962743322665
7904,7.904,-1.6981601582790673,19.599999999999973,0.05317337420063125
7905,7.905,-2.2803316211437634,19.50000000000003,0.05339609695384877
7906,7.906000000000001,-1.9424931700444295,19.399999999999977,0.05360614764303342
7907,7.907,-1.6320699530870546,19.30000000000004,0.05380354560048708
7908,7.908,-2.210742649035872,19.19999999999999,0.053988312832779745
7909,7.909,-1.2222535085128472,19.10000000000006,0.054160474002274445
7910,7.91,-1.0406976555486134,19.000000000000007,0.05432005640815176
7911,7.9110000000000005,-0.7543079064378041,18.899999999999956,0.05446708996694715
7912,7.912,-0.5518597094281602,18.80000000000002,0.0546016071926009
7913,7.913,-0.6341075423122449,18.699999999999967,0.054723643176036625
7914,7.914000000000001,-0.742940533299036,18.599999999999916,0.054833235564263956
7915,7.915,-0.59175419006281,18.49999999999998,0.05493042453902442
7916,7.916,0.11558205234527277,18.399999999999928,0.05501525279497784
7917,7.917,0.30069081286596533,18.29999999999999,0.05508776551744259
7918,7.918,1.0446956483784056,18.19999999999994,0.055148010359694716
7919,7.9190000000000005,0.12615819937181605,18.10000000000001,0.05519603741983137
7920,7.92,1.2819830296902273,17.999999999999957,0.055231899217211625
7921,7.921,1.0765395173332557,17.90000000000002,0.05525565066847462
7922,7.922000000000001,0.2839604287129608,17.79999999999997,0.05526734906314969
7923,7.923,1.5392620449681755,17.70000000000003,0.055267054038859724
7924,7.924,1.4970768789438935,17.59999999999998,0.05525482755613137
7925,7.925,1.8424951664474225,17.500000000000043,0.05523073387281368
7926,7.926,1.944088107799383,17.39999999999999,0.05519483951811891
7927,7.9270000000000005,1.9389992918884815,17.29999999999994,0.05514721326628766
7928,7.928,2.0586243331417773,17.200000000000003,0.05508792610989111
7929,7.929,0.7675551393983059,17.09999999999996,0.055017051232773694
7930,7.930000000000001,1.9889545068081387,16.999999999999908,0.05493466398264811
7931,7.931,1.2869242811575812,16.89999999999997,0.05484084184334793
7932,7.932,1.5371719415594158,16.79999999999992,0.054735664406745654
7933,7.933,1.9934092764720348,16.69999999999998,0.05461921334434768
7934,7.934,1.5663507969182324,16.59999999999993,0.054491572378568456
7935,7.9350000000000005,1.052032206338672,16.499999999999986,0.05435282725369821
7936,7.936,0.7936177314754809,16.400000000000055,0.05420306570656683
7937,7.937,1.1055949324495675,16.300000000000004,0.05404237743691536
7938,7.938,0.48053744745924754,16.200000000000067,0.05387085407748308
7939,7.939,1.0854453169087195,16.100000000000016,0.05368858916381561
7940,7.94,0.8711916830822868,15.999999999999964,0.05349567810380643
7941,7.941,0.2962935189982785,15.900000000000027,0.05329221814697599
7942,7.942,0.46176786176162654,15.799999999999976,0.05307830835349904
7943,7.9430000000000005,-0.2733524330882823,15.699999999999925,0.052854049562988226
7944,7.944,0.9838299505342575,15.599999999999987,0.052619544363041205
7945,7.945,1.2606124178749554,15.499999999999936,0.052374897057559607
7946,7.946,-0.12829558657168072,15.400000000000006,0.05212021363485028
7947,7.947,0.9637107024878768,15.299999999999955,0.051855601735513096
7948,7.948,0.23077686652836335,15.200000000000017,0.05158117062012815
7949,7.949,0.8240125094850406,15.099999999999966,0.05129703113674746
7950,7.95,1.0679969950580535,15.000000000000028,0.051003295688198565
7951,7.9510000000000005,-0.3630855355631266,14.899999999999977,0.05070007819921463
7952,7.952,0.11546615779628452,14.80000000000004,0.050387494083389966
7953,7.953,-0.04555139737265107,14.699999999999996,0.05006566020997715
7954,7.954,0.28387360271778883,14.600000000000051,0.04973469487053027
7955,7.955,0.4236357347376107,14.500000000000007,0.049394717745402675
7956,7.956,0.2941398584202267,14.399999999999956,0.04904584987010905
7957,7.957,0.30051432302398784,14.300000000000011,0.04868821360155954
7958,7.958,0.43954917046077707,14.199999999999967,0.04832193258417024
7959,7.9590000000000005,0.8008077360262359,14.099999999999916,0.04794713171586731
7960,7.96,0.2507205214876329,13.999999999999979,0.047563937113984045
7961,7.961,-0.7769118859094186,13.899999999999928,0.04717247608106037
7962,7.962,0.10866846859091983,13.79999999999999,0.04677287707056175
7963,7.963,0.04628961279429972,13.699999999999939,0.04636526965250984
7964,7.964,-0.47345162793949264,13.600000000000001,0.04594978447905151
7965,7.965,-0.5033846274477215,13.500000000000064,0.04552655324995688
7966,7.966,-0.7981302909545853,13.400000000000013,0.04509570867806677
7967,7.9670000000000005,-0.1783066737870397,13.299999999999962,0.04465738445469219
7968,7.968,-0.42628669137370656,13.200000000000024,0.044211715214976376
7969,7.969,-0.28203253646937315,13.099999999999973,0.04375883650322025
7970,7.97,-0.9720545670182773,13.000000000000043,0.043298884738195154
7971,7.971,-0.929777655865775,12.899999999999991,0.042831997178427804
7972,7.972,-0.9072160608707576,12.79999999999994,0.04235831188749087
7973,7.973,0.13975323623955194,12.700000000000003,0.04187796769928389
7974,7.974,-0.33749572626518465,12.599999999999952,0.04139110418332642
7975,7.9750000000000005,-0.41101291045660704,12.4999999999999,0.04089786161007135
7976,7.976,-1.0105727009630794,12.399999999999963,0.040398380916234246
7977,7.977,0.04174125401419826,12.299999999999912,0.0398928036701598
7978,7.978,-0.49703485707154893,12.199999999999974,0.039381272037225905
7979,7.979,-0.9237893907959287,12.100000000000044,0.038863928745293735
7980,7.98,-0.3256852272014773,11.999999999999993,0.0383409170502124
7981,7.981,-0.598187656925405,11.900000000000048,0.0378123807013875
7982,7.982,-1.0374135959831747,11.800000000000004,0.03727846390741143
7983,7.9830000000000005,-1.9283482645023615,11.699999999999953,0.03673931130178189
7984,7.984,-2.1895002529898138,11.600000000000016,0.03619506790869227
7985,7.985,-1.279805924871189,11.499999999999964,0.0356458791089203
7986,7.986,-1.9587672586959595,11.40000000000002,0.035091890605812574
7987,7.987,-1.3947182292892264,11.299999999999976,0.03453324839137398
7988,7.988,-1.3297299102218305,11.199999999999925,0.033970098712470344
7989,7.989,-1.1608584153485917,11.099999999999987,0.03340258803714977
7990,7.99,-0.7689902286457477,10.999999999999943,0.03283086302109026
7991,7.9910000000000005,-1.6258268461015664,10.899999999999999,0.03225507047418046
7992,7.992,-1.630420876910397,10.799999999999947,0.03167535732724303
7993,7.993,-1.536750354705552,10.70000000000001,0.03109187059889625
7994,7.994,-1.7660488709215558,10.60000000000008,0.030504757362583217
7995,7.995,-1.3053179339099517,10.500000000000028,0.029914164713744005
7996,7.996,-0.6839989016961359,10.39999999999997,0.02932023973717125
7997,7.997,-0.9076810790328542,10.30000000000004,0.028723129474524645
7998,7.998,-1.22041041507052,10.199999999999989,0.02812298089203323
7999,7.9990000000000006,0.5273092748279624,10.099999999999937,0.027519940848380532
8000,8.0,-0.8653636275243904,10.0,0.026914156062781823
8001,8.001,0.21736785707809012,10.099999999999937,0.026305773083259515
8002,8.002,0.15500682043284536,10.200000000000102,0.02569493825512221
8003,8.003,0.5231524001004304,10.30000000000004,0.025081797689657653
8004,8.004,1.0710330283849925,10.39999999999997,0.024466497233032757
8005,8.005,1.3188370577805486,10.500000000000021,0.02384918243542652
8006,8.006,1.2934944953474585,10.60000000000008,0.023229998520385636
8007,8.007,0.8585183826277325,10.70000000000001,0.022609090354410704
8008,8.008000000000001,1.0163644397239784,10.800000000000061,0.02198660241678382
8009,8.009,1.6473527043233573,10.899999999999999,0.02136267876964916
8010,8.01,1.7900423238921488,10.999999999999943,0.02073746302832414
8011,8.011000000000001,2.125226135776922,11.100000000000101,0.02011109833188573
8012,8.012,1.2973460212050658,11.200000000000038,0.019483727314008346
8013,8.013,1.5015980685162724,11.299999999999976,0.018855492074065817
8014,8.014,1.9028276581330434,11.399999999999913,0.018226534148507136
8015,8.015,1.4533663267265697,11.500000000000078,0.01759699448251018
8016,8.016,1.8336539954253952,11.600000000000016,0.016967013401914966
8017,8.017,1.2067323412833546,11.699999999999953,0.016336730585436207
8018,8.018,1.6891688222386172,11.80000000000011,0.015706285037176925
8019,8.019,1.048533229742001,11.900000000000048,0.015075815059432012
8020,8.02,0.7632845032713061,11.999999999999993,0.01444545822578848
8021,8.021,1.5330314605131814,12.100000000000044,0.013815351354532098
8022,8.022,0.5387476665723607,12.199999999999974,0.01318563048237135
8023,8.023,0.32176249224934805,12.299999999999912,0.01255643083845416
8024,8.024000000000001,0.7837991736063892,12.400000000000077,0.011927886818721808
8025,8.025,0.49936245283758796,12.500000000000014,0.01130013196057461
8026,8.026,0.26050610794583173,12.599999999999952,0.010673298917861
8027,8.027000000000001,0.5940129111365298,12.700000000000117,0.010047519436197713
8028,8.028,0.893667285834089,12.800000000000054,0.009422924328628846
8029,8.029,0.29367894939171124,12.899999999999991,0.008799643451610176
8030,8.03,0.158877131227406,12.999999999999922,0.008177805681340187
8031,8.031,0.37858422833370364,13.100000000000094,0.007557538890436046
8032,8.032,0.7096750592199663,13.200000000000024,0.006938969924954705
8033,8.033,0.13041803203156593,13.299999999999962,0.006322224581761617
8034,8.034,0.4937105581651279,13.400000000000013,0.005707427586254692
8035,8.035,0.5841224674536513,13.500000000000064,0.005094702570454353
8036,8.036,0.3799967862000011,13.600000000000001,0.004484172051433239
8037,8.037,0.6146977292071856,13.700000000000053,0.003875957410128971
8038,8.038,0.10584445743044282,13.79999999999999,0.0032701788705130665
8039,8.039,-0.45656299336592665,13.899999999999928,0.0026669554791269355
8040,8.040000000000001,-0.5507677032740331,14.000000000000092,0.002066405084990835
8041,8.041,-0.5591904757153716,14.100000000000023,0.0014686443198922649
8042,8.042,0.23487875449402026,14.199999999999967,0.0008737885790391785
8043,8.043000000000001,-0.1548459062330534,14.300000000000125,0.00028195200209994145
8044,8.044,-0.4173189985528941,14.400000000000063,-0.0003067525453761547
8045,8.045,-0.5710032713144323,14.500000000000007,-0.0008922134901636336
8046,8.046,-0.10348537465429802,14.599999999999937,-0.00147432056916849
8047,8.047,0.010094871521553084,14.700000000000102,-0.0020529648468617153
8048,8.048,0.03877386862337778,14.80000000000004,-0.0026280387323085706
8049,8.049,-0.20165870566422212,14.899999999999977,-0.003199435995827957
8050,8.05,-0.5422760871626583,15.000000000000028,-0.0037670517852401463
8051,8.051,-0.05600536854217475,15.099999999999966,-0.004330782641730022
8052,8.052,-0.7384346504229248,15.200000000000017,-0.004890526515316034
8053,8.053,-0.6140359676067093,15.300000000000068,-0.0054461827799214815
8054,8.054,-1.0413470333811898,15.400000000000006,-0.0059976522480390225
8055,8.055,-0.5155979978414011,15.499999999999936,-0.006544837185014917
8056,8.056000000000001,-1.204919572110989,15.600000000000108,-0.007087641322914299
8057,8.057,-1.1287545402206685,15.700000000000038,-0.007625969873993665
8058,8.058,0.2282973581258051,15.799999999999976,-0.008159729543775475
8059,8.059000000000001,-0.9195467006658362,15.90000000000014,-0.008688828543710139
8060,8.06,-1.6698935956547305,16.000000000000078,-0.00921317660344013
8061,8.061,-0.5500122182194289,16.100000000000016,-0.009732684982661088
8062,8.062,-1.154316917658041,16.199999999999953,-0.010247266482576352
8063,8.063,-0.9350770307797279,16.300000000000118,-0.01075683545694412
8064,8.064,-0.4842050204400423,16.400000000000055,-0.011261307822721549
8065,8.065,-0.5400222385715725,16.499999999999993,-0.011760601070304867
8066,8.066,-2.0671324314417796,16.600000000000037,-0.012254634273362756
8067,8.067,-1.5739774501938413,16.69999999999998,-0.012743328098255909
8068,8.068,-1.4042387878057616,16.79999999999992,-0.013226604813067665
8069,8.069,-1.5469068038844234,16.900000000000077,-0.01370438829621195
8070,8.07,-1.8104118000836928,17.000000000000014,-0.014176604044643524
8071,8.071,-2.47556942250431,17.09999999999995,-0.014643179181666478
8072,8.072000000000001,-1.3270837029771043,17.200000000000117,-0.015104042464329491
8073,8.073,-2.3913923413059286,17.300000000000054,-0.015559124290421939
8074,8.074,-2.167973399724832,17.4,-0.016008356705067252
8075,8.075,-1.578632727587235,17.49999999999993,-0.016451673406911668
8076,8.076,-1.3626170555065737,17.600000000000094,-0.016889009753908668
8077,8.077,-0.6992522640634711,17.70000000000003,-0.01732030276870453
8078,8.078,-1.2300988331208018,17.79999999999997,-0.01774549114362432
8079,8.079,-0.20766573647173092,17.90000000000002,-0.018164515245258094
8080,8.08,-0.3781345305690913,17.99999999999995,-0.018577317118641773
8081,8.081,-0.3208475272455713,18.10000000000001,-0.018983840491055438
8082,8.082,-0.49823545042269757,18.20000000000006,-0.019384030775411183
8083,8.083,-0.33617359012598136,18.29999999999999,-0.019777835073253546
8084,8.084,-0.18447375552221396,18.399999999999928,-0.020165202177367225
8085,8.085,0.5038625297424281,18.5000000000001,-0.020546082573992354
8086,8.086,0.7641907664650046,18.60000000000003,-0.020920428444645856
8087,8.087,0.9327116493524825,18.699999999999967,-0.02128819366756131
8088,8.088000000000001,0.5380317915006737,18.800000000000132,-0.02164933381873952
8089,8.089,1.310049698981326,18.90000000000007,-0.022003806172608473
8090,8.09,0.9152669268973264,19.000000000000007,-0.022351569702313598
8091,8.091,1.2169815685579228,19.099999999999945,-0.022692585079613487
8092,8.092,1.3809294850312188,19.20000000000011,-0.023026814674407536
8093,8.093,1.5981243539371945,19.30000000000004,-0.023354222553876872
8094,8.094,1.26840297898343,19.399999999999977,-0.02367477448126347
8095,8.095,2.4941312494337993,19.50000000000003,-0.023988437914265585
8096,8.096,2.11032148480225,19.599999999999973,-0.024295182003069033
8097,8.097,1.5985422947418175,19.69999999999991,-0.024594977588011466
8098,8.098,1.3920707985982206,19.800000000000068,-0.024887797196881358
8099,8.099,1.8299642893856154,19.900000000000006,-0.025173615041851508
8100,8.1,0.6462149221718851,19.999999999999943,-0.02545240701605833
8101,8.101,1.5923936958963056,20.100000000000108,-0.025724150689822037
8102,8.102,0.9546757852915226,20.200000000000045,-0.025988825306508413
8103,8.103,1.099009869991089,20.299999999999983,-0.026246411778049112
8104,8.104000000000001,1.1889916826059421,20.40000000000014,-0.02649689268010382
8105,8.105,0.18600727041916043,20.500000000000078,-0.02674025224688186
8106,8.106,0.8312027255411207,20.600000000000023,-0.026976476365621425
8107,8.107,1.286581547827183,20.699999999999953,-0.027205552570729166
8108,8.108,0.009085723385158118,20.80000000000001,-0.027427470037582023
8109,8.109,0.3487368890478154,20.89999999999994,-0.0276422195759978
8110,8.11,1.259095061448114,20.999999999999993,-0.027849793623376376
8111,8.111,0.5800397627730092,21.100000000000044,-0.0280501862375144
8112,8.112,0.4683467809660786,21.19999999999998,-0.028243393089094817
8113,8.113,0.22033839242405817,21.29999999999992,-0.02842941145386042
8114,8.114,0.7660278618997458,21.400000000000084,-0.02860824020447008
8115,8.115,0.5521161304937592,21.50000000000002,-0.02877987980203933
8116,8.116,0.82252005722152,21.59999999999995,-0.028944332287378943
8117,8.117,0.2934765019032508,21.700000000000124,-0.029101601271921254
8118,8.118,-0.30750192030637213,21.800000000000054,-0.02925169192834897
8119,8.119,0.032738817584294755,21.89999999999999,-0.02939461098092513
8120,8.120000000000001,0.781737917142223,22.000000000000043,-0.029530366695529997
8121,8.121,0.6891455524904606,22.100000000000094,-0.02965896886940438
8122,8.122,0.3375104661503311,22.20000000000003,-0.02978042882061269
8123,8.123,0.30454168363323614,22.29999999999997,-0.02989475937721707
8124,8.124,0.5399218041265791,22.40000000000002,-0.030001974866178376
8125,8.125,-0.21271321022623557,22.499999999999957,-0.03010209110197896
8126,8.126,-0.00781046329218163,22.599999999999895,-0.030195125374978073
8127,8.127,-0.6767768782923129,22.700000000000053,-0.030281096439498806
8128,8.128,-0.4965716267639899,22.799999999999997,-0.030360024501654294
8129,8.129,0.3710325104527142,22.899999999999935,-0.030431931206915695
8130,8.13,-0.14203572678273263,23.000000000000092,-0.03049683962742559
8131,8.131,-0.21696464882858243,23.100000000000037,-0.030554774249062947
8132,8.132,-0.26345154184080155,23.199999999999967,-0.030605760958262014
8133,8.133000000000001,-0.8160046925127701,23.300000000000132,-0.030649827028591425
8134,8.134,-0.17867576282672804,23.40000000000007,-0.030687001107094526
8135,8.135,-0.33259949014816487,23.500000000000014,-0.030717313200400467
8136,8.136000000000001,-1.3647849924401196,23.60000000000006,-0.030740794660604198
8137,8.137,-0.08220825053462688,23.699999999999996,-0.03075747817092574
8138,8.138,-0.6624347427594656,23.800000000000047,-0.030767397731148484
8139,8.139,-0.9020846072140887,23.899999999999984,-0.03077058864284468
8140,8.14,-1.2799373630142354,24.000000000000036,-0.030767087494388893
8141,8.141,-0.4733903522984072,24.099999999999966,-0.030756932145768075
8142,8.142,-0.5731360202896123,24.19999999999991,-0.03074016171318898
8143,8.143,-1.0179295372532033,24.300000000000068,-0.030716816553490022
8144,8.144,-0.2684259850359878,24.400000000000013,-0.030686938248361308
8145,8.145,-1.2827559209171562,24.499999999999943,-0.030650569588376822
8146,8.146,-0.6968635402632828,24.600000000000115,-0.030607754556844693
8147,8.147,-1.1090546376255555,24.700000000000045,-0.030558538313479225
8148,8.148,-1.4368569825418023,24.799999999999983,-0.030502967177899572
8149,8.149000000000001,-0.8687538509751085,24.900000000000034,-0.030441088612959313
8150,8.15,-1.3589215232328262,25.000000000000085,-0.030372951207913376
8151,8.151,-2.224712013488562,25.100000000000023,-0.030298604661423697
8152,8.152000000000001,-1.4809591400893263,25.200000000000067,-0.030218099764412074
8153,8.153,-1.3849097337133973,25.30000000000001,-0.03013148838276239
8154,8.154,-1.4488538784391498,25.39999999999995,-0.03003882343987703
8155,8.155,-2.212026111986257,25.49999999999988,-0.0299401588990939
8156,8.156,-2.112083197067552,25.600000000000044,-0.02983554974596717
8157,8.157,-1.5706288520287757,25.69999999999998,-0.029725051970417575
8158,8.158,-0.5965429652232639,25.799999999999926,-0.029608722548755108
8159,8.159,-1.2363537871342494,25.900000000000084,-0.029486619425581284
8160,8.16,-1.9549630331779155,26.00000000000003,-0.029358801495575654
8161,8.161,-0.8050479558118422,26.09999999999996,-0.029225328585167267
8162,8.162,-2.0023445475277217,26.200000000000124,-0.02908626143410156
8163,8.163,-0.7122117032502608,26.30000000000006,-0.028941661676904224
8164,8.164,-0.10314997929623371,26.4,-0.028791591824245757
8165,8.165000000000001,-1.0370116559836102,26.50000000000005,-0.028636115244214364
8166,8.166,-0.4410189734784028,26.59999999999998,-0.028475296143501097
8167,8.167,0.8888824654906183,26.70000000000004,-0.028309199548498795
8168,8.168000000000001,0.6950743934557575,26.80000000000009,-0.02813789128632458
8169,8.169,1.0610429385763873,26.900000000000027,-0.027961437965767992
8170,8.17,1.2148944022856552,26.999999999999957,-0.02777990695816734
8171,8.171,1.184854935433885,27.099999999999902,-0.027593366378224158
8172,8.172,0.6849341051161033,27.20000000000006,-0.027401885064755046
8173,8.173,1.3853229439375743,27.299999999999997,-0.02720553256139134
8174,8.174,1.8113484166956917,27.399999999999935,-0.027004379097223058
8175,8.175,1.0165488663590736,27.5000000000001,-0.026798495567401034
8176,8.176,2.125713101583755,27.600000000000037,-0.02658795351369655
8177,8.177,1.780622891707892,27.699999999999974,-0.02637282510502174
8178,8.178,1.0470240944980387,27.80000000000014,-0.026153183117919768
8179,8.179,1.2958631334686868,27.90000000000007,-0.025929100917028814
8180,8.18,1.67409238252764,28.00000000000001,-0.02570065243551737
8181,8.181000000000001,1.7404385686141108,28.100000000000062,-0.025467912155506593
8182,8.182,1.7228498188350192,28.2,-0.025230955088476517
8183,8.183,0.6737190051771726,28.29999999999994,-0.024989856755660206
8184,8.184000000000001,1.6752426292908051,28.400000000000098,-0.02474469316843625
8185,8.185,0.39784203888876757,28.50000000000004,-0.024495540808719532
8186,8.186,0.7075054568798218,28.599999999999973,-0.02424247660935351
8187,8.187,0.6540885933850926,28.69999999999991,-0.02398557793451286
8188,8.188,0.9680778050819383,28.80000000000007,-0.023724922560118124
8189,8.189,1.3135911246257737,28.900000000000013,-0.023460588654267565
8190,8.19,0.6931821576957801,28.99999999999995,-0.02319265475768773
8191,8.191,0.4142809388888488,29.10000000000011,-0.02292119976421144
8192,8.192,0.04673254336197297,29.20000000000005,-0.022646302901287753
8193,8.193,0.8616772148927325,29.299999999999983,-0.022368043710518724
8194,8.194,1.0021319981525907,29.40000000000004,-0.022086502028241573
8195,8.195,0.6412719174378223,29.49999999999997,-0.02180175796615046
8196,8.196,0.5364453095198386,29.60000000000003,-0.021513891891961675
8197,8.197000000000001,0.3336783237081242,29.700000000000074,-0.021222984410134066
8198,8.198,0.5345255309909471,29.80000000000001,-0.020929116342641992
8199,8.199,0.19853525893396406,29.899999999999952,-0.02063236870980516
8200,8.2,0.38165362594565916,29.999999999999886,-0.020332822711182984
8201,8.201,-0.5307466851897064,30.10000000000005,-0.02003055970653553
8202,8.202,0.2644305945860507,30.199999999999985,-0.019725661196854923
8203,8.203,0.8514428920196959,30.299999999999923,-0.0194182088054689
8204,8.204,0.8768297562997511,30.400000000000084,-0.019108284259223902
8205,8.205,0.40733938926308855,30.50000000000003,-0.018795969369754112
8206,8.206,0.14865943580462535,30.599999999999962,-0.018481346014826858
8207,8.207,-0.6454792839993879,30.70000000000013,-0.01816449611978688
8208,8.208,-0.013541282332985863,30.80000000000006,-0.017845501639089788
8209,8.209,0.247642643264087,30.900000000000002,-0.017524444537930884
8210,8.21,-0.52055806355751,31.000000000000053,-0.017201406773975716
8211,8.211,0.014272847426552632,31.099999999999987,-0.01687647027919775
8212,8.212,-0.14780472082333324,31.199999999999925,-0.016549716941817408
8213,8.213000000000001,-0.9658305880706093,31.300000000000086,-0.01622122858835531
8214,8.214,-0.2806906173534606,31.40000000000003,-0.01589108696580375
8215,8.215,-0.5499919373621454,31.499999999999964,-0.015559373723905942
8216,8.216,-0.4140139982901927,31.5999999999999,-0.015226170397566975
8217,8.217,-0.5399393808102485,31.700000000000063,-0.014891558389381195
8218,8.218,-0.3246554529881436,31.799999999999997,-0.014555618952295055
8219,8.219,-0.9607633316430496,31.89999999999994,-0.014218433172390191
8220,8.22,-0.2870836262872297,32.0000000000001,-0.013880081951810598
8221,8.221,-0.33633983678971596,32.10000000000004,-0.013540645991822437
8222,8.222,-0.3165168794916222,32.199999999999974,-0.013200205776012717
8223,8.223,-0.3193280659823423,32.300000000000026,-0.012858841553632287
8224,8.224,-0.8576014553977951,32.39999999999996,-0.012516633323088305
8225,8.225,0.005557585692206768,32.500000000000014,-0.012173660815579376
8226,8.226,-1.822580846881373,32.600000000000065,-0.011830003478885772
8227,8.227,-0.6420505581682598,32.7,-0.0114857404613185
8228,8.228,-0.36966774917676226,32.79999999999994,-0.011140950595815186
8229,8.229000000000001,-1.0770997041945307,32.900000000000105,-0.010795712384206724
8230,8.23,-0.9379708803734859,33.00000000000004,-0.010450103981641925
8231,8.231,-0.7172979793335759,33.09999999999998,-0.01010420318117634
8232,8.232,-0.9679261005577946,33.19999999999992,-0.009758087398530622
8233,8.233,-1.6635670834138587,33.300000000000075,-0.009411833657020375
8234,8.234,-1.3307316089988654,33.40000000000002,-0.009065518572657801
8235,8.235,-1.2176664643997415,33.49999999999996,-0.008719218339426833
8236,8.236,-1.8326719207532878,33.600000000000115,-0.008373008714737134
8237,8.237,-1.6281443842804604,33.70000000000005,-0.008026965005061145
8238,8.238,-1.6800223928390117,33.79999999999998,-0.007681162051746742
8239,8.239,-1.0692001515783567,33.90000000000005,-0.007335674217019044
8240,8.24,-2.292618453545354,33.99999999999998,-0.006990575370168405
8241,8.241,-1.0902872555060594,34.099999999999916,-0.006645938873922151
8242,8.242,-1.2954676104650316,34.200000000000074,-0.006301837571013126
8243,8.243,-1.6947395313738987,34.30000000000001,-0.005958343770937433
8244,8.244,-0.14206429595469694,34.399999999999956,-0.005615529236905185
8245,8.245000000000001,-1.2876449215217765,34.500000000000114,-0.005273465172988323
8246,8.246,-0.7891028352001126,34.60000000000005,-0.004932222211471565
8247,8.247,-0.4236952677337979,34.69999999999999,-0.0045918704003917845
8248,8.248,0.18675926717576985,34.799999999999926,-0.004252479191290658
8249,8.249,-0.9309778998593219,34.90000000000009,-0.003914117427161082
8250,8.25,-0.4302227704327697,35.00000000000003,-0.003576853330607319
8251,8.251,0.2601611323019113,35.099999999999966,-0.0032407544921994407
8252,8.252,0.5364407614427721,35.20000000000002,-0.0029058878590464484
8253,8.253,0.9175000986639463,35.30000000000007,-0.0025723197235734286
8254,8.254,1.3181078549466947,35.400000000000006,-0.0022401157125063846
8255,8.255,1.2353369503367069,35.50000000000006,-0.0019093407760745358
8256,8.256,1.511703454997305,35.599999999999994,-0.0015800591774222338
8257,8.257,1.4342628610430042,35.69999999999993,-0.0012523344822338545
8258,8.258000000000001,1.6655574254995653,35.80000000000009,-0.0009262295485745743
8259,8.259,0.4125364073975617,35.90000000000003,-0.0006018065169524413
8260,8.26,1.5690872384649543,35.99999999999997,-0.0002791268005868409
8261,8.261000000000001,1.7700577889229563,36.10000000000013,4.174892409397619e-05
8262,8.262,1.4053679721378884,36.20000000000007,0.00036076072674136686
8263,8.263,1.8930078659536365,36.30000000000001,0.0006778494321554079
8264,8.264,2.158615115420968,36.39999999999994,0.0009929566291319615
8265,8.265,1.3543179756198476,36.50000000000011,0.0013060246790869785
8266,8.266,0.7342353664864906,36.60000000000004,0.0016169967244595764
8267,8.267,1.46565953048375,36.699999999999974,0.0019258166968953076
8268,8.268,0.6937376027158881,36.800000000000026,0.0022324293252004492
8269,8.269,1.687515158555893,36.89999999999997,0.002536780143075512
8270,8.27,0.9390513753730576,36.9999999999999,0.002838815496625112
8271,8.271,0.9134199582286693,37.100000000000065,0.003138482551642435
8272,8.272,1.0928693742142102,37.2,0.003435729300663709
8273,8.273,1.2076757009612153,37.29999999999994,0.0037305045698072838
8274,8.274000000000001,1.074590960068587,37.400000000000105,0.004022758025376784
8275,8.275,0.5534000477283221,37.50000000000004,0.004312440180243125
8276,8.276,0.9156980221648368,37.59999999999998,0.0045995024000007765
8277,8.277000000000001,0.6578947463243733,37.700000000000145,0.004883896908897056
8278,8.278,0.9588045048611537,37.80000000000008,0.0051655767955321895
8279,8.279,0.4617448083801072,37.90000000000002,0.00544449601833849
8280,8.28,0.5504183278266351,37.99999999999996,0.005720609410828727
8281,8.281,0.7580588521752141,38.1,0.005993872686621811
8282,8.282,-0.03149653166165417,38.20000000000005,0.006264242444237978
8283,8.283,0.5088364748242666,38.29999999999999,0.006531676171673417
8284,8.284,0.33900611685567394,38.40000000000004,0.006796132250747189
8285,8.285,1.1601003830367569,38.499999999999986,0.0070575699612189
8286,8.286,0.3264866308444119,38.59999999999992,0.007315949484690638
8287,8.287,-0.4234118128485175,38.70000000000008,0.007571231908275242
8288,8.288,-0.10327656577900957,38.80000000000002,0.007823379228045102
8289,8.289,-0.1458637181893252,38.89999999999995,0.008072354352257565
8290,8.290000000000001,0.46598499817570027,39.00000000000012,0.008318121104356901
8291,8.291,-0.006671988165568819,39.10000000000005,0.008560644225751299
8292,8.292,-0.136169784961865,39.19999999999999,0.008799889378372798
8293,8.293000000000001,-0.07184031060272772,39.30000000000016,0.009035823147012782
8294,8.294,-0.6523489852301613,39.40000000000009,0.009268413041437341
8295,8.295,-0.23944076650544988,39.50000000000003,0.009497627498286162
8296,8.296,-0.5214493370702381,39.599999999999966,0.009723435882748044
8297,8.297,-0.37553451665832804,39.70000000000002,0.009945808490023533
8298,8.298,0.11743395955620006,39.799999999999955,0.010164716546564614
8299,8.299,-0.28999820312431224,39.89999999999989,0.010380132211106593
8300,8.3,0.01414063936891563,40.00000000000006,0.01059202857547729
8301,8.301,0.026554020364012887,40.099999999999994,0.010800379665196196
8302,8.302,-0.31248798866856864,40.19999999999993,0.011005160439860894
8303,8.303,-0.7739771137704965,40.3000000000001,0.011206346793321694
8304,8.304,-0.06834479003106453,40.400000000000034,0.011403915553642296
8305,8.305,-0.7497671650342799,40.49999999999997,0.011597844482858367
8306,8.306000000000001,-1.0602560472849336,40.600000000000136,0.01178811227652075
8307,8.307,0.36119154947666887,40.700000000000074,0.011974698563035685
8308,8.308,-0.9152457976067122,40.800000000000004,0.01215758390280055
8309,8.309000000000001,-0.838956206214931,40.900000000000055,0.012336749787132457
8310,8.31,-0.5004723205157903,40.99999999999999,0.012512178636996267
8311,8.311,-0.7769163096908331,41.100000000000044,0.012683853801531619
8312,8.312,-0.7931862977032713,41.19999999999998,0.012851759556380045
8313,8.313,-0.8438854687683641,41.30000000000003,0.013015881101812916
8314,8.314,-1.5214525045952163,41.39999999999996,0.013176204560663807
8315,8.315,-1.4758047503611473,41.49999999999991,0.013332716976066266
8316,8.316,-1.4488233615069133,41.60000000000007,0.013485406308998273
8317,8.317,-1.6905968271366199,41.7,0.013634261435632119
8318,8.318,-1.6451481248996642,41.79999999999994,0.013779272144500176
8319,8.319,-2.0273188131255475,41.900000000000105,0.013920429133466463
8320,8.32,-1.9806504102249727,42.00000000000004,0.014057724006514888
8321,8.321,-1.5139934915292352,42.09999999999998,0.014191149270353356
8322,8.322000000000001,-1.3267755587175856,42.200000000000145,0.01432069833083277
8323,8.323,-1.782562988353486,42.30000000000008,0.014446365489186553
8324,8.324,-1.936665136509019,42.40000000000002,0.01456814593809121
8325,8.325,-1.559321447742187,42.49999999999996,0.01468603575754957
8326,8.326,-1.9507448213949972,42.60000000000001,0.014800031910598137
8327,8.327,-0.5460172923826031,42.699999999999946,0.014910132238841831
8328,8.328,-1.3277319231831026,42.8,0.01501633545781791
8329,8.329,-0.8723457587207631,42.90000000000005,0.015118641152190656
8330,8.33,-0.5230868409123904,42.999999999999986,0.015217049770777032
8331,8.331,-0.41995124712802856,43.09999999999992,0.015311562621411322
8332,8.332,-0.45035433776508066,43.20000000000009,0.01540218186564268
8333,8.333,-0.7541398375079125,43.30000000000002,0.015488910513274494
8334,8.334,-0.2533946052327712,43.399999999999956,0.015571752416744432
8335,8.335,0.8108267452898777,43.50000000000013,0.01565071226534859
8336,8.336,0.4240333632937022,43.60000000000006,0.015725795579310007
8337,8.337,0.6092500029251113,43.699999999999996,0.015797008703697036
8338,8.338000000000001,0.9880559081661773,43.80000000000005,0.015864358802191426
8339,8.339,0.9101954776972705,43.9000000000001,0.01592785385070758
8340,8.34,0.8897742099843735,44.000000000000036,0.0159875026308697
8341,8.341,1.1810981777244118,44.099999999999966,0.01604331472334281
8342,8.342,1.9901307189671937,44.20000000000002,0.016095300501026023
8343,8.343,1.9548776788233422,44.299999999999955,0.016143471122105325
8344,8.344,1.5869412774232527,44.3999999999999,0.01618783852297334
8345,8.345,1.652462698390519,44.50000000000006,0.01622841541101294
8346,8.346,2.1052632650262595,44.599999999999994,0.01626521525725195
8347,8.347,1.7152944351235366,44.69999999999994,0.016298252288888253
8348,8.348,1.6184788222558433,44.8000000000001,0.01632754148168967
8349,8.349,1.629646415283025,44.900000000000034,0.01635309855226908
8350,8.35,0.7295849267077525,44.99999999999997,0.016374939950239253
8351,8.351,1.5625984851935857,45.100000000000136,0.01639308285024906
8352,8.352,1.4803162536628935,45.200000000000074,0.016407545143902472
8353,8.353,1.3302045760251313,45.30000000000001,0.0164183454315654
8354,8.354000000000001,1.2877964349048332,45.40000000000006,0.016425503014059754
8355,8.355,0.13476263148084922,45.5,0.01642903788425014
8356,8.356,1.0126405913025378,45.59999999999993,0.016428970718523506
8357,8.357,0.19743227958519383,45.69999999999999,0.016425322868166087
8358,8.358,0.6446522553123096,45.80000000000004,0.016418116350638293
8359,8.359,-0.03055100337612271,45.89999999999997,0.01640737384075224
8360,8.36,1.4306773679856875,45.99999999999991,0.016393118661752398
8361,8.361,0.3871025709427218,46.10000000000007,0.01637537477630375
8362,8.362,1.1259540502803378,46.20000000000001,0.01635416677738873
8363,8.363,0.7092025701668772,46.29999999999995,0.016329519879115958
8364,8.364,0.5019299381248875,46.40000000000011,0.016301459907443756
8365,8.365,0.5434168593277799,46.50000000000005,0.01627001329082075
8366,8.366,0.7314776113129263,46.59999999999998,0.016235207050745683
8367,8.367,1.0652010469316149,46.70000000000004,0.01619706879224966
8368,8.368,0.22977937543555726,46.80000000000009,0.016155626694303787
8369,8.369,0.35025906093296477,46.90000000000002,0.01611090950015321
8370,8.370000000000001,0.6984978382537457,47.00000000000007,0.016062946507582263
8371,8.371,0.21244330966535296,47.10000000000001,0.01601176755911199
8372,8.372,0.3499638252768419,47.199999999999946,0.01595740303213237
8373,8.373,-0.442002536724525,47.29999999999988,0.015899883828973355
8374,8.374,-0.06625834971970246,47.40000000000005,0.015839241366915845
8375,8.375,-0.4725391217318493,47.499999999999986,0.015775507568146368
8376,8.376,-0.8132145489398883,47.59999999999992,0.01570871484965642
8377,8.377,0.3573755945378191,47.70000000000009,0.015638896113091254
8378,8.378,0.12613635568423143,47.800000000000026,0.015566084734549434
8379,8.379,0.0035920505599706942,47.89999999999996,0.01549031455433502
8380,8.38,-0.7381309313995645,48.00000000000012,0.015411619866666866
8381,8.381,-0.5585299366580355,48.100000000000065,0.01533003540934661
8382,8.382,-0.04457216380072582,48.2,0.015245596353386959
8383,8.383000000000001,-0.3452957148712591,48.300000000000054,0.015158338292604734
8384,8.384,0.19798343011449815,48.399999999999984,0.015068297233180813
8385,8.385,-0.6389634992316945,48.49999999999992,0.014975509583187063
8386,8.386000000000001,-0.5895727116140883,48.600000000000094,0.014880012142086993
8387,8.387,-0.19979599279614974,48.700000000000024,0.014781842090209692
8388,8.388,-0.9813892542505126,48.79999999999996,0.014681036978199795
8389,8.389,-0.7832458606006777,48.8999999999999,0.014577634716447112
8390,8.39,-0.6420515165702123,49.000000000000064,0.014471673564498107
8391,8.391,-0.8182685848579118,49.1,0.014363192120451722
8392,8.392,-1.0571753670512565,49.19999999999993,0.014252229310340406
8393,8.393,-0.6097489924602668,49.300000000000104,0.014138824377501948
8394,8.394,-0.5408408592128944,49.400000000000034,0.014023016871942658
8395,8.395,-0.6545748065289324,49.49999999999997,0.013904846639693368
8396,8.396,-1.362847435815571,49.60000000000002,0.013784353812162888
8397,8.397,-1.2851834496741352,49.700000000000074,0.013661578795491548
8398,8.398,-1.0327361900272938,49.80000000000001,0.013536562259902836
8399,8.399000000000001,-0.7422295345927845,49.90000000000006,0.013409345129062075
8400,8.4,-1.3864405850973984,50.0,0.013279968569440019
8401,8.401,-1.427743445880657,50.09999999999994,0.013148473979684161
8402,8.402000000000001,-0.5508914938785554,50.2000000000001,0.013014902980001505
8403,8.403,-1.383512199436263,50.30000000000004,0.012879297401555884
8404,8.404,-1.822449809256395,50.39999999999998,0.012741699275878008
8405,8.405,-1.7201913463900707,50.499999999999915,0.012602150824295935
8406,8.406,-2.0728825361639607,50.60000000000007,0.012460694447383595
8407,8.407,-1.6795821571253022,50.70000000000002,0.012317372714434144
8408,8.408,-1.8664659159823143,50.799999999999955,0.012172228352955073
8409,8.409,-1.473566265511956,50.90000000000011,0.01202530423819179
8410,8.41,-0.6683335313518719,51.00000000000006,0.011876643382681625
8411,8.411,-1.1433427924765356,51.09999999999999,0.011726288925835071
8412,8.412,-1.0072016750569184,51.20000000000004,0.011574284123554664
8413,8.413,-1.658803490811507,51.299999999999976,0.01142067233788769
8414,8.414,-1.0933551115004132,51.40000000000003,0.011265497026715893
8415,8.415000000000001,-1.24772843430963,51.50000000000008,0.011108801733485607
8416,8.416,0.07386702014714519,51.600000000000016,0.010950630076981915
8417,8.417,0.13717575760238154,51.699999999999946,0.010791025741142015
8418,8.418000000000001,0.4779698357110858,51.80000000000011,0.01063003246491945
8419,8.419,0.38366314552207753,51.900000000000055,0.010467694032194363
8420,8.42,0.3960358072640491,51.999999999999986,0.010304054261732379
8421,8.421,0.5577755168177935,52.09999999999992,0.010139156997198615
8422,8.422,1.2698082591209876,52.20000000000009,0.00997304609722251
8423,8.423,0.7496692302854345,52.300000000000026,0.009805765425522391
8424,8.424,2.0147671440982613,52.39999999999996,0.009637358841082532
8425,8.425,1.8614569491549828,52.50000000000013,0.009467870188394966
8426,8.426,1.9130212523784003,52.600000000000065,0.009297343287760695
8427,8.427,1.664662056771829,52.7,0.00912582192565353
8428,8.428,1.9789862746107685,52.800000000000054,0.00895334984514974
8429,8.429,1.5920358926949105,52.89999999999999,0.008779970736427046
8430,8.43,2.068239036601902,52.99999999999993,0.00860572822732699
8431,8.431000000000001,1.5192780996376236,53.10000000000009,0.008430665873993132
8432,8.432,1.319378300481005,53.20000000000003,0.008254827151579026
8433,8.433,1.1992693790176634,53.29999999999997,0.008078255445028635
8434,8.434000000000001,1.2068945674211233,53.40000000000013,0.007900994039935145
8435,8.435,0.6376221651159173,53.500000000000064,0.007723086113475399
8436,8.436,0.8632209532262992,53.6,0.0075445747254222605
8437,8.437,0.3434425558117261,53.69999999999994,0.007365502809238015
8438,8.438,0.8086742400588978,53.800000000000104,0.007185913163250157
8439,8.439,1.2225399093930396,53.90000000000004,0.0070058484419099655
8440,8.44,0.8662783370799246,53.99999999999998,0.006825351147134885
8441,8.441,0.2636713190456522,54.10000000000003,0.006644463619737704
8442,8.442,0.3137042768941788,54.19999999999997,0.006463228030946021
8443,8.443,0.38720044901739425,54.30000000000002,0.006281686374004969
8444,8.444,0.2525985423550298,54.40000000000007,0.006099880455876138
8445,8.445,0.3981746715663261,54.5,0.005917851889025631
8446,8.446,0.43983863941820633,54.59999999999994,0.005735642083304611
8447,8.447000000000001,0.6212011157102227,54.7000000000001,0.00555329223792497
8448,8.448,0.630843205801122,54.80000000000004,0.005370843333532232
8449,8.449,0.5899508872653243,54.89999999999998,0.005188336124372062
8450,8.45,-0.0730442475358517,54.999999999999915,0.005005811130556689
8451,8.451,0.7357859727563092,55.10000000000008,0.004823308630430909
8452,8.452,1.0875362165550526,55.20000000000002,0.00464086865303786
8453,8.453,0.4144812866598068,55.299999999999955,0.004458530970685352
8454,8.454,0.8582501222078608,55.40000000000012,0.004276335091615153
8455,8.455,-0.31342705668505755,55.50000000000005,0.004094320252778613
8456,8.456,-0.039750417418000034,55.599999999999994,0.003912525412710869
8457,8.457,-0.4233906595651488,55.70000000000004,0.003730989244516571
8458,8.458,0.10095070978914358,55.79999999999998,0.0035497501289593262
8459,8.459,-0.16700385546017327,55.89999999999991,0.0033688461476581535
8460,8.46,-0.5432037777001677,56.00000000000008,0.0031883150763929004
8461,8.461,-0.3541307813814562,56.100000000000016,0.0030081943785205314
8462,8.462,-0.29362727879178097,56.19999999999995,0.002828521198498274
8463,8.463000000000001,0.2505103363155251,56.30000000000012,0.0026493323555190846
8464,8.464,-0.38270302537177114,56.400000000000055,0.002470664337261247
8465,8.465,-0.2655127585686662,56.49999999999999,0.0022925532937444803
8466,8.466,0.12294525653801536,56.59999999999993,0.0021150350313053207
8467,8.467,-0.25368796567175345,56.70000000000009,0.0019381450066814404
8468,8.468,0.7245469417928257,56.80000000000003,0.0017619183212151984
8469,8.469,0.18828707890604446,56.89999999999996,0.001586389715166016
8470,8.47,-0.7704837910701701,57.00000000000002,0.0014115935621442578
8471,8.471,-0.39258209650708753,57.09999999999995,0.0012375638636585467
8472,8.472,-0.3361188658182547,57.2,0.0010643342437794395
8473,8.473,-0.8869557802730064,57.300000000000054,0.0008919379439209252
8474,8.474,-1.2988659807897824,57.39999999999999,0.0007204078177412656
8475,8.475,-0.39704477565782714,57.49999999999993,0.0005497763261589673
8476,8.476,-0.1261711733535038,57.600000000000094,0.0003800755324887028
8477,8.477,-0.8520378383223771,57.70000000000003,0.00021133709769867077
8478,8.478,0.13475225673029856,57.79999999999996,4.3592275781618874e-05
8479,8.479000000000001,-0.596913179610296,57.900000000000134,-0.00012312809074882945
8480,8.48,-1.256761718192067,58.00000000000007,-0.0002887935752445756
8481,8.481,-0.825501957914314,58.1,-0.0004533741711895446
8482,8.482,-1.0021674954906892,58.199999999999946,-0.0006168402963450696
8483,8.483,-0.8909138194766724,58.300000000000104,-0.0007791627967739653
8484,8.484,-0.6508535760859278,58.40000000000004,-0.0009403129507444222
8485,8.485,-1.1821220559198564,58.49999999999998,-0.0011002624725135112
8486,8.486,-0.7865654907993986,58.60000000000003,-0.0012589835159890863
8487,8.487,-2.013201330429159,58.69999999999997,-0.001416448678268906
8488,8.488,-2.2204747320534373,58.799999999999905,-0.0015726310030614245
8489,8.489,-1.7337924063715435,58.90000000000007,-0.0017275039839830541
8490,8.49,-2.31556037688134,59.00000000000001,-0.0018810415677341472
8491,8.491,-1.7869590431346425,59.099999999999945,-0.0020332181571557175
8492,8.492,-1.8673986500747906,59.2000000000001,-0.00218400861416201
8493,8.493,-1.3461238320296236,59.30000000000005,-0.0023333882625534087
8494,8.494,-1.7331347646764015,59.399999999999984,-0.002481332890708605
8495,8.495000000000001,-0.9829096017475427,59.50000000000014,-0.0026278187541555176
8496,8.496,-0.7617269852520405,59.60000000000008,-0.0027728225780189993
8497,8.497,-0.7539825368818652,59.70000000000002,-0.0029163215593528847
8498,8.498,0.08701407550801588,59.799999999999955,-0.003058293369346263
8499,8.499,-0.5742846175313812,59.900000000000006,-0.0031987161554136562
8500,8.5,-0.24571574600830368,60.00000000000006,-0.003337568543161163
8501,8.501,0.3273809692507974,60.09999999999999,-0.0034748296382380995
8502,8.502,0.1817207212297598,60.200000000000045,-0.003610479028064279
8503,8.503,0.821063133301616,60.299999999999976,-0.0037444967834406448
8504,8.504,1.1365061818790665,60.39999999999992,-0.0038768634600420213
8505,8.505,0.7017136937777835,60.50000000000008,-0.0040075600997892665
8506,8.506,2.0354011729346055,60.60000000000002,-0.004136568232104891
8507,8.507,1.2933475313348126,60.69999999999995,-0.004263869875051495
8508,8.508000000000001,1.4322868462262979,60.800000000000125,-0.004389447536353061
8509,8.509,1.2444149765253738,60.900000000000055,-0.004513284214297579
8510,8.51,1.947378582380475,60.99999999999999,-0.004635363398528081
8511,8.511000000000001,1.5492721909018283,61.100000000000044,-0.004755669070713696
8512,8.512,2.5081831939732413,61.20000000000009,-0.004874185705108083
8513,8.513,0.9194335502736133,61.30000000000003,-0.00499089826899341
8514,8.514,2.217597530252576,61.39999999999997,-0.005105792223010377
8515,8.515,1.4583605721288606,61.50000000000002,-0.005218853521374298
8516,8.516,1.744228390573781,61.59999999999996,-0.005330068611979402
8517,8.517,1.494526802367566,61.69999999999989,-0.005439424436392133
8518,8.518,1.3643525535069116,61.800000000000054,-0.005546908429731361
8519,8.519,1.0260694549423106,61.89999999999999,-0.005652508520439362
8520,8.52,0.4203164962852103,61.999999999999936,-0.005756213129943202
8521,8.521,0.8113202182959992,62.100000000000094,-0.0058580111722070964
8522,8.522,0.4228843078664216,62.20000000000004,-0.00595789205317477
8523,8.523,0.49214172379714216,62.29999999999997,-0.006055845670108055
8524,8.524000000000001,0.3476923987424558,62.400000000000134,-0.006151862410815161
8525,8.525,0.04749630216345668,62.50000000000007,-0.006245933152775087
8526,8.526,0.6807555652846853,62.600000000000016,-0.006338049262156991
8527,8.527000000000001,0.45377041719326583,62.70000000000006,-0.006428202592735452
8528,8.528,0.8958987082188876,62.79999999999999,-0.006516385484701406
8529,8.529,-0.8550376687846806,62.90000000000005,-0.00660259076337261
8530,8.53,0.04586603480437307,62.99999999999998,-0.00668681173780132
8531,8.531,0.08840685726800179,63.10000000000004,-0.006769042199282656
8532,8.532,-0.026602713795500332,63.19999999999997,-0.00684927641976196
8533,8.533,-0.3882793942035869,63.299999999999905,-0.006927509150145305
8534,8.534,0.225714061132863,63.40000000000007,-0.007003735618511943
8535,8.535,0.3317035013478108,63.5,-0.007077951528228831
8536,8.536,0.5782630887084877,63.599999999999945,-0.007150153055972629
8537,8.537,0.09995487454352123,63.70000000000012,-0.007220336849654206
8538,8.538,0.01637778576268159,63.80000000000005,-0.007288500026251411
8539,8.539,-0.8308985115319547,63.899999999999984,-0.007354640169549266
8540,8.540000000000001,-0.29076328111844385,64.00000000000014,-0.007418755327789049
8541,8.541,-0.47229083839892894,64.10000000000008,-0.007480844011225845
8542,8.542,0.4153576857485939,64.20000000000003,-0.0075409051895995735
8543,8.543000000000001,-0.39879256860948353,64.30000000000007,-0.007598938289515614
8544,8.544,0.3972739915052712,64.4,-0.007654943191739858
8545,8.545,-0.8101489100965475,64.49999999999994,-0.007708920228408439
8546,8.546,0.16489326219631067,64.59999999999988,-0.007760870180151633
8547,8.547,0.008602954360003134,64.70000000000005,-0.007810794273136103
8548,8.548,0.27247033007012234,64.79999999999998,-0.007858694176023138
8549,8.549,-0.3491394718373911,64.89999999999992,-0.00790457199684821
8550,8.55,-0.49777078162988764,65.00000000000009,-0.00794843027981861
8551,8.551,-0.5743692689250994,65.10000000000002,-0.007990272002033958
8552,8.552,-0.29858384130140336,65.19999999999996,-0.00803010057012891
8553,8.553,-0.6512108132561204,65.30000000000013,-0.008067919816840297
8554,8.554,-0.5882204615461706,65.40000000000006,-0.008103733997498277
8555,8.555,0.020048033552610756,65.5,-0.008137547786445824
8556,8.556000000000001,-0.2856275693308669,65.60000000000005,-0.008169366273384122
8557,8.557,-0.6804677950424569,65.69999999999999,-0.008199194959648048
8558,8.558,-0.9872722209740379,65.80000000000004,-0.008227039754411875
8559,8.559000000000001,-0.9237199363097754,65.90000000000008,-0.008252906970825915
8560,8.56,-1.5579371550904306,66.00000000000003,-0.008276803322086778
8561,8.561,-1.0299409423094996,66.09999999999997,-0.008298735917441373
8562,8.562,-0.8305683306891225,66.19999999999989,-0.008318712258126843
8563,8.563,-1.5987466926562621,66.30000000000007,-0.008336740233246664
8564,8.564,-1.4156132699557737,66.39999999999999,-0.008352828115585567
8565,8.565,-0.5804673293055964,66.49999999999994,-0.008366984557363526
8566,8.566,-1.4763755428807688,66.6000000000001,-0.008379218585930973
8567,8.567,-2.1732727883974086,66.70000000000005,-0.008389539599405504
8568,8.568,-0.7280396640281281,66.79999999999997,-0.008397957362253029
8569,8.569,-0.9853319898572684,66.90000000000013,-0.00840448200081288
8570,8.57,-1.4618532625411154,67.00000000000007,-0.0084091239987699
8571,8.571,-1.6756895594081158,67.10000000000001,-0.008411894192573587
8572,8.572000000000001,-1.8782553024842765,67.20000000000006,-0.008412803766806577
8573,8.573,-1.3788636652165467,67.3,-0.008411864249503192
8574,8.574,-2.1383062788132032,67.39999999999993,-0.00840908750741976
8575,8.575000000000001,-1.3670906468627086,67.5000000000001,-0.008404485741258258
8576,8.576,-1.107324814477204,67.60000000000004,-0.008398071480843903
8577,8.577,-1.1239066704827654,67.69999999999997,-0.00838985758025908
8578,8.578,-1.1832614319575396,67.79999999999991,-0.008379857212934112
8579,8.579,-0.7948868975738838,67.90000000000008,-0.008368083866696917
8580,8.58,-0.7152662328636136,68.0,-0.008354551338782379
8581,8.581,-1.1868372141290684,68.09999999999995,-0.008339273730803204
8582,8.582,0.27205231046480655,68.2000000000001,-0.008322265443683467
8583,8.583,-0.8104515630583454,68.30000000000005,-0.008303541172556448
8584,8.584,-0.175511796862624,68.39999999999998,-0.008283115901627652
8585,8.585,0.47319837715147084,68.50000000000004,-0.00826100489900493
8586,8.586,0.49074006269746095,68.59999999999998,-0.008237223711497012
8587,8.587,1.0207180163076461,68.70000000000002,-0.008211788159381195
8588,8.588000000000001,1.2415327655398,68.80000000000007,-0.00818471433114256
8589,8.589,1.0794252097481833,68.9,-0.008156018578185468
8590,8.59,1.9376604814569127,68.99999999999996,-0.008125717509518475
8591,8.591,1.0741097075866173,69.09999999999988,-0.008093827986414878
8592,8.592,1.0915484069761194,69.20000000000005,-0.008060367117049442
8593,8.593,1.3069030115334517,69.29999999999998,-0.008025352251113385
8594,8.594,1.968491532273901,69.39999999999992,-0.00798880097440793
8595,8.595,2.1705257428402467,69.50000000000009,-0.007950731103419071
8596,8.596,1.5656342025436567,69.60000000000002,-0.0079111606798743
8597,8.597,2.145128571346476,69.69999999999996,-0.007870107965282046
8598,8.598,2.303615557435523,69.80000000000013,-0.007827591435456234
8599,8.599,0.9601066480536933,69.90000000000006,-0.007783629775027051
8600,8.6,1.4839397548495554,70.0,-0.0077382418719382125
8601,8.601,1.016856738349807,70.10000000000005,-0.007691446811933715
8602,8.602,0.5147905517773942,70.19999999999999,-0.007643263873034312
8603,8.603,0.8837660978345018,70.29999999999993,-0.007593712520004815
8604,8.604000000000001,1.9256364839374298,70.40000000000009,-0.007542812398814658
8605,8.605,0.5712901238430048,70.50000000000003,-0.0074905833310922815
8606,8.606,1.003178241801399,70.59999999999997,-0.007437045308574187
8607,8.607,1.4534648318608934,70.6999999999999,-0.007382218487550986
8608,8.608,0.7745608452686001,70.80000000000007,-0.007326123183311134
8609,8.609,0.5455958340381484,70.9,-0.007268779864583929
8610,8.61,0.36829085247678794,70.99999999999994,-0.007210209147982235
8611,8.611,0.7169898077531844,71.1000000000001,-0.007150431792447159
8612,8.612,0.7019008908085508,71.20000000000005,-0.007089468693696292
8613,8.613,0.5639580324955055,71.29999999999998,-0.007027340878674322
8614,8.614,0.5531357536857435,71.40000000000002,-0.006964069500010706
8615,8.615,0.59391405395561,71.50000000000007,-0.0068996758304832075
8616,8.616,0.6060343649311216,71.60000000000001,-0.006834181257488607
8617,8.617,0.9533939340159201,71.70000000000007,-0.0067676072775234505
8618,8.618,0.5104644181622723,71.8,-0.006699975490674593
8619,8.619,0.17461167687800766,71.89999999999993,-0.006631307595120625
8620,8.620000000000001,0.3927502214455984,72.0000000000001,-0.00656162538164615
8621,8.621,0.07891627436495413,72.10000000000005,-0.006490950728170734
8622,8.622,0.15948054191408437,72.19999999999997,-0.006419305594290619
8623,8.623,0.4723482385432063,72.29999999999991,-0.006346712015838631
8624,8.624,0.05837676126007816,72.40000000000008,-0.006273192099459601
8625,8.625,0.28844688899271814,72.50000000000001,-0.006198768017205739
8626,8.626,-0.558541495603534,72.59999999999995,-0.0061234620011491716
8627,8.627,-0.3416950384961043,72.70000000000012,-0.006047296338017122
8628,8.628,-0.5067804938299478,72.80000000000005,-0.0059702933638477685
8629,8.629,-0.16503427794746722,72.89999999999999,-0.005892475458668146
8630,8.63,-0.4306520336536413,73.00000000000004,-0.0058138650411969995
8631,8.631,-0.23766503503060765,73.09999999999998,-0.005734484563571938
8632,8.632,-1.0160542844816707,73.19999999999992,-0.0056543565061019365
8633,8.633000000000001,0.3223207779806302,73.30000000000008,-0.005573503372047001
8634,8.634,-0.9130823848795124,73.4,-0.005491947682426846
8635,8.635,-0.8176432711731647,73.49999999999996,-0.005409711970855985
8636,8.636000000000001,-0.4104770251105929,73.60000000000011,-0.005326818778411153
8637,8.637,-0.5163918556260422,73.70000000000006,-0.005243290648528509
8638,8.638,-0.4371122046540383,73.79999999999998,-0.005159150121932331
8639,8.639,-0.2791623274555387,73.89999999999992,-0.005074419731597006
8640,8.64,-0.18572210261313354,74.00000000000009,-0.004989121997742858
8641,8.641,-0.3110563580777726,74.10000000000002,-0.0049032794228664614
8642,8.642,-0.9569930385069707,74.19999999999996,-0.00481691448680602
8643,8.643,-0.2948740466032714,74.30000000000001,-0.0047300496418436035
8644,8.644,-1.1707615514540786,74.40000000000006,-0.0046427073078454326
8645,8.645,-1.093996213615461,74.5,-0.004554909867438896
8646,8.646,-0.3341057530601059,74.60000000000005,-0.004466679661229325
8647,8.647,-1.3656433255165816,74.69999999999999,-0.004378038983057868
8648,8.648,-0.45972411641312316,74.79999999999993,-0.004289010075297304
8649,8.649000000000001,-1.3858284526629665,74.90000000000009,-0.0041996151241921915
8650,8.65,-1.551491111112305,75.00000000000003,-0.004109876255240075
8651,8.651,-0.9657162781439868,75.09999999999997,-0.004019815528615499
8652,8.652000000000001,-1.1872580548933986,75.20000000000013,-0.003929454934638357
8653,8.653,-1.7243397744250768,75.30000000000007,-0.0038388163892875892
8654,8.654,-1.2163097569616905,75.4,-0.003747921729758675
8655,8.655,-1.53686122578989,75.49999999999994,-0.003656792710068554
8656,8.656,-2.1606906373443273,75.60000000000011,-0.003565450996706429
8657,8.657,-1.7652142598219451,75.70000000000003,-0.0034739181643333467
8658,8.658,-1.6356060660990612,75.79999999999998,-0.0033822156915283286
8659,8.659,-1.1315658239083466,75.90000000000002,-0.0032903649565840555
8660,8.66,-1.6203359823212495,75.99999999999997,-0.0031983872333533297
8661,8.661,-1.481600692454961,76.09999999999991,-0.0031063036871427046
8662,8.662,-1.1467951855014404,76.20000000000007,-0.0030141353706597735
8663,8.663,-1.3145478060530613,76.30000000000001,-0.0029219032200104495
8664,8.664,-0.6094521363373445,76.39999999999993,-0.002829628050747901
8665,8.665000000000001,-0.19402163751662516,76.5000000000001,-0.002737330553974238
8666,8.666,-0.6243247539700756,76.60000000000004,-0.0026450312924965738
8667,8.667,0.4356273409585198,76.69999999999999,-0.002552750697033726
8668,8.668000000000001,0.7929571352166189,76.80000000000014,-0.0024605090624799167
8669,8.669,0.9141661220925725,76.90000000000008,-0.0023683265442218794
8670,8.67,1.1698118869689145,77.00000000000001,-0.002276223154510245
8671,8.671,0.3595071111462742,77.09999999999997,-0.0021842187588883098
8672,8.672,0.9864344023005147,77.2,-0.0020923330726748813
8673,8.673,1.8567920576976071,77.30000000000007,-0.002000585657505974
8674,8.674,0.937949946906973,77.39999999999999,-0.0019089959179302272
8675,8.675,2.11751346312759,77.50000000000004,-0.0018175830980646228
8676,8.676,1.4686619872798345,77.59999999999998,-0.0017263662783065209
8677,8.677,1.0308056681120015,77.69999999999992,-0.0016353643721035507
8678,8.678,1.9393376430690137,77.80000000000008,-0.0015445961227821933
8679,8.679,1.8851886991874838,77.90000000000002,-0.0014540801004365221
8680,8.68,1.3965640793019152,77.99999999999994,-0.0013638346988731173
8681,8.681000000000001,1.3214429686866387,78.10000000000011,-0.001273878132618359
8682,8.682,1.7033733014384131,78.20000000000006,-0.0011842284339842384
8683,8.683,0.9580415944462908,78.3,-0.0010949034501934263
8684,8.684000000000001,1.261492703555922,78.40000000000016,-0.0010059208405662598
8685,8.685,0.9043696101527814,78.50000000000009,-0.0009172980737674211
8686,8.686,0.6616414317500445,78.60000000000002,-0.0008290524251131171
8687,8.687,1.563860334391579,78.69999999999997,-0.0007412009739396879
8688,8.688,0.32324820074319216,78.80000000000001,-0.0006537606010337451
8689,8.689,0.02762756674172584,78.89999999999995,-0.0005667479861234146
8690,8.69,0.6026123695988517,79.0,-0.0004801796054308226
8691,8.691,0.9463941016201545,79.10000000000007,-0.00039407172928654973
8692,8.692,0.30506650171936817,79.19999999999999,-0.0003084404198073206
8693,8.693,0.9341855402826328,79.29999999999993,-0.00022330152863288838
8694,8.694,0.9078646986380574,79.40000000000009,-0.00013867069472793504
8695,8.695,0.6971481688220235,79.50000000000003,-5.456334224489723e-05
8696,8.696,0.6342463890762291,79.59999999999997,2.9005321551028098e-05
8697,8.697000000000001,0.20646043830411182,79.70000000000013,0.00011202030829419023
8698,8.698,0.28086015573400636,79.80000000000007,0.00019446685046750194
8699,8.699,0.9108903563686997,79.9,0.0002763304032904018
8700,8.700000000000001,0.6938412237992293,80.00000000000006,0.0003575966465436035
8701,8.701,0.6198643690956309,80.10000000000011,0.00043825148633007654
8702,8.702,0.423988783876427,80.20000000000005,0.0005182810567761998
8703,8.703,0.7992637968475766,80.29999999999998,0.0005976717216674607
8704,8.704,0.7418565040662112,80.40000000000003,0.0006764100760238857
8705,8.705,0.0341186451382903,80.49999999999997,0.0007544829476107709
8706,8.706,0.2177110649969939,80.59999999999991,0.0008318773983898291
8707,8.707,0.2609612465549514,80.70000000000007,0.0009085807259052958
8708,8.708,-0.4796396102492746,80.80000000000001,0.0009845804646090824
8709,8.709,-0.08665526719544793,80.89999999999995,0.0010598643871238443
8710,8.71,-0.07376805757461447,81.00000000000011,0.001134420505443824
8711,8.711,-0.9594750791360981,81.10000000000004,0.0012082370720729835
8712,8.712,-0.3251818413642276,81.19999999999999,0.0012813025811027048
8713,8.713000000000001,-0.4574598885710382,81.30000000000014,0.0013536057692272693
8714,8.714,-0.23935690843221025,81.40000000000009,0.0014251356166967654
8715,8.715,0.3128224510719785,81.50000000000001,0.0014958813482112059
8716,8.716,-0.41426472829925004,81.59999999999995,0.0015658324337508855
8717,8.717,0.1810989518520998,81.70000000000002,0.001634978589347929
8718,8.718,-0.04444935344093376,81.79999999999994,0.0017033097777951387
8719,8.719,-0.8297918858916791,81.9,0.0017708162092969588
8720,8.72,-1.3429068512276263,82.00000000000004,0.0018374883420577877
8721,8.721,-0.565385288959825,82.1,0.0019033168828115946
8722,8.722,-0.7091211962095673,82.19999999999992,0.0019682927872918315
8723,8.723,-0.2741408021178856,82.30000000000008,0.0020324072606418687
8724,8.724,-1.1280768273448243,82.40000000000002,0.0020956517577655873
8725,8.725,-1.1123205927766007,82.49999999999996,0.0021580179836204164
8726,8.726,-0.9808808199740149,82.60000000000012,0.0022194978934509816
8727,8.727,-1.0446759199581899,82.70000000000005,0.002280083692964621
8728,8.728,-0.767089654417755,82.8,0.002339767838449886
8729,8.729000000000001,0.003883645069434616,82.90000000000003,0.0023985430368363685
8730,8.73,-1.53968173963866,83.0000000000001,0.002456402245698127
8731,8.731,-1.0416961079591531,83.10000000000002,0.0025133386732003856
8732,8.732,-1.3473481897632786,83.19999999999996,0.002569345777989762
8733,8.733,-1.4735190440131565,83.30000000000003,0.002624417269028114
8734,8.734,-1.4249890602484943,83.39999999999995,0.002678547105371222
8735,8.735,-1.9286563321123813,83.4999999999999,0.0027317294958923363
8736,8.736,-1.788205253212988,83.60000000000005,0.0027839588989510143
8737,8.737,-1.6941837089749254,83.7,0.0028352300220066203
8738,8.738,-1.3782947196061814,83.79999999999993,0.0028855378211799097
8739,8.739,-1.9606480202320504,83.90000000000009,0.0029348775007592277
8740,8.74,-0.9548679688411968,84.00000000000003,0.0029832445126546955
8741,8.741,-1.7281477584955085,84.09999999999997,0.003030634555800153
8742,8.742,-0.9859983250195682,84.20000000000013,0.0030770435755021787
8743,8.743,-1.0716883241488848,84.30000000000007,0.003122467762738207
8744,8.744,-1.005041015658632,84.4,0.003166903553403542
8745,8.745000000000001,-1.3159117202572654,84.50000000000006,0.0032103476275079155
8746,8.746,-1.113454987703262,84.6,0.0032527969083211176
8747,8.747,-0.7216603459034465,84.69999999999993,0.0032942485614708148
8748,8.748,-0.9308425978288523,84.79999999999998,0.0033346999939896107
8749,8.749,-1.1785761353798492,84.90000000000003,0.0033741488533150787
8750,8.75,0.017653249206605715,84.99999999999997,0.0034125930262405065
8751,8.751,0.7026857108415369,85.09999999999991,0.0034500306378199533
8752,8.752,0.28121780351643366,85.20000000000007,0.0034864600502249672
8753,8.753,0.9386124980828519,85.30000000000001,0.0035218798615558587
8754,8.754,1.556474198487149,85.39999999999995,0.0035562889046074873
8755,8.755,1.2307003340093785,85.50000000000011,0.003589686245589275
8756,8.756,1.3640716214764157,85.60000000000005,0.0036220711828012747
8757,8.757,1.6664029392568795,85.69999999999999,0.003653443245266215
8758,8.758000000000001,2.3327213276619196,85.80000000000004,0.003683802191318403
8759,8.759,1.6780895459496172,85.90000000000009,0.003713148007149184
8760,8.76,1.5087546592768717,86.00000000000003,0.0037414809053116
8761,8.761000000000001,2.332162382800379,86.10000000000007,0.003768801323182358
8762,8.762,1.6226468121120254,86.20000000000002,0.0037951099213836084
8763,8.763,0.3914413328291104,86.29999999999995,0.0038204075821643814
8764,8.764,1.2392845280270062,86.39999999999988,0.0038446954077424704
8765,8.765,1.365956843266021,86.50000000000004,0.003867974718607107
8766,8.766,1.4928971919875798,86.6,0.003890247051783646
8767,8.767,1.9116311629203973,86.69999999999993,0.003911514159060454
8768,8.768,1.4057406393245655,86.8000000000001,0.003931778005178859
8769,8.769,1.0738566231670144,86.90000000000002,0.003951040765986506
8770,8.77,1.5489062053905567,86.99999999999996,0.003969304826555302
8771,8.771,0.5868872596843235,87.10000000000012,0.003986572779264344
8772,8.772,0.9067848311517313,87.20000000000006,0.004002847421847973
8773,8.773,0.5388866154401418,87.3,0.004018131755410969
8774,8.774000000000001,0.6574862171440145,87.40000000000005,0.004032428982409925
8775,8.775,0.6245148624770401,87.5,0.00404574250460275
8776,8.776,1.0778307076862568,87.60000000000004,0.004058075920966351
8777,8.777000000000001,0.6167235495019072,87.70000000000009,0.004069433025583429
8778,8.778,0.41355414484877273,87.80000000000003,0.004079817805498662
8779,8.779,0.7845126713226671,87.89999999999996,0.004089234438545826
8780,8.78,0.05319801352554604,87.9999999999999,0.004097687291145451
8781,8.781,0.7956576061003567,88.10000000000005,0.004105180916074634
8782,8.782,0.39622007186257685,88.2,0.004111720050209051
8783,8.783,0.19499613305556548,88.29999999999994,0.004117309612238314
8784,8.784,0.27525723658233753,88.4000000000001,0.004121954700355197
8785,8.785,0.6558000071634165,88.50000000000003,0.004125660589919165
8786,8.786,1.5964963248232853,88.59999999999997,0.004128432731095577
8787,8.787,-0.33298256985800645,88.70000000000013,0.0041302767464704414
8788,8.788,0.5657482450553794,88.80000000000007,0.004131198428642141
8789,8.789,0.30518124443960615,88.9,0.00413120373779035
8790,8.790000000000001,-0.23286177283785883,89.00000000000006,0.004130298799223116
8791,8.791,0.5377818173365547,89.10000000000001,0.004128489900902624
8792,8.792,0.03873064927975422,89.19999999999993,0.004125783490950578
8793,8.793000000000001,0.18277465121318337,89.3000000000001,0.004122186175133618
8794,8.794,-0.36746302360228833,89.40000000000003,0.004117704714329768
8795,8.795,0.10736045819509904,89.49999999999997,0.00411234602197635
8796,8.796,0.018301916740156465,89.59999999999991,0.004106117161500268
8797,8.797,0.2776141014556249,89.70000000000007,0.004099025343731298
8798,8.798,0.2613279339517371,89.80000000000001,0.004091077924299096
8799,8.799,-1.1706871103272305,89.89999999999995,0.004082282401014503
8800,8.8,-0.5893294437987742,90.00000000000011,0.004072646411236057
8801,8.801,-0.14963791179430364,90.10000000000005,0.004062177729222371
8802,8.802,0.13016589753718366,90.19999999999999,0.004050884263470838
8803,8.803,-0.02033452047331563,90.30000000000004,0.004038774054043639
8804,8.804,0.22634498025790328,90.39999999999998,0.00402585526988173
8805,8.805,-0.6475022913136442,90.50000000000003,0.004012136206107217
8806,8.806000000000001,-0.5699488700060494,90.60000000000008,0.003997625281315177
8807,8.807,-0.22676689119829901,90.70000000000002,0.003982331034855463
8808,8.808,-0.24159949178107554,90.79999999999995,0.003966262124104965
8809,8.809000000000001,-0.5552158050352601,90.90000000000012,0.0039494273217314056
8810,8.81,-1.0199690302421365,91.00000000000006,0.003931835512949211
8811,8.811,-1.1872959379714108,91.09999999999998,0.003913495692767817
8812,8.812,-0.6178276740646849,91.19999999999993,0.003894416963233574
8813,8.813,-1.1173247744234638,91.30000000000008,0.0038746085306656467
8814,8.814,-1.0139317760492796,91.40000000000003,0.0038540797028867348
8815,8.815,-0.9336038765148178,91.49999999999996,0.0038328398864489466
8816,8.816,-1.3000635571454566,91.60000000000014,0.0038108985838558656
8817,8.817,-1.4122767365634852,91.70000000000006,0.0037882653907815836
8818,8.818,-1.2796468221980462,91.80000000000001,0.003764949993286517
8819,8.819,-1.6651492856431998,91.90000000000005,0.003740962165031839
8820,8.82,-1.3746894814611426,91.99999999999999,0.0037163117644923526
8821,8.821,-1.6783086660382602,92.09999999999994,0.0036910087321685215
8822,8.822000000000001,-1.6444194640920113,92.20000000000007,0.0036650630877986864
8823,8.823,-0.8384435237866699,92.30000000000003,0.003638484927571983
8824,8.824,-2.1796738040699872,92.39999999999996,0.0036112844213421103
8825,8.825000000000001,-1.5573087752811374,92.50000000000013,0.0035834718098431873
8826,8.826,-1.7740510104873863,92.60000000000007,0.0035550574019083962
8827,8.827,-0.8548549191113106,92.70000000000002,0.003526051571690955
8828,8.828,-1.402691367999183,92.79999999999994,0.0034964647558896568
8829,8.829,-0.9121967972174402,92.9000000000001,0.0034663074509780584
8830,8.83,-0.6104900402043627,93.00000000000004,0.0034355902104393063
8831,8.831,-0.25950013560164725,93.09999999999997,0.0034043236420055714
8832,8.832,0.3374930068380958,93.20000000000003,0.003372518404904466
8833,8.833,0.587922034696281,93.29999999999995,0.003340185207111825
8834,8.834,0.27327928930574624,93.40000000000002,0.003307334802611607
8835,8.835,0.3477754761462717,93.50000000000006,0.0032739779886638773
8836,8.836,-0.4271745624705523,93.60000000000001,0.0032401256030814667
8837,8.837,0.937052427214302,93.69999999999993,0.0032057885215150575
8838,8.838000000000001,1.2802649494876535,93.80000000000011,0.0031709776547482887
8839,8.839,1.2642381777244236,93.90000000000003,0.0031357039460030403
8840,8.84,1.065674669496193,93.99999999999997,0.0030999783682548526
8841,8.841,1.618755279411906,94.09999999999991,0.0030638119215603
8842,8.842,1.4043293212550352,94.20000000000007,0.003027215630395381
8843,8.843,2.332322996820568,94.30000000000001,0.0029902005410071
8844,8.844,1.9705900278168342,94.39999999999995,0.002952777718776633
8845,8.845,1.6899538198350141,94.50000000000011,0.0029149582455969547
8846,8.846,1.7576742844737767,94.60000000000005,0.00287675321726382
8847,8.847,1.7792303673238803,94.69999999999999,0.002838173740880888
8848,8.848,1.562758164129317,94.80000000000004,0.0027992309322799292
8849,8.849,1.871148422097666,94.89999999999998,0.002759935913456621
8850,8.85,1.4419827953932438,94.99999999999991,0.0027202998100214924
8851,8.851,0.4222368210603219,95.10000000000008,0.002680333748667644
8852,8.852,1.070842548414019,95.20000000000002,0.0026400488546553043
8853,8.853,1.676319208195,95.29999999999995,0.002599456249312977
8854,8.854000000000001,1.0733835196125938,95.40000000000012,0.0025585670475570307
8855,8.855,0.6845997306719281,95.50000000000006,0.0025173923554290684
8856,8.856,0.5729619324842127,95.6,0.002475943267651646
8857,8.857,1.6324474313684254,95.69999999999993,0.0024342308652032635
8858,8.858,0.643035049234163,95.8000000000001,0.002392266212912813
8859,8.859,0.7018899384234466,95.90000000000003,0.002350060357074028
8860,8.86,0.48714676728968836,95.99999999999997,0.0023076243230792308
8861,8.861,0.2666070382179963,96.10000000000002,0.0022649691130751143
8862,8.862,0.330655262146926,96.19999999999996,0.0022221057036389187
8863,8.863,0.97421108938664,96.3,0.0021790450434757296
8864,8.864,0.14045321319287396,96.40000000000006,0.002135798051137896
8865,8.865,0.48209726087416777,96.49999999999999,0.0020923756127674284
8866,8.866,0.20798715787943087,96.59999999999994,0.0020487885798595295
8867,8.867,0.3119993053179235,96.70000000000009,0.002005047767049859
8868,8.868,0.0045563636056705215,96.80000000000004,0.001961163949925687
8869,8.869,0.6794624859643268,96.89999999999996,0.0019171478628592384
8870,8.870000000000001,0.5717712516050875,97.00000000000014,0.0018730101968661875
8871,8.871,0.9293654879624262,97.10000000000007,0.0018287615974880056
8872,8.872,-0.6712298797525138,97.2,0.0017844126626989265
8873,8.873,-0.04007159859693796,97.29999999999995,0.0017399739408379125
8874,8.874,0.8738581333767019,97.40000000000009,0.0016954559285658225
8875,8.875,0.4224863567117584,97.50000000000004,0.0016508690688481862
8876,8.876,-0.25816540433775437,97.59999999999998,0.0016062237489636727
8877,8.877,-0.13342215258602766,97.70000000000003,0.0015615302985387655
8878,8.878,-0.1948427892946485,97.79999999999997,0.0015167989876088395
8879,8.879,-0.8103955314598867,97.89999999999989,0.0014720400247057507
8880,8.88,-0.2941210742931672,98.00000000000006,0.0014272635549724014
8881,8.881,-0.3630995859911764,98.1,0.0013824796583048566
8882,8.882,-0.6729651518616622,98.19999999999995,0.001337698347520654
8883,8.883000000000001,0.24872524629020576,98.3000000000001,0.001292929566556293
8884,8.884,-1.306072561602483,98.40000000000005,0.0012481831886917928
8885,8.885,-0.4276098691109806,98.49999999999997,0.001203469014803026
8886,8.886000000000001,-0.5828471798072857,98.60000000000014,0.0011587967716426221
8887,8.887,-0.6406800679483654,98.70000000000007,0.0011141761101501817
8888,8.888,-0.1614685424048531,98.80000000000003,0.0010696166037895657
8889,8.889,-0.5767188499627117,98.89999999999995,0.0010251277469164324
8890,8.89,-0.9436188807725744,99.0,0.000980718953173782
8891,8.891,-0.27985929092233863,99.10000000000005,0.0009363995539180769
8892,8.892,0.21676832897271447,99.19999999999999,0.0008921787966730437
8893,8.893,-0.9960163201439114,99.30000000000004,0.0008480658436143041
8894,8.894,-0.5437865983902181,99.39999999999998,0.0008040697700831685
8895,8.895,-0.7983780235850138,99.49999999999991,0.0007601995631303116
8896,8.896,-1.1953052240679491,99.60000000000008,0.0007164641200894333
8897,8.897,-1.4043806578055789,99.70000000000002,0.0006728722471810076
8898,8.898,-0.7977272950508931,99.79999999999995,0.0006294326581461745
8899,8.899000000000001,-0.44988747195212864,99.90000000000012,0.000586153972910893
8900,8.9,-1.988209044787333,100.00000000000006,0.0005430447162809863
8901,8.901,-1.3922876375187918,100.1,0.0005001133166664273
8902,8.902000000000001,-1.9983204075760668,100.20000000000016,0.00045736810483778504
8903,8.903,-1.5318186719571778,100.3000000000001,0.0004148173127125039
8904,8.904,-2.1766040849488184,100.40000000000003,0.0003724690721716521
8905,8.905,-2.0872708016953005,100.49999999999997,0.0003303314139078076
8906,8.906,-1.7519754700531593,100.60000000000002,0.0002884122663041033
8907,8.907,-1.4060285128886485,100.69999999999996,0.00024671945434391964
8908,8.908,-1.7786827845689734,100.7999999999999,0.00020526069855070182
8909,8.909,-2.199050190592248,100.90000000000006,0.00016404361396019863
8910,8.91,-0.19518900950087748,101.0,0.00012307570912288473
8911,8.911,-1.2500893844789212,101.09999999999994,8.236438513714449e-05
8912,8.912,-0.8750335311362762,101.2000000000001,4.191693471372589e-05
8913,8.913,-0.3128854246528495,101.30000000000004,1.7405412720051202e-06
8914,8.914,-0.9104837092581839,101.39999999999998,-3.815772193423959e-05
8915,8.915000000000001,0.03583215497286274,101.50000000000014,-7.777089265885342e-05
8916,8.916,0.012438043469441107,101.60000000000008,-0.00011709212047482006
8917,8.917,-0.22858850141088952,101.7,-0.0001561146675547289
8918,8.918000000000001,-0.289074245602541,101.80000000000007,-0.00019483190942031143
8919,8.919,0.6053761751932755,101.89999999999999,-0.00023323733566108878
8920,8.92,-0.19820894054225613,102.00000000000006,-0.00027132455062216075
8921,8.921,0.817276553791164,102.09999999999998,-0.00030908727406120574
8922,8.922,0.9627401906921463,102.20000000000005,-0.0003465193417747435
8923,8.923,1.244509093682686,102.29999999999997,-0.0003836147061937339
8924,8.924,0.9759133365557703,102.3999999999999,-0.00042036743694856223
8925,8.925,1.7775851700297538,102.50000000000007,-0.0004567717214035883
8926,8.926,2.093742327909842,102.6,-0.0004928218651608331
8927,8.927,2.219335262099272,102.69999999999995,-0.0005285122925344022
8928,8.928,1.4643648412471912,102.8000000000001,-0.0005638375469932864
8929,8.929,1.894358847107033,102.90000000000005,-0.0005987922915747688
8930,8.93,1.5184486378899307,102.99999999999999,-0.0006333713092679952
8931,8.931000000000001,2.276986636967949,103.10000000000015,-0.0006675695033674308
8932,8.932,1.271876969145822,103.20000000000007,-0.0007013818977958288
8933,8.933,1.5230417755064751,103.30000000000001,-0.000734803637398867
8934,8.934000000000001,2.0102602469514066,103.40000000000006,-0.0007678299882092147
8935,8.935,0.9345479590626956,103.5,-0.0008004563376816606
8936,8.936,0.8075560952277707,103.59999999999995,-0.0008326781948988834
8937,8.937,0.8866820287652775,103.69999999999987,-0.0008644911907481397
8938,8.938,1.1044185980540249,103.80000000000004,-0.0008958910780693763
8939,8.939,0.6447172809533912,103.89999999999998,-0.0009268737317736259
8940,8.94,0.8543804115323977,103.99999999999991,-0.0009574351489340979
8941,8.941,0.7031076536973337,104.10000000000008,-0.0009875714488479016
8942,8.942,0.1795571354031673,104.20000000000002,-0.0010172788730699273
8943,8.943,0.28937259297061974,104.29999999999995,-0.0010465537854185668
8944,8.944,0.4091218160454363,104.40000000000012,-0.0010753926719536903
8945,8.945,1.0753584844295105,104.50000000000006,-0.0011037921409265843
8946,8.946,0.16405929507168432,104.6,-0.0011317489227033262
8947,8.947000000000001,-0.5435112335003403,104.70000000000005,-0.0011592598696597337
8948,8.948,0.7200390730329111,104.79999999999998,-0.001186321956049881
8949,8.949,0.9475834972838096,104.90000000000003,-0.0012129322778482445
8950,8.950000000000001,1.1344478551573676,105.00000000000009,-0.0012390880525642153
8951,8.951,0.5622501151461425,105.10000000000002,-0.0012647866190308298
8952,8.952,-0.10798374914456471,105.19999999999996,-0.0012900254371674632
8953,8.953,0.5401611886494408,105.2999999999999,-0.001314802087716431
8954,8.954,-0.16528980496382378,105.40000000000006,-0.001339114271953644
8955,8.955,0.5513853726854407,105.5,-0.0013629598113740868
8956,8.956,0.03812938938562663,105.59999999999994,-0.0013863366473522642
8957,8.957,-0.6247316518914007,105.7000000000001,-0.001409242840777597
8958,8.958,-0.2589968471314401,105.80000000000004,-0.0014316765716645865
8959,8.959,-0.09314573474718486,105.89999999999998,-0.0014536361387395215
8960,8.96,0.11174767035580951,106.00000000000014,-0.001475119959002258
8961,8.961,-0.10208873757437294,106.10000000000008,-0.001496126567264461
8962,8.962,-1.1792452429800022,106.20000000000002,-0.0015166546156640426
8963,8.963000000000001,0.14597044806135812,106.30000000000007,-0.0015367028731563769
8964,8.964,0.5312529961975577,106.4,-0.0015562702249823802
8965,8.965,-0.41468820211437324,106.49999999999993,-0.0015753556721137614
8966,8.966,-0.29817169299950524,106.6,-0.001593958330675818
8967,8.967,-0.9533655238357399,106.70000000000003,-0.0016120774313479855
8968,8.968,-0.03338082854395036,106.79999999999998,-0.0016297123187424738
8969,8.969,-1.0771274008154967,106.8999999999999,-0.0016468624507611869
8970,8.97,-0.07620931044338308,107.00000000000009,-0.0016635273979314256
8971,8.971,-0.5648822021104875,107.10000000000001,-0.0016797068427202855
8972,8.972,-0.806596543737955,107.19999999999996,-0.0016954005788288851
8973,8.973,-0.9330765101298937,107.30000000000011,-0.0017106085104653841
8974,8.974,-0.7835544436521222,107.40000000000006,-0.0017253306515983636
8975,8.975,-1.006817913349295,107.49999999999999,-0.0017395671251903672
8976,8.976,-0.5907502363253903,107.60000000000002,-0.0017533181624119364
8977,8.977,-0.3944735868023109,107.70000000000009,-0.001766584101836018
8978,8.978,-1.4360590724813012,107.80000000000001,-0.0017793653886141584
8979,8.979000000000001,-0.212394487350698,107.90000000000008,-0.0017916625736338347
8980,8.98,-1.2870652758176298,108.0,-0.0018034763126572597
8981,8.981,-0.7163707227032454,108.09999999999995,-0.0018148073654428705
8982,8.982,-1.744650602889254,108.19999999999989,-0.001825656594848733
8983,8.983,-1.2036326192347289,108.30000000000005,-0.0018360249659190658
8984,8.984,-1.795635196277078,108.39999999999998,-0.0018459135449533654
8985,8.985,-1.6716471220266809,108.49999999999991,-0.0018553234985594865
8986,8.986,-2.0833693248773137,108.60000000000008,-0.0018642560926900255
8987,8.987,-1.3944310595020533,108.70000000000002,-0.0018727126916630221
8988,8.988,-1.4436881801277173,108.79999999999997,-0.0018806947571668865
8989,8.989,-0.7408867611579326,108.90000000000012,-0.001888203847250195
8990,8.99,-1.474984084111621,109.00000000000006,-0.0018952416152965357
8991,8.991,-1.4044003097780373,109.1,-0.001901809808984679
8992,8.992,-1.3983645486935237,109.20000000000005,-0.001907910269234635
8993,8.993,-1.3841617676166933,109.29999999999998,-0.001913544929139643
8994,8.994,-1.0143918451577876,109.39999999999992,-0.0019187158128848804
8995,8.995000000000001,-1.3860744282951645,109.50000000000009,-0.0019234250346525535
8996,8.996,-0.9187591669364051,109.60000000000002,-0.0019276747975144025
8997,8.997,-0.5895495954597412,109.69999999999996,-0.0019314673923115906
8998,8.998,-0.7901620271027847,109.7999999999999,-0.0019348051965224508
8999,8.999,-0.240627204210992,109.90000000000006,-0.0019376906731182002
9000,9.0,-0.1073248561156764,110.0,-0.0019401263694073486
9001,9.001,0.20980782052217598,109.90000000000006,-0.0019421149158688853
9002,9.002,0.46074139314140866,109.7999999999999,-0.0019436590249746917
9003,9.003,0.7912418261241332,109.69999999999996,-0.0019447614900013272
9004,9.004,0.6109210591565781,109.60000000000002,-0.0019454251838319065
9005,9.005,0.9494071804155861,109.49999999999997,-0.0019456530577480486
9006,9.006,1.5092840207290585,109.39999999999992,-0.0019454481402125133
9007,9.007,1.8653390128657836,109.29999999999998,-0.0019448135356426172
9008,9.008000000000001,1.6192470686666254,109.19999999999993,-0.0019437524231749933
9009,9.009,1.2180649622690545,109.1,-0.0019422680554219878
9010,9.01,2.3996668004687574,109.00000000000006,-0.0019403637572198713
9011,9.011000000000001,2.075322928402421,108.89999999999989,-0.0019380429243694838
9012,9.012,1.4004714444999675,108.79999999999995,-0.0019353090223694191
9013,9.013,1.843975593360191,108.70000000000002,-0.0019321655851422313
9014,9.014,2.0866797168086495,108.60000000000008,-0.0019286162137539056
9015,9.015,1.114857273378827,108.49999999999991,-0.001924664575127057
9016,9.016,1.5907071159960735,108.39999999999998,-0.001920314400748063
9017,9.017,0.8365138956331984,108.30000000000004,-0.0019155694853685663
9018,9.018,1.2923219595295645,108.19999999999989,-0.0019104336857016012
9019,9.019,1.5465053522454937,108.09999999999995,-0.0019049109191128265
9020,9.02,0.9684737911908965,108.0,-0.0018990051623069876
9021,9.021,0.971994029219432,107.89999999999995,-0.0018927204500101009
9022,9.022,0.4103577166917157,107.80000000000003,-0.0018860608736477194
9023,9.023,1.7063540021678767,107.70000000000009,-0.0018790305800193885
9024,9.024000000000001,0.47198381814456086,107.59999999999992,-0.0018716337699699163
9025,9.025,0.44025026955845786,107.49999999999999,-0.0018638746970575958
9026,9.026,-0.23972062520385284,107.40000000000005,-0.001855757666219686
9027,9.027000000000001,0.7316041348220568,107.29999999999988,-0.001847287032435634
9028,9.028,0.35565122339439964,107.19999999999995,-0.0018384671993882825
9029,9.029,0.19369567541037208,107.10000000000001,-0.0018293026181232597
9030,9.03,0.37555518392868076,107.00000000000009,-0.0018197977857070853
9031,9.031,0.00173904399993835,106.8999999999999,-0.0018099572438841775
9032,9.032,0.2907608150090399,106.79999999999998,-0.00179978557773315
9033,9.033,0.06783643523538291,106.70000000000005,-0.001789287414322577
9034,9.034,0.8616451021824826,106.6,-0.0017784674213667069
9035,9.035,0.34540509499521643,106.49999999999994,-0.001767330305881389
9036,9.036,0.4726071364197563,106.4,-0.0017558808128403764
9037,9.037,0.23580626746363093,106.29999999999995,-0.001744123723832533
9038,9.038,0.5598484199055763,106.20000000000002,-0.0017320638557201701
9039,9.039,0.5619347406080969,106.10000000000008,-0.0017197060592985553
9040,9.040000000000001,-0.05359226399816486,105.99999999999991,-0.001707055217957401
9041,9.041,0.8498604782939568,105.89999999999998,-0.0016941162463442628
9042,9.042,-0.17897196323165424,105.80000000000004,-0.0016808940890300802
9043,9.043000000000001,-0.4307599971808114,105.69999999999987,-0.001667393719177386
9044,9.044,-0.43368351923824155,105.59999999999994,-0.0016536201372115815
9045,9.045,-0.7052868277737203,105.5,-0.0016395783694949572
9046,9.046,0.019349452633685815,105.40000000000006,-0.0016252734670045088
9047,9.047,-0.28971896319721074,105.2999999999999,-0.001610710504013179
9048,9.048,-0.15317175966158644,105.19999999999996,-0.0015958945767754564
9049,9.049,-0.606491735450895,105.10000000000002,-0.0015808308022167872
9050,9.05,0.5439602175941858,104.99999999999997,-0.0015655243166277748
9051,9.051,-0.34115885509331517,104.90000000000003,-0.0015499802743633366
9052,9.052,-0.7572296819762543,104.79999999999998,-0.0015342038465464966
9053,9.053,-0.2983851582327094,104.69999999999993,-0.0015182002197778712
9054,9.054,-0.09399860105854996,104.6,-0.001501974594850632
9055,9.055,-0.9328259479507937,104.50000000000006,-0.0014855321854712487
9056,9.056000000000001,-0.8669349138755493,104.39999999999989,-0.00146887821698637
9057,9.057,-0.3421252373544427,104.29999999999995,-0.0014520179251162155
9058,9.058,-0.498951407380684,104.20000000000002,-0.001434956554694109
9059,9.059000000000001,-0.5837619665313021,104.09999999999985,-0.001417699358413392
9060,9.06,-0.5909180557029456,103.99999999999991,-0.0014002515955811718
9061,9.061,-0.6881454711312669,103.89999999999998,-0.0013826185308791132
9062,9.062,-0.4190115776663367,103.80000000000004,-0.0013648054331323032
9063,9.063,-0.7538710471822105,103.69999999999987,-0.0013468175740854664
9064,9.064,-2.001843314801934,103.59999999999994,-0.0013286602271875053
9065,9.065,-1.4067709345242378,103.50000000000001,-0.0013103386663837874
9066,9.066,-1.0950379281733607,103.39999999999996,-0.001291858164917443
9067,9.067,-1.0895321384798913,103.30000000000001,-0.0012732239941390543
9068,9.068,-1.5290457283346373,103.20000000000007,-0.0012544414223250725
9069,9.069,-1.170059218180088,103.09999999999992,-0.0012355157135054374
9070,9.07,-1.3828453543417671,102.99999999999999,-0.0012164521263007969
9071,9.071,-1.0727301378717855,102.90000000000003,-0.0011972559127685879
9072,9.072000000000001,-1.5482176759247666,102.79999999999988,-0.0011779323172593096
9073,9.073,-1.5758092944565192,102.69999999999995,-0.0011584865752824864
9074,9.074,-1.6085170281671857,102.60000000000001,-0.001138923912382681
9075,9.075000000000001,-2.149412227405428,102.49999999999984,-0.0011192495430258158
9076,9.076,-2.0063081637504077,102.39999999999992,-0.0010994686694959508
9077,9.077,-1.4706544659096938,102.29999999999997,-0.0010795864808026052
9078,9.078,-1.731713543135775,102.20000000000003,-0.0010596081515989435
9079,9.079,-1.357285783590129,102.09999999999998,-0.0010395388411108995
9080,9.08,-1.1475754687363706,102.00000000000004,-0.0010193836920774676
9081,9.081,-0.22156929941682613,101.89999999999999,-0.0009991478297022454
9082,9.082,-0.4455027064721585,101.79999999999994,-0.0009788363606164313
9083,9.083,0.19542903856980431,101.70000000000002,-0.0009584543718536802
9084,9.084,0.19694526943038357,101.60000000000008,-0.0009380069298361472
9085,9.085,0.1616886753426221,101.49999999999991,-0.0009174990793731638
9086,9.086,0.6418108283727111,101.39999999999998,-0.0008969358426716284
9087,9.087,1.242974565538509,101.30000000000004,-0.0008763222183584676
9088,9.088000000000001,1.2340056416729803,101.19999999999987,-0.0008556631805155855
9089,9.089,1.7949946945333692,101.09999999999994,-0.0008349636777276541
9090,9.09,1.587777809594735,101.0,-0.0008142286321418377
9091,9.091,1.3166041894886227,100.90000000000006,-0.0007934629385406449
9092,9.092,1.9406120593607774,100.7999999999999,-0.0007726714634277391
9093,9.093,2.2493171822260294,100.69999999999996,-0.0007518590441266047
9094,9.094,1.8644258977054375,100.60000000000002,-0.0007310304878921265
9095,9.095,1.7188026735478539,100.49999999999997,-0.0007101905710355115
9096,9.096,1.0037752245608906,100.40000000000003,-0.000689344038062902
9097,9.097,1.3678090336448894,100.3000000000001,-0.0006684956008266664
9098,9.098,1.5812363150427529,100.19999999999993,-0.0006476499376908016
9099,9.099,1.1555501832673165,100.1,-0.0006268116927097189
9100,9.1,1.6651510929284858,100.00000000000006,-0.0006059854748207395
9101,9.101,1.576373308061344,99.89999999999989,-0.0005851758570504245
9102,9.102,1.8373431034920449,99.79999999999995,-0.0005643873757347706
9103,9.103,1.496064094211369,99.70000000000002,-0.0005436245297533456
9104,9.104000000000001,1.0130620638194556,99.59999999999985,-0.0005228917797774345
9105,9.105,1.3189570302251552,99.49999999999991,-0.0005021935475325345
9106,9.106,0.7129223905429678,99.39999999999998,-0.0004815342150744255
9107,9.107,0.246969305703995,99.30000000000004,-0.00046091812408027334
9108,9.108,0.5152538241003448,99.19999999999999,-0.00044034957515340205
9109,9.109,1.1385873590448639,99.10000000000005,-0.00041983282714291273
9110,9.11,0.5892327356739974,99.0,-0.0003993720964770798
9111,9.111,1.0725075618712565,98.89999999999995,-0.0003789715565119552
9112,9.112,0.6165059676523954,98.80000000000001,-0.00035863533689410273
9113,9.113,0.6876231806200634,98.70000000000007,-0.0003383675229377615
9114,9.114,0.3044594141809229,98.59999999999991,-0.0003181721550167349
9115,9.115,0.007043898900251977,98.49999999999997,-0.0002980532279712823
9116,9.116,0.6488598400550629,98.40000000000005,-0.0002780146905289478
9117,9.117,0.4686187706484848,98.29999999999987,-0.0002580604447406516
9118,9.118,0.8124741089302832,98.19999999999993,-0.00023819434543128173
9119,9.119,0.9495308510731331,98.10000000000001,-0.00021842019966503547
9120,9.120000000000001,0.07414466241402709,97.99999999999996,-0.00019874176622553864
9121,9.121,0.1831070878979038,97.8999999999999,-0.00017916275511072405
9122,9.122,-0.09384911765252735,97.79999999999997,-0.00015968682704248338
9123,9.123,0.7376571888522749,97.70000000000003,-0.00014031759299111465
9124,9.124,0.22049220412009,97.59999999999998,-0.00012105861371455574
9125,9.125,-0.4314410577851564,97.50000000000004,-0.00010191339931240794
9126,9.126,0.2333816670822854,97.4000000000001,-8.288540879474173e-05
9127,9.127,-0.9634122308359354,97.29999999999995,-6.397804966568879e-05
9128,9.128,0.4331875997079426,97.2,-4.5194677521802e-05
9129,9.129,-0.22615443939686541,97.10000000000007,-2.6538595665167567e-05
9130,9.13,-1.0366485453524283,96.99999999999991,-8.013054731224733e-06
9131,9.131,-0.18714044649423509,96.89999999999996,1.0378747668478668e-05
9132,9.132,-0.6396498859500106,96.80000000000003,2.863366728937956e-05
9133,9.133000000000001,0.3217481916262994,96.69999999999987,4.6748613581632714e-05
9134,9.134,-0.2597415779780776,96.59999999999994,6.472055000357048e-05
9135,9.135,-0.5512530919575295,96.5,8.25464943206589e-05
9136,9.136000000000001,-0.8044458444520254,96.39999999999995,0.00010022351888977496
9137,9.137,-0.3620641107232133,96.30000000000001,0.00011774875092860177
9138,9.138,0.06460950563653445,96.19999999999996,0.00013511937277120315
9139,9.139,-0.8781908767479634,96.10000000000002,0.0001523326221085914
9140,9.14,-1.078875868545908,95.99999999999997,0.00016938579221531934
9141,9.141,-0.6334732815907115,95.90000000000003,0.0001862762321611756
9142,9.142,-0.4177436852266979,95.8000000000001,0.00020300134700927767
9143,9.143,-1.0749694228709439,95.69999999999993,0.00021955859799941484
9144,9.144,-0.5407388984605745,95.6,0.00023594550271743535
9145,9.145,-0.8415582675258776,95.50000000000006,0.00025215963525047165
9146,9.146,-0.8234869705315665,95.39999999999989,0.000268198626328139
9147,9.147,-0.9713760048462875,95.29999999999995,0.000284060163449755
9148,9.148,-1.205908401170812,95.20000000000002,0.0002997419909976454
9149,9.149000000000001,-1.8380252758516988,95.09999999999997,0.0003152419103366639
9150,9.15,-1.7631900175981798,94.99999999999991,0.0003305577798997682
9151,9.151,-1.7673367061924719,94.89999999999998,0.00034568751526039366
9152,9.152000000000001,-1.797345686166087,94.79999999999993,0.0003606290891906268
9153,9.153,-0.8576725428857646,94.69999999999999,0.000375380531706212
9154,9.154,-1.5680382195209592,94.60000000000005,0.000389939930098203
9155,9.155,-2.531925741628643,94.50000000000011,0.00040430542895118163
9156,9.156,-1.0131782861316552,94.39999999999995,0.00041847523014809456
9157,9.157,-1.7723772367486679,94.30000000000001,0.0004324475928620671
9158,9.158,-1.3868801726573325,94.20000000000007,0.0004462208335354408
9159,9.159,-1.736268760268201,94.09999999999991,0.0004597933258453393
9160,9.16,-1.249383925359252,93.99999999999997,0.0004731635006566934
9161,9.161,-1.252527843464236,93.90000000000003,0.00048632984596258685
9162,9.162,-1.0996022877207368,93.79999999999987,0.0004992909068118963
9163,9.163,-0.7252603947685978,93.69999999999993,0.0005120452852241162
9164,9.164,-0.9364471352626982,93.6,0.0005245916400922899
9165,9.165000000000001,0.0897705106261456,93.49999999999994,0.0005369286870732183
9166,9.166,0.38517917937468726,93.4,0.0005490551984656635
9167,9.167,0.2597477738513002,93.29999999999995,0.0005609700030764033
9168,9.168000000000001,0.919212436404665,93.1999999999999,0.0005726719860743732
9169,9.169,0.7140881203193866,93.09999999999998,0.0005841600888329562
9170,9.17,0.5682007918961933,93.00000000000004,0.0005954333087605316
9171,9.171,1.0457958839111405,92.90000000000009,0.0006064906991194684
9172,9.172,0.9461743666114111,92.79999999999994,0.0006173313688336345
9173,9.173,1.1908744724412632,92.7,0.0006279544822845759
9174,9.174,0.9884955649445175,92.60000000000007,0.0006383592590964627
9175,9.175,1.847153318862371,92.4999999999999,0.0006485449739100043
9176,9.176,1.982058171045173,92.39999999999996,0.000658510956145284
9177,9.177,1.327517700760434,92.30000000000003,0.0006682565897540994
9178,9.178,1.7737755940595281,92.19999999999986,0.0006777813129612009
9179,9.179,1.4821870563304622,92.09999999999994,0.0006870846179952439
9180,9.18,1.9476169471126101,91.99999999999999,0.0006961660508093611
9181,9.181000000000001,1.325196608998589,91.89999999999993,0.0007050252107914452
9182,9.182,1.1995180312094798,91.8,0.0007136617504640801
9183,9.183,1.4459909995788052,91.70000000000006,0.0007220753751748877
9184,9.184000000000001,0.8111138167674635,91.59999999999991,0.0007302658427767425
9185,9.185,1.4834294088652196,91.49999999999996,0.0007382329632984376
9186,9.186,1.0991577950378253,91.40000000000003,0.0007459765986057379
9187,9.187,0.4834429452894684,91.3000000000001,0.0007534966620530634
9188,9.188,0.7124149790023875,91.19999999999993,0.0007607931181260246
9189,9.189,1.2386319528982899,91.1,0.0007678659820745895
9190,9.19,0.5022252901608475,91.00000000000006,0.000774715319537655
9191,9.191,0.39996890164699206,90.89999999999989,0.0007813412461585606
9192,9.192,1.3561499528257674,90.79999999999995,0.0007877439271920951
9193,9.193,0.8084961932049859,90.70000000000002,0.0007939235771029365
9194,9.194,-0.27245622409904624,90.59999999999997,0.0007998804591558353
9195,9.195,1.3367231049539356,90.50000000000003,0.0008056148849974991
9196,9.196,1.0838523486403877,90.39999999999998,0.0008111272142306811
9197,9.197000000000001,0.606455174768127,90.29999999999993,0.0008164178539801115
9198,9.198,0.6648513598060234,90.19999999999999,0.0008214872584508891
9199,9.199,0.7412215255315402,90.10000000000005,0.0008263359284794133
9200,9.200000000000001,1.2288888716440978,89.99999999999989,0.0008309644110766709
9201,9.201,-0.5099681521284408,89.89999999999995,0.000835373298964473
9202,9.202,0.544570228852086,89.80000000000001,0.0008395632301045937
9203,9.203,0.6972523679572279,89.70000000000007,0.0008435348872210104
9204,9.204,-0.39477949970968523,89.59999999999991,0.0008472889973152716
9205,9.205,-0.11396021563860798,89.49999999999997,0.0008508263311754011
9206,9.206,0.015949231319381196,89.40000000000003,0.0008541477028783442
9207,9.207,0.7233621748695869,89.29999999999987,0.0008572539692861655
9208,9.208,-0.21085032179318455,89.19999999999993,0.0008601460295360113
9209,9.209,-0.01565725637073248,89.1,0.0008628248245243138
9210,9.21,0.18282746761542443,88.99999999999994,0.0008652913363850851
9211,9.211,-0.2577277000617149,88.9,0.0008675465879626627
9212,9.212,-0.10586344120105318,88.80000000000007,0.0008695916422789394
9213,9.213000000000001,-0.036268358101444076,88.6999999999999,0.0008714276019953364
9214,9.214,-0.724887003298769,88.59999999999998,0.0008730556088696681
9215,9.215,-0.7186284942925025,88.50000000000003,0.0008744768432079678
9216,9.216000000000001,-1.429359930469869,88.39999999999988,0.0008756925233115904
9217,9.217,-0.5128620601406818,88.29999999999994,0.0008767039049195949
9218,9.218,-0.7168878288880064,88.19999999999999,0.0008775122806467457
9219,9.219,-0.9990047664849206,88.10000000000007,0.0008781189794170716
9220,9.22,-0.6048097628765425,87.9999999999999,0.0008785253658933833
9221,9.221,-0.5167813137779333,87.89999999999996,0.0008787328399027224
9222,9.222,-1.4879824345134554,87.80000000000003,0.0008787428358580446
9223,9.223,-0.9137956460094299,87.69999999999997,0.0008785568221761556
9224,9.224,-0.5248261595918443,87.60000000000004,0.0008781763006922073
9225,9.225,-0.14148180365783625,87.49999999999999,0.0008776028060708138
9226,9.226,-0.16608319642966163,87.39999999999993,0.0008768379052139952
9227,9.227,-0.18910589925162724,87.3,0.0008758831966660695
9228,9.228,-1.125911017087655,87.20000000000006,0.0008747403100156989
9229,9.229000000000001,-1.03322912811613,87.0999999999999,0.0008734109052952439
9230,9.23,-1.0304455322998325,86.99999999999997,0.0008718966723775202
9231,9.231,-0.6742634397560321,86.90000000000002,0.0008701993303701976
9232,9.232,-0.9928586712510133,86.80000000000008,0.0008683206270079557
9233,9.233,-1.0599317092670384,86.69999999999993,0.0008662623380425795
9234,9.234,-1.0481452646744518,86.59999999999998,0.0008640262666310971
9235,9.235,-1.1465735339092469,86.50000000000004,0.000861614242722173
9236,9.236,-2.425029338398809,86.39999999999989,0.0008590281224408842
9237,9.237,-1.6161770098665191,86.29999999999995,0.0008562697874720644
9238,9.238,-2.1472561668853243,86.20000000000002,0.0008533411444422898
9239,9.239,-1.6630598455317593,86.09999999999997,0.0008502441243007432
9240,9.24,-1.975930736362114,86.00000000000003,0.0008469806816991107
9241,9.241,-2.0200271129497818,85.90000000000009,0.000843552794370542
9242,9.242,-1.5011578021559686,85.79999999999993,0.000839962462507992
9243,9.243,-1.9192393175968567,85.69999999999999,0.0008362117081419846
9244,9.244,-0.5578112168899324,85.60000000000005,0.0008323025745179236
9245,9.245000000000001,-0.8298571095887992,85.49999999999989,0.0008282371254732185
9246,9.246,-0.7527086121179518,85.39999999999995,0.0008240174448142744
9247,9.247,-0.33045559419680187,85.30000000000001,0.0008196456356934743
9248,9.248,-0.49264886432326244,85.20000000000007,0.0008151238199863788
9249,9.249,-1.0119418135766618,85.09999999999991,0.0008104541376692347
9250,9.25,-0.8255609362706688,84.99999999999997,0.0008056387461969633
9251,9.251,0.0539305729161875,84.90000000000003,0.0008006798198816933
9252,9.252,0.7503195669492202,84.79999999999998,0.0007955795492720599
9253,9.253,0.8878271622051579,84.69999999999993,0.0007903401405334468
9254,9.254,0.9284094211492285,84.6,0.000784963814829107
9255,9.255,0.9480302375898304,84.49999999999994,0.0007794528077025507
9256,9.256,1.5389393491000882,84.4,0.0007738093684611715
9257,9.257,1.6696118886194369,84.30000000000007,0.0007680357595612672
9258,9.258000000000001,1.682660646443903,84.1999999999999,0.0007621342559946381
9259,9.259,1.725638524186405,84.09999999999997,0.0007561071446768782
9260,9.26,1.6267621632901217,84.00000000000003,0.0007499567238374148
9261,9.261000000000001,0.929192424659632,83.89999999999986,0.000743685302411518
9262,9.262,1.2725026481293233,83.79999999999993,0.000737295199434428
9263,9.263,2.041991771518741,83.69999999999999,0.0007307887434374993
9264,9.264,1.1896499073109819,83.60000000000005,0.0007241682718468586
9265,9.265,1.284114156077706,83.4999999999999,0.0007174361303843352
9266,9.266,1.6942483683597485,83.39999999999995,0.0007105946724710692
9267,9.267,1.3008994743536277,83.30000000000003,0.0007036462586336121
9268,9.268,0.6531643161704311,83.19999999999997,0.0006965932559130081
9269,9.269,1.1901699721506254,83.10000000000004,0.0006894380372767077
9270,9.27,1.4441573951207831,83.0000000000001,0.0006821829810333751
9271,9.271,0.803022377085945,82.89999999999993,0.000674830470251021
9272,9.272,0.6419872969720297,82.8,0.0006673828921782983
9273,9.273,0.5941407715109935,82.70000000000006,0.0006598426376690685
9274,9.274000000000001,-0.21460604884948886,82.5999999999999,0.0006522121006104933
9275,9.275,0.46800561832917786,82.49999999999996,0.0006444936773547995
9276,9.276,-0.5682702821784591,82.40000000000002,0.0006366897661544726
9277,9.277000000000001,0.3672193890376019,82.29999999999986,0.0006288027666014274
9278,9.278,0.3642160066219544,82.19999999999992,0.0006208350790699797
9279,9.279,-0.3784904401549378,82.09999999999998,0.0006127891041637627
9280,9.28,0.7155271669240044,82.00000000000004,0.0006046672421667745
9281,9.281,0.8811495802523339,81.89999999999999,0.0005964718924985548
9282,9.282,0.2712709708734836,81.79999999999994,0.0005882054531736527
9283,9.283,0.7340462815213618,81.70000000000002,0.0005798703202654126
9284,9.284,0.1202659837391738,81.59999999999997,0.0005714688873742473
9285,9.285,0.5943376724108503,81.50000000000001,0.0005630035451004474
9286,9.286,0.8384653991188461,81.40000000000009,0.0005544766805215806
9287,9.287,0.43692146636867935,81.29999999999993,0.0005458906766746271
9288,9.288,0.3279879709431581,81.19999999999999,0.0005372479120429885
9289,9.289,-0.7663901994991853,81.10000000000005,0.0005285507600481522
9290,9.290000000000001,0.5401939798597588,80.99999999999989,0.000519801588546597
9291,9.291,-0.10218010238017945,80.89999999999995,0.000511002759331602
9292,9.292,-0.11205339139985918,80.80000000000001,0.0005021566276401129
9293,9.293000000000001,-0.13882145706624838,80.69999999999985,0.000493265541664862
9294,9.294,0.2439738694194441,80.59999999999991,0.000484331842071902
9295,9.295,0.15132676412950197,80.49999999999997,0.0004753578615231874
9296,9.296,-0.48071321289610325,80.40000000000003,0.0004663459242048138
9297,9.297,-0.30642281520035286,80.29999999999998,0.00045729834536055707
9298,9.298,-0.7548516264709251,80.20000000000005,0.0004482174308312052
9299,9.299,-0.26800638405930527,80.10000000000011,0.0004391054765991971
9300,9.3,-0.349844655820962,79.99999999999994,0.0004299647683390865
9301,9.301,0.10138875077754639,79.9,0.0004207975809738861
9302,9.302,-0.5145586842513523,79.80000000000007,0.00041160617823689574
9303,9.303,-1.0366565480735088,79.6999999999999,0.00040239281223963303
9304,9.304,-0.589931322947632,79.59999999999997,0.00039315972304558404
9305,9.305,-0.8649495872892485,79.50000000000003,0.00038390913824991297
9306,9.306000000000001,-0.8581196546998942,79.39999999999986,0.0003746432725651931
9307,9.307,-0.9683643761545604,79.29999999999993,0.0003653643274133034
9308,9.308,-0.39574404726852397,79.19999999999999,0.0003560744905231841
9309,9.309000000000001,-1.2104260210259137,79.09999999999994,0.0003467759355350731
9310,9.31,-1.2593156383084683,79.0,0.00033747082161081506
9311,9.311,-1.0114183840947675,78.89999999999995,0.0003281612930502599
9312,9.312,-0.09348826693774781,78.80000000000001,0.00031884947891428053
9313,9.313,-1.0941497413773287,78.69999999999996,0.00030953749265385415
9314,9.314,-1.6914833489718069,78.60000000000002,0.00030022743174572833
9315,9.315,-1.0209493478895462,78.50000000000009,0.0002909213773342155
9316,9.316,-0.7752379457337739,78.39999999999993,0.00028162139387975793
9317,9.317,-0.9086672415454531,78.29999999999998,0.0002723295288138083
9318,9.318,-0.5913661607173022,78.20000000000006,0.00026304781220015493
9319,9.319,-1.8653830315188256,78.0999999999999,0.00025377825640284933
9320,9.32,-1.4346203183963742,77.99999999999996,0.00024452285576086717
9321,9.321,-1.3295573260188482,77.90000000000002,0.00023528358626903148
9322,9.322000000000001,-1.8730986418032018,77.79999999999986,0.00022606240526581507
9323,9.323,-2.0357301131921792,77.69999999999992,0.00021686125112768386
9324,9.324,-1.4686441528100747,77.59999999999998,0.000207682042970103
9325,9.325000000000001,-1.0882588375390359,77.49999999999993,0.00019852668035523835
9326,9.326,-1.385798012237196,77.39999999999999,0.00018939704300634865
9327,9.327,-2.26784914379187,77.30000000000005,0.0001802949905288835
9328,9.328,-1.5508275008919066,77.2,0.00017122236213831994
9329,9.329,-1.0356119385678835,77.09999999999995,0.00016218097639473072
9330,9.33,-2.0257236874763267,77.00000000000001,0.00015317263094410813
9331,9.331,-0.24798407908124415,76.90000000000008,0.00014419910226643612
9332,9.332,-0.08673754948534695,76.79999999999991,0.0001352621454305235
9333,9.333,-0.4848468389839872,76.69999999999997,0.0001263634938557072
9334,9.334,0.7291050968082,76.60000000000005,0.00011750485908007615
9335,9.335,0.4831934336859005,76.49999999999989,0.00010868793053579566
9336,9.336,1.208792656420973,76.39999999999995,9.991437533104692e-05
9337,9.337,0.9740561536148307,76.30000000000001,9.118583803868859e-05
9338,9.338000000000001,1.742093770034069,76.19999999999996,8.250394049175551e-05
9339,9.339,1.487366579621728,76.09999999999991,7.387028158588987e-05
9340,9.34,1.8212331087577383,75.99999999999997,6.528643708824247e-05
9341,9.341000000000001,1.7894960514035012,75.89999999999992,5.6753959453289465e-05
9342,9.342,1.9606096441338716,75.79999999999998,4.8274377645546364e-05
9343,9.343,1.8139394496432035,75.70000000000005,3.9849196968713235e-05
9344,9.344,1.7420314203934633,75.60000000000011,3.14798989018149e-05
9345,9.345,1.8981382231769364,75.49999999999994,2.3167940941865318e-05
9346,9.346,1.943631183739685,75.4,1.4914756453495671e-05
9347,9.347,1.4569961508230582,75.30000000000007,6.72175452494622e-06
9348,9.348,2.304665380362337,75.1999999999999,-1.409680169025074e-06
9349,9.349,1.347641479117471,75.09999999999997,-9.478187497678919e-06
9350,9.35,1.4798933631849716,75.00000000000003,-1.7482431998181564e-05
9351,9.351,1.2337293887163623,74.89999999999986,-2.54211029928798e-05
9352,9.352,0.8916587803375441,74.79999999999993,-3.329291469998738e-05
9353,9.353,0.37322160900019563,74.69999999999999,-4.109660633770568e-05
9354,9.354000000000001,0.49773834931466143,74.59999999999994,-4.883094222182147e-05
9355,9.355,0.35930361279039286,74.5,-5.649471185669988e-05
9356,9.356,0.8938606894453532,74.40000000000006,-6.408673002002361e-05
9357,9.357,0.5506358817667796,74.30000000000001,-7.160583684076905e-05
9358,9.358,0.5259300758507192,74.19999999999996,-7.90508978710048e-05
9359,9.359,-0.14154296251362297,74.10000000000002,-8.642080415111728e-05
9360,9.36,0.5077850318483008,74.00000000000009,-9.371447226891492e-05
9361,9.361,0.2130916161714662,73.89999999999992,-0.00010093084441212385
9362,9.362,0.4154025659532248,73.79999999999998,-0.00010806888841475013
9363,9.363,1.0382903716263103,73.70000000000006,-0.00011512759779722491
9364,9.364,0.09321945706503965,73.5999999999999,-0.00012210599180029994
9365,9.365,0.33440831489284295,73.49999999999994,-0.00012900311541262006
9366,9.366,0.09948050672299846,73.40000000000002,-0.0001358180393924346
9367,9.367,1.0121251628020747,73.29999999999997,-0.00014254986028300315
9368,9.368,0.9112836771497057,73.19999999999992,-0.00014919770042204052
9369,9.369,-0.40167454667650937,73.09999999999998,-0.00015576070794513295
9370,9.370000000000001,0.0893287639549421,72.99999999999993,-0.00016223805678319787
9371,9.371,0.030247989213430942,72.89999999999999,-0.00016862894665403347
9372,9.372,-0.33057919755866527,72.80000000000005,-0.00017493260304798678
9373,9.373,0.2768207069318814,72.70000000000012,-0.00018114827720781316
9374,9.374,0.329320787880695,72.59999999999995,-0.00018727524610275432
9375,9.375,0.43325233707841065,72.50000000000001,-0.00019331281239690768
9376,9.376,0.5366040374292127,72.40000000000008,-0.0001992603044119033
9377,9.377,-0.44140699714707893,72.29999999999991,-0.0002051170760839954
9378,9.378,-0.5982743497804477,72.19999999999997,-0.00021088250691549986
9379,9.379,-0.6969553391670239,72.10000000000004,-0.00021655600192090795
9380,9.38,-0.356696504620831,71.99999999999987,-0.00022213699156730204
9381,9.381,-0.004017097812525572,71.89999999999993,-0.00022762493170948978
9382,9.382,0.2510403735591703,71.8,-0.00023301930351988918
9383,9.383000000000001,0.1416499652380545,71.69999999999995,-0.00023831961341290323
9384,9.384,-0.06201627553957778,71.60000000000001,-0.00024352539296420078
9385,9.385,-0.7178730846329153,71.50000000000007,-0.00024863619882483317
9386,9.386000000000001,-0.09160303384017637,71.39999999999992,-0.0002536516126302203
9387,9.387,-0.8023718369695936,71.29999999999998,-0.0002585712409039586
9388,9.388,-1.0535600919289543,71.20000000000005,-0.0002633947149568484
9389,9.389,-0.10308067970985746,71.10000000000011,-0.0002681216907808145
9390,9.39,-0.34267613432398203,70.99999999999994,-0.00027275184893809
9391,9.391,-0.9984317484472922,70.9,-0.0002772848944454135
9392,9.392,-1.029824882022902,70.80000000000007,-0.00028172055665369553
9393,9.393,-0.5230870419592508,70.6999999999999,-0.0002860585891228521
9394,9.394,-0.34067388125616804,70.59999999999997,-0.0002902987694920867
9395,9.395,-1.2029942316039348,70.50000000000003,-0.00029444089934560263
9396,9.396,-0.5766356363535678,70.39999999999998,-0.00029848480407383254
9397,9.397,-0.909917348902314,70.29999999999993,-0.0003024303327302696
9398,9.398,-0.776448321098085,70.19999999999999,-0.0003062773578839133
9399,9.399000000000001,-1.3479911464247039,70.09999999999994,-0.0003100257754674713
9400,9.4,-1.0819707651740136,70.0,-0.0003136755046212787
9401,9.401,-1.7675894711659215,69.90000000000006,-0.0003172264875332037
9402,9.402000000000001,-1.270889077681923,69.7999999999999,-0.0003206786892743034
9403,9.403,-1.5836681821085856,69.69999999999996,-0.00032403209763057515
9404,9.404,-1.667143194508064,69.60000000000002,-0.0003272867229307727
9405,9.405,-0.4307640659089349,69.50000000000009,-0.0003304425978703311
9406,9.406,-1.7848854381587016,69.39999999999992,-0.00033349977733145123
9407,9.407,-1.8607760744299566,69.29999999999998,-0.00033645833819950744
9408,9.408,-1.7469963446876573,69.20000000000005,-0.0003393183791758044
9409,9.409,-1.6062396416898883,69.09999999999988,-0.00034208002058673835
9410,9.41,-1.4514896424975563,68.99999999999994,-0.0003447434041893757
9411,9.411,-0.9978449490350554,68.9,-0.00034730869297370067
9412,9.412,-0.8648027750439488,68.79999999999995,-0.00034977607096145394
9413,9.413,-0.608223546756661,68.70000000000002,-0.00035214574300159287
9414,9.414,-0.6419238718105374,68.59999999999998,-0.00035441793456266
9415,9.415000000000001,-0.11549301120640848,68.49999999999993,-0.0003565928915219041
9416,9.416,0.1403017948700732,68.39999999999999,-0.00035867087995136737
9417,9.417,0.16197666036613284,68.30000000000005,-0.0003606521859009421
9418,9.418000000000001,0.28469279256688057,68.19999999999989,-0.0003625371151785114
9419,9.419,0.7072984105249928,68.09999999999995,-0.0003643259931272101
9420,9.42,0.47597000118491634,68.00000000000001,-0.0003660191643999593
9421,9.421,1.5742547253537802,67.90000000000008,-0.0003676169927311976
9422,9.422,0.7570295342385249,67.79999999999991,-0.0003691198607060448
9423,9.423,1.4105417610965416,67.69999999999997,-0.00037052816952688874
9424,9.424,1.9551219277645508,67.60000000000004,-0.0003718423387774539
9425,9.425,2.0275122214903907,67.49999999999987,-0.0003730628061844938
9426,9.426,1.5169499503059627,67.39999999999993,-0.00037419002737709483
9427,9.427,2.3193328558068815,67.3,-0.0003752244756437779
9428,9.428,1.7670219743992441,67.19999999999995,-0.0003761666416873227
9429,9.429,1.8460169032917935,67.10000000000001,-0.0003770170333775322
9430,9.43,1.5162107180832018,67.00000000000007,-0.00037777617550193413
9431,9.431000000000001,1.9626045502884766,66.8999999999999,-0.0003784446095145094
9432,9.432,1.6975526914470627,66.79999999999997,-0.0003790228932824914
9433,9.433,1.251202848442263,66.70000000000003,-0.0003795116008313888
9434,9.434000000000001,1.3144455685003467,66.59999999999987,-0.0003799113220882179
9435,9.435,1.1123461503639347,66.49999999999993,-0.0003802226626230727
9436,9.436,1.1482710777570062,66.39999999999999,-0.00038044624338906855
9437,9.437,0.6750206453035286,66.30000000000007,-0.0003805827004607693
9438,9.438,0.6748199605450427,66.1999999999999,-0.00038063268477114506
9439,9.439,0.4148886571137132,66.09999999999997,-0.00038059686184714327
9440,9.44,0.7435686200265716,66.00000000000003,-0.00038047591154392744
9441,9.441,0.7296426657973158,65.89999999999998,-0.0003802705277778867
9442,9.442,-0.008084363955274676,65.80000000000004,-0.0003799814182584703
9443,9.443,0.865471650145498,65.69999999999999,-0.0003796093042189014
9444,9.444,1.060303444573227,65.59999999999994,-0.0003791549201458724
9445,9.445,0.775731880927481,65.5,-0.0003786190135082822
9446,9.446,0.5849309014259151,65.40000000000006,-0.00037800234448507003
9447,9.447000000000001,0.037772714645879,65.2999999999999,-0.0003773056856922345
9448,9.448,0.41307209789771104,65.19999999999996,-0.0003765298219091023
9449,9.449,0.27588832370272687,65.10000000000002,-0.0003756755498039068
9450,9.450000000000001,0.7551250977196652,64.99999999999986,-0.00037474367765876734
9451,9.451,-0.13915365328913043,64.89999999999992,-0.00037373502509411004
9452,9.452,0.3584853310953806,64.79999999999998,-0.0003726504227926204
9453,9.453,0.3846204104139704,64.70000000000005,-0.00037149071222278057
9454,9.454,0.9740284487551001,64.59999999999988,-0.0003702567453620708
9455,9.455,0.30179996787302066,64.49999999999994,-0.00036894938441989997
9456,9.456,0.5236293940064491,64.4,-0.000367569501560314
9457,9.457,-0.18321039761052188,64.29999999999995,-0.00036611797862457087
9458,9.458,0.1340229144951326,64.20000000000002,-0.0003645957068536515
9459,9.459,0.0912501552143018,64.10000000000008,-0.00036300358661072737
9460,9.46,0.5166273420177013,63.99999999999992,-0.00036134252710371225
9461,9.461,-0.5941055125221105,63.899999999999984,-0.00035961344610792203
9462,9.462,-0.031665906111127406,63.80000000000005,-0.0003578172696888979
9463,9.463000000000001,-0.47192049692990445,63.69999999999988,-0.0003559549319254929
9464,9.464,-0.763272895482316,63.599999999999945,-0.0003540273746332685
9465,9.465,0.026373583524492483,63.50000000000001,-0.00035203554708823143
9466,9.466000000000001,-0.3715547226664815,63.39999999999984,-0.00034998040575101954
9467,9.467,-0.2441298881739351,63.299999999999905,-0.0003478629139915942
9468,9.468,-0.19263646651995076,63.199999999999974,-0.0003456840418144263
9469,9.469,-0.010306667605381126,63.10000000000004,-0.00034344476558435995
9470,9.47,-1.286151745077059,62.999999999999986,-0.00034114606775309016
9471,9.471,-1.2142961431244312,62.90000000000005,-0.00033878893658641554
9472,9.472,-0.9420579935229363,62.8,-0.00033637436589220907
9473,9.473,-1.2383276854826635,62.699999999999946,-0.00033390335474930223
9474,9.474,-1.391603061935682,62.60000000000001,-0.0003313769072372351
9475,9.475,-0.6771284932822005,62.50000000000007,-0.0003287960321669383
9476,9.476,-0.46037745735540625,62.399999999999906,-0.00032616174281244756
9477,9.477,-0.7498237033417531,62.29999999999997,-0.00032347505664371076
9478,9.478,-1.0634642492506607,62.20000000000003,-0.000320736995060442
9479,9.479000000000001,-1.0017719412534978,62.099999999999866,-0.0003179485831271992
9480,9.48,-1.1991868061308626,61.99999999999993,-0.0003151108493096801
9481,9.481,-1.178451948499768,61.89999999999999,-0.00031222482521226045
9482,9.482,-1.2998867134532024,61.80000000000006,-0.0003092915453168995
9483,9.483,-1.3759575607626366,61.699999999999896,-0.00030631204672337364
9484,9.484,-1.6728063362596877,61.59999999999996,-0.0003032873688910069
9485,9.485,-1.1021571684964977,61.50000000000002,-0.0003002185533817841
9486,9.486,-1.4361868390417785,61.39999999999997,-0.00029710664360506014
9487,9.487,-2.0790441848694172,61.30000000000003,-0.0002939526845638112
9488,9.488,-1.867496505457435,61.200000000000095,-0.0002907577226024936
9489,9.489,-1.6674298188755265,61.09999999999993,-0.00028752280515658286
9490,9.49,-1.9728624615440788,60.99999999999999,-0.00028424898050382106
9491,9.491,-1.5300035482897467,60.900000000000055,-0.00028093729751719457
9492,9.492,-1.7965335708607086,60.79999999999989,-0.0002775888054197252
9493,9.493,-1.199465542030285,60.69999999999995,-0.0002742045535411272
9494,9.494,-1.2064131000628804,60.60000000000002,-0.0002707855910762579
9495,9.495000000000001,-1.1193454083391399,60.49999999999986,-0.00026733296684559806
9496,9.496,-1.5695889089629231,60.39999999999992,-0.0002638477290576469
9497,9.497,-0.724395656290501,60.29999999999998,-0.000260330925073291
9498,9.498,-0.17376891470013028,60.200000000000045,-0.0002567836011722506
9499,9.499,-0.31320128183934337,60.099999999999994,-0.0002532068023216217
9500,9.5,0.5286159064728618,60.00000000000006,-0.0002496015719465184
9501,9.501,0.013641053534512698,59.900000000000006,-0.00024596895170283893
9502,9.502,1.2556981090649342,59.799999999999955,-0.0002423099812522518
9503,9.503,1.20676046397615,59.70000000000002,-0.00023862569803945958
9504,9.504,0.7720646731947703,59.60000000000008,-0.0002349171370716094
9505,9.505,1.1041919208420128,59.499999999999915,-0.00023118533070009038
9506,9.506,1.5893385898294714,59.39999999999998,-0.00022743130840462703
9507,9.507,2.067021680675084,59.30000000000005,-0.00022365609657972228
9508,9.508000000000001,1.0638803767707306,59.19999999999988,-0.00021986071832350655
9509,9.509,1.3241512123021575,59.099999999999945,-0.00021604619322900402
9510,9.51,1.6180594731050262,59.00000000000001,-0.0002122135371778355
9511,9.511000000000001,1.1096842758115342,58.899999999999956,-0.0002083637621364111
9512,9.512,1.5045794102148127,58.799999999999905,-0.00020449787595466407
9513,9.513,1.8370475663832564,58.69999999999997,-0.0002006168821672129
9514,9.514,1.3833397045462459,58.60000000000003,-0.00019672177979722068
9515,9.515,1.8032754591472284,58.49999999999998,-0.00019281356316273597
9516,9.516,2.1140123675592246,58.40000000000004,-0.00018889322168572418
9517,9.517,1.7752304088231166,58.300000000000104,-0.00018496173970362253
9518,9.518,1.728769877195996,58.19999999999994,-0.00018102009628367924
9519,9.519,1.279733188265443,58.10000000000001,-0.00017706926503992357
9520,9.52,0.9510728818971176,58.00000000000007,-0.00017311021395276005
9521,9.521,1.2554039282948544,57.899999999999906,-0.0001691439051914201
9522,9.522,0.8121388575275821,57.79999999999997,-0.00016517129493908345
9523,9.523,0.9445630392965398,57.70000000000003,-0.00016119333322073598
9524,9.524000000000001,0.3456652918534782,57.599999999999866,-0.0001572109637338361
9525,9.525,0.3363835192372481,57.49999999999993,-0.0001532251236818425
9526,9.526,0.48489982211240934,57.39999999999999,-0.00014923674361042396
9527,9.527000000000001,-0.19084639521452818,57.29999999999994,-0.00014524674724660316
9528,9.528,0.450616113205852,57.2,-0.0001412560513407115
9529,9.529,1.353842095005156,57.09999999999995,-0.00013726556551119478
9530,9.53,0.21807122076730473,57.000000000000014,-0.0001332761920923094
9531,9.531,0.5510662442700273,56.89999999999996,-0.0001292888259846917
9532,9.532,1.040842673839887,56.800000000000026,-0.00012530435450883499
9533,9.533,0.28951248556313647,56.700000000000095,-0.00012132365726146475
9534,9.534,-0.35230753836622763,56.59999999999993,-0.0001173476059748446
9535,9.535,-0.11290924015028525,56.49999999999999,-0.00011337706437900821
9536,9.536,0.7569285820919609,56.400000000000055,-0.00010941288806692405
9537,9.537,0.3549635515341998,56.29999999999989,-0.00010545592436260793
9538,9.538,0.49294442007525774,56.19999999999995,-0.00010150701219223019
9539,9.539,0.13385599724952335,56.100000000000016,-9.756698195807355e-05
9540,9.540000000000001,-0.058930151910831896,55.99999999999985,-9.363665541559603e-05
9541,9.541,0.9711827589133819,55.89999999999991,-8.971684555339686e-05
9542,9.542,0.4105594406084385,55.799999999999976,-8.580835647613213e-05
9543,9.543000000000001,0.4135773886885218,55.69999999999993,-8.191198329043815e-05
9544,9.544,-0.07265951702992407,55.599999999999994,-7.802851199390606e-05
9545,9.545,-1.0291761654063112,55.50000000000006,-7.415871936690661e-05
9546,9.546,-0.441990645130791,55.40000000000012,-7.030337286751817e-05
9547,9.547,-0.06532262918528314,55.299999999999955,-6.64632305293572e-05
9548,9.548,-0.041016136154499394,55.20000000000002,-6.263904086251069e-05
9549,9.549,-1.1342342933823113,55.10000000000008,-5.883154275731892e-05
9550,9.55,-0.6336702119855595,54.999999999999915,-5.504146539121382e-05
9551,9.551,-0.9682318484528111,54.89999999999998,-5.126952813860245e-05
9552,9.552,-0.4176391019222888,54.80000000000004,-4.751644048359848e-05
9553,9.553,-1.4594558081356908,54.699999999999875,-4.3782901935838544e-05
9554,9.554,-0.15949407322537745,54.59999999999994,-4.0069601949233594e-05
9555,9.555,-1.0896621728337532,54.5,-3.637721984369357e-05
9556,9.556000000000001,-0.3524197986383932,54.39999999999995,-3.27064247298134e-05
9557,9.557,-0.8904352660242749,54.30000000000001,-2.9057875436559226e-05
9558,9.558,-1.0384933380009165,54.19999999999997,-2.5432220441801125e-05
9559,9.559000000000001,-0.804173980644719,54.099999999999916,-2.1830097805925535e-05
9560,9.56,-0.9551354489616503,53.99999999999998,-1.825213510832165e-05
9561,9.561,-1.2902922980806075,53.90000000000004,-1.4698949386734166e-05
9562,9.562,-0.440307568114664,53.800000000000104,-1.1171147079667813e-05
9563,9.563,-1.2550689088606304,53.69999999999994,-7.669323971591869e-06
9564,9.564,-1.356089193615531,53.6,-4.194065141126759e-06
9565,9.565,-1.2572445403120835,53.500000000000064,-7.459449120101524e-07
9566,9.566,-1.4474727014223467,53.3999999999999,2.674473192929373e-06
9567,9.567,-0.8994809949947264,53.29999999999997,6.066636495001995e-06
9568,9.568,-2.058473058084741,53.20000000000003,9.430003200053254e-06
9569,9.569,-0.9539617899548046,53.099999999999866,1.276404243600055e-05
9570,9.57,-1.2239395821299048,52.99999999999993,1.6068234287477967e-05
9571,9.571,-1.5953623581212466,52.89999999999999,1.9342069827795387e-05
9572,9.572000000000001,-1.3261070995731803,52.79999999999994,2.2585051148001844e-05
9573,9.573,-1.3083324402544945,52.7,2.579669138320794e-05
9574,9.574,-1.8432990526619624,52.600000000000065,2.8976514736135404e-05
9575,9.575000000000001,-1.358560911679868,52.4999999999999,3.212405649791877e-05
9576,9.576,-0.6520620434490787,52.39999999999996,3.523886306617592e-05
9577,9.577,-1.364080379180933,52.300000000000026,3.832049196036259e-05
9578,9.578,-0.8834309388051745,52.20000000000009,4.136851183443268e-05
9579,9.579,-1.8216644539461182,52.09999999999992,4.4382502486819294e-05
9580,9.58,-0.5755116920377119,51.999999999999986,4.736205486775927e-05
9581,9.581,-0.752753008143063,51.90000000000005,5.030677108397461e-05
9582,9.582,-0.1923382146984068,51.79999999999989,5.321626440074437e-05
9583,9.583,-0.19817715011200812,51.69999999999995,5.609015924134012e-05
9584,9.584,0.9011737221697463,51.600000000000016,5.892809118397153e-05
9585,9.585,0.1723513003138574,51.499999999999964,6.172970695606314e-05
9586,9.586,0.6461700261935183,51.40000000000003,6.449466442605624e-05
9587,9.587,0.03075997529457808,51.299999999999976,6.722263259271272e-05
9588,9.588000000000001,1.1843036521449497,51.199999999999925,6.99132915719112e-05
9589,9.589,1.55231722236692,51.09999999999999,7.256633258092029e-05
9590,9.59,1.577591465379723,51.00000000000005,7.518145792032583e-05
9591,9.591000000000001,1.624609420868587,50.89999999999989,7.775838095349066e-05
9592,9.592,2.109978022647016,50.799999999999955,8.029682608356538e-05
9593,9.593,1.5499514003249626,50.70000000000001,8.279652872823125e-05
9594,9.594,1.70626569177499,50.60000000000008,8.525723529200993e-05
9595,9.595,1.408113332360073,50.499999999999915,8.767870313631553e-05
9596,9.596,1.0511256264000968,50.39999999999998,9.006070054712334e-05
9597,9.597,1.2326979401194975,50.30000000000004,9.240300670047408e-05
9598,9.598,1.7251028606788483,50.199999999999875,9.470541162565446e-05
9599,9.599,1.2564379669336248,50.09999999999994,9.696771616619389e-05
9600,9.6,1.8927899559064827,50.0,9.918973193865885e-05
9601,9.601,1.3882040970148566,49.89999999999995,0.00010137128128928631
9602,9.602,0.9963855090836179,49.80000000000001,0.0001035121972484838
9603,9.603,0.7336788835897208,49.700000000000074,0.00010561232348321113
9604,9.604000000000001,1.2177288966011568,49.59999999999991,0.00010767151424729464
9605,9.605,1.4222602357387206,49.49999999999997,0.00010968963432965704
9606,9.606,0.2730807131666676,49.400000000000034,0.00011166655900058952
9607,9.607,0.9317780360236882,49.3000000000001,0.00011360217395594001
9608,9.608,1.0586246932629804,49.19999999999994,0.00011549637525940537
9609,9.609,1.402618007092471,49.1,0.00011734906928283543
9610,9.61,0.6133438418375158,49.000000000000064,0.00011916017264469278
9611,9.611,1.3774828623140762,48.8999999999999,0.00012092961214655593
9612,9.612,0.8581056735141077,48.79999999999996,0.00012265732470781942
9613,9.613,0.48231025103458663,48.700000000000024,0.00012434325729858024
9614,9.614,1.075795596151753,48.59999999999997,0.00012598736687072863
9615,9.615,0.9884574132261869,48.49999999999992,0.00012758962028724076
9616,9.616,0.6477144556617356,48.399999999999984,0.0001291499942498135
9617,9.617,0.8894291461520554,48.29999999999993,0.00013066847522475155
9618,9.618,0.18876362857404794,48.2,0.00013214505936720924
9619,9.619,0.30920807758246377,48.100000000000065,0.00013357975244378639
9620,9.620000000000001,-0.6153786888836283,47.9999999999999,0.00013497256975353135
9621,9.621,0.2684516317223195,47.89999999999996,0.00013632353604736737
9622,9.622,-0.06179823792897565,47.800000000000026,0.00013763268544597377
9623,9.623,0.10151253011856642,47.70000000000009,0.0001389000613561628
9624,9.624,-0.1927227631145793,47.59999999999992,0.0001401257163857752
9625,9.625,-0.06352515010022755,47.499999999999986,0.0001413097122571366
9626,9.626,0.14719680906823032,47.40000000000005,0.0001424521197190872
9627,9.627,-0.13518523272622573,47.29999999999988,0.0001435530184576418
9628,9.628,-0.5474155209715805,47.199999999999946,0.00014461249700528018
9629,9.629,-0.38904301152001663,47.10000000000001,0.00014563065264895867
9630,9.63,-0.6517306864291312,46.99999999999996,0.0001466075913367831
9631,9.631,-0.8228348870458366,46.90000000000003,0.00014754342758345514
9632,9.632,-0.566450497657958,46.80000000000008,0.00014843828437451583
9633,9.633000000000001,0.45455097151729573,46.69999999999992,0.00014929229306935327
9634,9.634,-0.9384246598707923,46.59999999999999,0.00015010559330308268
9635,9.635,0.4670459308112641,46.50000000000005,0.00015087833288730124
9636,9.636000000000001,-0.10474870773758455,46.399999999999885,0.0001516106677097454
9637,9.637,-0.11884072431798431,46.29999999999995,0.00015230276163286582
9638,9.638,-0.11695270905011945,46.20000000000001,0.0001529547863914097
9639,9.639,-0.3212518082791165,46.10000000000007,0.00015356692148898028
9640,9.64,-1.091409609377274,45.99999999999991,0.00015413935409364953
9641,9.641,-0.06273058879993687,45.89999999999998,0.00015467227893260942
9642,9.642,-0.46932874253913637,45.80000000000003,0.0001551658981859588
9643,9.643,-0.356885746992769,45.69999999999999,0.00015562042137959843
9644,9.644,-0.9929861212580713,45.59999999999994,0.0001560360652772987
9645,9.645,-0.21145021354861082,45.5,0.00015641305377195504
9646,9.646,-1.0376439668022388,45.39999999999995,0.00015675161777607813
9647,9.647,-0.9827972511050204,45.30000000000001,0.00015705199511154572
9648,9.648,-1.0399578557839784,45.200000000000074,0.00015731443039863425
9649,9.649000000000001,-1.3615323150042822,45.09999999999991,0.00015753917494438078
9650,9.65,-1.0601218307447566,44.99999999999997,0.00015772648663029667
9651,9.651,-1.6410848814771353,44.900000000000034,0.00015787662979947447
9652,9.652000000000001,-1.601674834395165,44.79999999999987,0.00015798987514309423
9653,9.653,-1.7285319603705103,44.69999999999993,0.0001580664995863938
9654,9.654,-1.4037229201650774,44.599999999999994,0.0001581067861741102
9655,9.655,-1.6733239121006376,44.50000000000006,0.00015811102395543798
9656,9.656,-1.2350858917427239,44.3999999999999,0.00015807950786851822
9657,9.657,-1.430044438575971,44.299999999999955,0.00015801253862450474
9658,9.658,-2.5538154635450403,44.200000000000024,0.0001579104225912339
9659,9.659,-1.3084653146689047,44.09999999999997,0.0001577734716765275
9660,9.66,-0.9003080938855456,44.000000000000036,0.00015760200321114846
9661,9.661,-0.9419204558013334,43.9000000000001,0.00015739633983146272
9662,9.662,-0.6195283365127622,43.79999999999993,0.00015715680936181488
9663,9.663,-1.0123834217923895,43.699999999999996,0.00015688374469665796
9664,9.664,0.03171316303948535,43.60000000000006,0.00015657748368246585
9665,9.665000000000001,-0.5491149697940512,43.4999999999999,0.00015623836899945646
9666,9.666,0.3007747793185037,43.399999999999956,0.0001558667480431579
9667,9.667,0.5351907048315155,43.300000000000026,0.00015546297280583647
9668,9.668000000000001,0.30254241973160007,43.19999999999986,0.00015502739975782801
9669,9.669,0.6869432593710236,43.09999999999992,0.0001545603897288003
9670,9.67,0.28694359768458333,42.999999999999986,0.00015406230778895925
9671,9.671,1.2406589615822456,42.90000000000005,0.0001535335231302454
9672,9.672,1.0511541130804896,42.8,0.00015297440894753887
9673,9.673,1.3079570831644118,42.699999999999946,0.00015238534231990785
9674,9.674,0.6725153863688094,42.60000000000001,0.00015176670409191315
9675,9.675,1.4177952043975164,42.49999999999996,0.0001511188787550122
9676,9.676,1.6458710713568496,42.40000000000002,0.00015044225432908745
9677,9.677,0.5842133393041637,42.30000000000008,0.00014973722224410882
9678,9.678,1.61402535258796,42.19999999999992,0.00014900417722198066
9679,9.679,1.9978257714304726,42.09999999999998,0.00014824351715858714
9680,9.68,1.5279482678127903,42.00000000000004,0.00014745564300605333
9681,9.681000000000001,1.580652753239922,41.89999999999988,0.00014664095865526532
9682,9.682,1.685858456678867,41.79999999999994,0.0001457998708186733
9683,9.683,1.382076645468067,41.70000000000001,0.00014493278891337738
9684,9.684000000000001,1.2074044257754442,41.599999999999845,0.0001440401249445552
9685,9.685,1.279144008742046,41.49999999999991,0.00014312229338923866
9686,9.686,0.17633236181148926,41.39999999999997,0.000142179711080457
9687,9.687,0.7777887181317052,41.30000000000003,0.00014121279709179075
9688,9.688,1.3537935020656573,41.19999999999998,0.00014022197262233757
9689,9.689,1.4372981815349992,41.100000000000044,0.0001392076608821379
9690,9.69,0.2865966314985462,40.99999999999999,0.00013817028697805348
9691,9.691,0.8424043787004443,40.89999999999995,0.00013711027780015248
9692,9.692,0.9091178426006429,40.80000000000001,0.0001360280619086053
9693,9.693,0.7687885826743441,40.700000000000074,0.00013492406942111146
9694,9.694,0.2755293574590599,40.59999999999991,0.00013379873190089153
9695,9.695,0.17631278958336932,40.49999999999997,0.00013265248224526895
9696,9.696,0.6248757111007649,40.400000000000034,0.0001314857545748259
9697,9.697000000000001,0.6580840699078452,40.29999999999987,0.00013029898412321192
9698,9.698,0.6214672147893805,40.19999999999993,0.00012909260712758847
9699,9.699,0.28752659513188517,40.099999999999994,0.0001278670607197207
9700,9.700000000000001,0.8370545211552798,39.99999999999994,0.00012662278281776987
9701,9.701,0.18097072292259545,39.89999999999989,0.00012536021201879809
9702,9.702,-0.27027280007818394,39.799999999999955,0.00012407978749196728
9703,9.703,1.481035761704398,39.70000000000002,0.00012278194887250165
9704,9.704,0.6894346166071554,39.599999999999966,0.00012146713615641132
9705,9.705,1.2213378785538915,39.50000000000003,0.00012013578959599243
9706,9.706,0.9794336838204655,39.40000000000009,0.00011878834959611307
9707,9.707,0.7866555248314482,39.29999999999993,0.00011742525661132307
9708,9.708,0.6404623584866845,39.19999999999999,0.00011604695104381565
9709,9.709,0.2626947216191041,39.10000000000005,0.00011465387314219911
9710,9.71,-0.0883042650220986,38.99999999999989,0.00011324646290116497
9711,9.711,-0.2188301816467273,38.899999999999956,0.00011182515996203222
9712,9.712,-0.4471719822460701,38.80000000000002,0.0001103904035141817
9713,9.713000000000001,-0.21966987182637765,38.699999999999854,0.00010894263219741489
9714,9.714,-0.29742344168422463,38.599999999999916,0.00010748228400523961
9715,9.715,0.3352051590977668,38.499999999999986,0.00010600979618909529
9716,9.716000000000001,-0.9249151073698488,38.399999999999935,0.00010452560516354167
9717,9.717,0.05006001394670978,38.29999999999999,0.00010303014641243477
9718,9.718,-0.38582235759769684,38.20000000000006,0.0001015238543960517
9719,9.719,-0.28208353341426906,38.10000000000001,0.00010000716245926508
9720,9.72,-0.3324584732385504,37.99999999999996,9.848050274069618e-05
9721,9.721,-0.7971797498176747,37.90000000000002,9.694430608292403e-05
9722,9.722,-0.02092595985912199,37.80000000000008,9.53990019436941e-05
9723,9.723,-0.5825009001382491,37.69999999999992,9.384501830822403e-05
9724,9.724,-0.12838574986228002,37.59999999999998,9.228278160255648e-05
9725,9.725,-0.8378590827251076,37.50000000000004,9.071271660797048e-05
9726,9.726,-0.5612782112985522,37.39999999999988,8.913524637649526e-05
9727,9.727,-0.8086826729873078,37.29999999999994,8.755079214754337e-05
9728,9.728,-0.3353483924613488,37.2,8.595977326560217e-05
9729,9.729000000000001,-0.8602846585870232,37.09999999999995,8.436260709908589e-05
9730,9.73,-0.7795883065750879,36.9999999999999,8.275970896030093e-05
9731,9.731,-0.8072848292414684,36.89999999999996,8.11514920265457e-05
9732,9.732,-0.7144617673672117,36.800000000000026,7.953836726236526e-05
9733,9.733,-1.1933931034389693,36.699999999999974,7.792074334294381e-05
9734,9.734,-1.648430510416011,36.600000000000044,7.629902657870248e-05
9735,9.735,-0.7299596002966628,36.5000000000001,7.467362084101302e-05
9736,9.736,-1.3258155992374463,36.39999999999994,7.304492748913228e-05
9737,9.737,-1.9594905871097559,36.300000000000004,7.141334529831226e-05
9738,9.738,-2.2791771265696803,36.20000000000007,6.977927038909842e-05
9739,9.739,-1.7512033629600912,36.09999999999991,6.814309615783494e-05
9740,9.74,-1.450944040545075,35.999999999999964,6.650521320838907e-05
9741,9.741,-2.012364962898149,35.90000000000003,6.4866009285048e-05
9742,9.742,-1.930801044987569,35.79999999999987,6.322586920668766e-05
9743,9.743,-1.9882989313147243,35.69999999999993,6.158517480214336e-05
9744,9.744,-1.402965213740534,35.599999999999994,5.994430484678073e-05
9745,9.745000000000001,-1.5371668971669126,35.49999999999994,5.830363500035363e-05
9746,9.746,-0.8236613402940842,35.400000000000006,5.666353774607419e-05
9747,9.747,-1.2866192396672025,35.30000000000007,5.50243823309125e-05
9748,9.748,-0.41205671222207946,35.20000000000002,5.338653470715915e-05
9749,9.749,0.1588767547772857,35.099999999999966,5.1750357475244214e-05
9750,9.75,-0.8880248144259051,35.00000000000003,5.0116209827802844e-05
9751,9.751,-0.38406038154960626,34.90000000000009,4.8484447494979107e-05
9752,9.752,0.5757075346446616,34.799999999999926,4.685542269100177e-05
9753,9.753,1.0205011752058553,34.69999999999999,4.522948406204687e-05
9754,9.754,1.444050319839254,34.60000000000005,4.360697663530605e-05
9755,9.755,0.4765109337301221,34.499999999999886,4.19882417693641e-05
9756,9.756,1.2827731086398628,34.399999999999956,4.037361710582418e-05
9757,9.757,0.8246135823230004,34.30000000000001,3.87634365221986e-05
9758,9.758000000000001,1.4743690263577889,34.19999999999997,3.715803008606768e-05
9759,9.759,1.3426193744914352,34.099999999999916,3.555772401050661e-05
9760,9.76,1.7299100628166064,33.99999999999998,3.396284061077464e-05
9761,9.761000000000001,2.069648509383011,33.89999999999993,3.2373698262271276e-05
9762,9.762,1.2462611360367266,33.79999999999998,3.079061135977366e-05
9763,9.763,0.6939358577010564,33.70000000000005,2.9213890277894723e-05
9764,9.764,1.5656770009870347,33.600000000000115,2.7643841332863213e-05
9765,9.765,1.0644226461189459,33.49999999999996,2.608076674551932e-05
9766,9.766,1.8010560096648303,33.40000000000002,2.4524964605605055e-05
9767,9.767,1.22428422962392,33.300000000000075,2.2976728837265522e-05
9768,9.768,1.043890165218234,33.19999999999992,2.143634916586164e-05
9769,9.769,0.8968832581877794,33.09999999999998,1.9904111086007395e-05
9770,9.77,1.2170381354571003,33.000000000000036,1.838029583084714e-05
9771,9.771,0.6694291171047252,32.89999999999988,1.686518034258976e-05
9772,9.772,0.7307866358158411,32.79999999999994,1.5359037244315152e-05
9773,9.773,0.8512183730928483,32.7,1.3862134812967588e-05
9774,9.774000000000001,0.702903606058176,32.59999999999995,1.2374736953612722e-05
9775,9.775,0.4880555201460768,32.500000000000014,1.0897103174950457e-05
9776,9.776,0.30521269916844995,32.39999999999996,9.429488566001406e-06
9777,9.777000000000001,0.5117010450666298,32.29999999999991,7.972143774058545e-06
9778,9.778,0.5967462993426635,32.199999999999974,6.525314983839738e-06
9779,9.779,0.3399975075917381,32.10000000000004,5.089243897854456e-06
9780,9.78,0.45487622647796555,32.0000000000001,3.664167717978239e-06
9781,9.781,1.276063432868133,31.899999999999935,2.250319128227883e-06
9782,9.782,-0.2652480971628468,31.800000000000004,8.479262787320463e-07
9783,9.783,0.6496334590898121,31.700000000000063,-5.427872291093377e-07
9784,9.784,0.5332137971452778,31.599999999999902,-1.9216023562827595e-06
9785,9.785,0.16091308206852536,31.499999999999964,-3.288304638642973e-06
9786,9.786,0.07304121497077692,31.400000000000023,-4.642684198225504e-06
9787,9.787,0.6201890573057092,31.299999999999862,-5.9845357533998305e-06
9788,9.788,-0.6146492701274984,31.199999999999925,-7.313658627851759e-06
9789,9.789,0.5602272454781438,31.099999999999987,-8.629856758458261e-06
9790,9.790000000000001,0.14250544622334307,30.999999999999936,-9.932938701972085e-06
9791,9.791,-0.1359071600442131,30.900000000000002,-1.1222717640601753e-05
9792,9.792,-0.1910372358634047,30.80000000000006,-1.249901138647506e-05
9793,9.793000000000001,0.11720221567998693,30.699999999999903,-1.3761642384979502e-05
9794,9.794,-0.636877979855131,30.599999999999962,-1.5010437716970592e-05
9795,9.795,-0.335341885577813,30.500000000000025,-1.6245229099930153e-05
9796,9.796,-0.03928176957452237,30.40000000000009,-1.746585288799505e-05
9797,9.797,0.049859888778480854,30.299999999999923,-1.8672150070935676e-05
9798,9.798,-0.25294992741756234,30.19999999999999,-1.986396627202392e-05
9799,9.799,-0.6661874793074133,30.10000000000005,-2.1041151744888618e-05
9800,9.8,-0.5580367392089338,29.999999999999886,-2.2203561369282613e-05
9801,9.801,-0.5651924817521133,29.899999999999952,-2.3351054645822542e-05
9802,9.802,-0.10598223427013137,29.80000000000001,-2.448349568969266e-05
9803,9.803,0.12576892920867389,29.69999999999996,-2.560075322332761e-05
9804,9.804,-0.7690244126580061,29.600000000000023,-2.670270056808379e-05
9805,9.805,-1.0505256808457997,29.49999999999997,-2.7789215634907175e-05
9806,9.806000000000001,-1.2764389095858473,29.399999999999924,-2.8860180914013884e-05
9807,9.807,-0.23923280447033435,29.29999999999999,-2.9915483463577068e-05
9808,9.808,-1.2002237465899812,29.20000000000005,-3.09550148974771e-05
9809,9.809000000000001,-0.4341820270076327,29.099999999999884,-3.197867137205079e-05
9810,9.81,-0.5070141442798722,28.99999999999995,-3.298635357191671e-05
9811,9.811,-0.46327260936772163,28.900000000000013,-3.3977966694869325e-05
9812,9.812,-0.38469695205929433,28.80000000000007,-3.495342043584031e-05
9813,9.813,-1.2663810324510052,28.69999999999991,-3.59126289699379e-05
9814,9.814,-1.4457050021022693,28.599999999999973,-3.685551093459161e-05
9815,9.815,-2.0023555657715333,28.50000000000004,-3.7781989410826336e-05
9816,9.816,-1.4726471368053031,28.39999999999987,-3.8691991903621806e-05
9817,9.817,-1.0352720728431326,28.29999999999994,-3.95854503214277e-05
9818,9.818,-2.243770811417196,28.2,-4.0462300954828244e-05
9819,9.819,-1.566898463997994,28.099999999999948,-4.132248445435969e-05
9820,9.82,-1.5345288197213776,28.00000000000001,-4.216594580747991e-05
9821,9.821,-1.2951894843444658,27.90000000000007,-4.299263431475461e-05
9822,9.822000000000001,-1.294517573346642,27.799999999999912,-4.380250356521217e-05
9823,9.823,-1.4633462775784782,27.699999999999974,-4.4595511410917245e-05
9824,9.824,-1.8468941201614548,27.600000000000037,-4.5371619940760216e-05
9825,9.825000000000001,-1.282747343377591,27.499999999999872,-4.613079545348187e-05
9826,9.826,-1.6454975878524094,27.399999999999935,-4.687300842994437e-05
9827,9.827,-1.6341672361547372,27.299999999999997,-4.7598233504657085e-05
9828,9.828,-0.8136179243748345,27.20000000000006,-4.830644943657671e-05
9829,9.829,-0.557996171537561,27.099999999999902,-4.899763907919052e-05
9830,9.83,-0.9482086150701654,26.999999999999957,-4.967178934989831e-05
9831,9.831,-0.9227301401156334,26.90000000000002,-5.032889119870183e-05
9832,9.832,-0.7162830204969387,26.79999999999997,-5.096893957622119e-05
9833,9.833,-0.600941767514983,26.70000000000004,-5.1591933401039736e-05
9834,9.834,0.37498345465790395,26.599999999999987,-5.219787552641873e-05
9835,9.835,0.39883372635546377,26.499999999999936,-5.2786772706348694e-05
9836,9.836,1.2325710880406975,26.4,-5.335863556099249e-05
9837,9.837,1.093251779074676,26.30000000000006,-5.391347854152011e-05
9838,9.838000000000001,1.0149548225825127,26.199999999999896,-5.445131989434465e-05
9839,9.839,0.7311936090552127,26.09999999999996,-5.497218162476052e-05
9840,9.84,1.7631826740113985,26.00000000000003,-5.5476089460036745e-05
9841,9.841000000000001,1.46667021250407,25.899999999999856,-5.596307281193322e-05
9842,9.842,0.6492231939686883,25.79999999999992,-5.643316473868591e-05
9843,9.843,0.7789894459819855,25.69999999999999,-5.688640190645412e-05
9844,9.844,1.1076911359644828,25.600000000000044,-5.732282455025705e-05
9845,9.845,2.179776834551812,25.499999999999886,-5.7742476434411485e-05
9846,9.846,1.6895375189479036,25.39999999999995,-5.8145404812464264e-05
9847,9.847,0.1931563680074695,25.30000000000001,-5.8531660386670274e-05
9848,9.848,0.9851603077107624,25.19999999999996,-5.8901297266994505e-05
9849,9.849,1.513907263993332,25.100000000000023,-5.925437292967076e-05
9850,9.85,0.7926897727240613,25.000000000000085,-5.95909481753226e-05
9851,9.851,1.5954077348904403,24.89999999999992,-5.991108708666639e-05
9852,9.852,0.33937726801711954,24.799999999999983,-6.0214856985800076e-05
9853,9.853,0.9391182840297931,24.700000000000045,-6.050232839111108e-05
9854,9.854000000000001,0.2278300041620107,24.599999999999888,-6.0773574973783194e-05
9855,9.855,1.1595445820189076,24.499999999999943,-6.1028673513950116e-05
9856,9.856,0.9495792233729241,24.400000000000006,-6.12677038564953e-05
9857,9.857,0.627196985150729,24.300000000000075,-6.149074886650026e-05
9858,9.858,0.8408983420833167,24.19999999999991,-6.169789438437457e-05
9859,9.859,0.829581692363029,24.099999999999973,-6.188922918066585e-05
9860,9.86,0.4536843159263593,24.000000000000036,-6.206484491057764e-05
9861,9.861,-0.028726216250447023,23.899999999999984,-6.222483606818623e-05
9862,9.862,0.30171281884462464,23.800000000000047,-6.23692999403923e-05
9863,9.863,1.4228047227223448,23.699999999999996,-6.249833656060927e-05
9864,9.864,0.5359646840815583,23.599999999999945,-6.261204866220459e-05
9865,9.865,-0.185286213729001,23.500000000000007,-6.271054163169792e-05
9866,9.866,0.5626962324516565,23.40000000000007,-6.279392346174833e-05
9867,9.867,0.37500275943326655,23.299999999999905,-6.286230470392242e-05
9868,9.868,0.5635007371895903,23.199999999999974,-6.291579842127333e-05
9869,9.869,-0.14429505295275324,23.100000000000037,-6.295452014072863e-05
9870,9.870000000000001,0.2910065035638747,22.999999999999865,-6.297858780531314e-05
9871,9.871,-0.4407283076480176,22.899999999999935,-6.29881217262113e-05
9872,9.872,0.03759251753417017,22.799999999999997,-6.298324453468176e-05
9873,9.873,-0.1597899715192427,22.700000000000053,-6.296408113384141e-05
9874,9.874,0.3994293730051476,22.599999999999895,-6.293075865032757e-05
9875,9.875,-0.2467164922572278,22.499999999999957,-6.288340638585287e-05
9876,9.876,-0.14518205670128198,22.40000000000002,-6.282215576866041e-05
9877,9.877,-0.01906863969940864,22.29999999999997,-6.274714030489894e-05
9878,9.878,-0.4417429871800381,22.20000000000003,-6.265849552992465e-05
9879,9.879,0.08074178889849021,22.100000000000094,-6.25563589595447e-05
9880,9.88,-0.7084212483880524,21.999999999999936,-6.244087004120807e-05
9881,9.881,-0.1344455454280865,21.89999999999999,-6.231217010516714e-05
9882,9.882,-0.6222617959891462,21.80000000000006,-6.217040231561136e-05
9883,9.883000000000001,-0.8422833780419712,21.699999999999896,-6.201571162178786e-05
9884,9.884,-1.2783065399120899,21.59999999999995,-6.184824470912458e-05
9885,9.885,-0.3481351479956815,21.50000000000002,-6.166814995035956e-05
9886,9.886000000000001,-0.4456916195354428,21.399999999999856,-6.147557735669651e-05
9887,9.887,-0.9766764546423599,21.29999999999992,-6.127067852899146e-05
9888,9.888,-0.16593808553892714,21.19999999999998,-6.105360660898392e-05
9889,9.889,0.25589693096915267,21.100000000000044,-6.0824516230583575e-05
9890,9.89,-1.0769375543215376,20.999999999999993,-6.058356347122504e-05
9891,9.891,0.24495611486706792,20.89999999999994,-6.033090580329914e-05
9892,9.892,-1.031228328563101,20.800000000000004,-6.006670204567123e-05
9893,9.893,-0.6840646359759182,20.699999999999953,-5.979111231529924e-05
9894,9.894,-1.2241949323086034,20.600000000000023,-5.95042979789639e-05
9895,9.895,-0.912128605783991,20.500000000000078,-5.920642160511227e-05
9896,9.896,-1.0390727043519605,20.39999999999992,-5.8897646915837694e-05
9897,9.897,-1.0891787399497137,20.299999999999983,-5.8578138738998114e-05
9898,9.898,-1.475699270190731,20.200000000000045,-5.8248062960481706e-05
9899,9.899000000000001,-1.476463353405459,20.09999999999988,-5.79075864766367e-05
9900,9.9,-1.8940539207642524,19.999999999999943,-5.755687714687174e-05
9901,9.901,-1.8436989169348474,19.900000000000006,-5.719610374643015e-05
9902,9.902000000000001,-1.7964088343219895,19.79999999999984,-5.6825435919360076e-05
9903,9.903,-1.0575153720084378,19.699999999999903,-5.6445044131682737e-05
9904,9.904,-1.8599084231201575,19.599999999999973,-5.6055099624762844e-05
9905,9.905,-1.6447575126146654,19.50000000000003,-5.565577436890334e-05
9906,9.906,-1.9746140837973802,19.399999999999977,-5.5247241017162684e-05
9907,9.907,-1.633585866970653,19.30000000000004,-5.482967285941125e-05
9908,9.908,-1.5923593389771606,19.20000000000011,-5.440324377662493e-05
9909,9.909,-1.1157753434139608,19.099999999999945,-5.396812819543685e-05
9910,9.91,-1.3701640926377898,19.000000000000007,-5.352450104295358e-05
9911,9.911,-1.1172218227524244,18.90000000000007,-5.3072537701830756e-05
9912,9.912,-0.41546247635552436,18.799999999999905,-5.261241396563431e-05
9913,9.913,-1.660541812874197,18.699999999999967,-5.2144305994490916e-05
9914,9.914,-0.8035258397137028,18.60000000000003,-5.166839027102144e-05
9915,9.915000000000001,-1.4109166492473562,18.499999999999872,-5.1184843556585495e-05
9916,9.916,0.2544729465834239,18.399999999999928,-5.069384284783415e-05
9917,9.917,-0.28190429040834497,18.29999999999999,-5.0195565333576254e-05
9918,9.918000000000001,-0.363019762752958,18.19999999999994,-4.969018835197238e-05
9919,9.919,0.7797972160687265,18.10000000000001,-4.9177889348064275e-05
9920,9.92,0.7037476263971828,17.999999999999957,-4.865884583163111e-05
9921,9.921,1.3641187619537525,17.90000000000002,-4.8133235335407386e-05
9922,9.922,1.6938340130482508,17.79999999999997,-4.760123537364382e-05
9923,9.923,1.3303664667892534,17.70000000000003,-4.706302340103189e-05
9924,9.924,1.1629641219317697,17.600000000000087,-4.651877677199174e-05
9925,9.925,1.8781559519920643,17.49999999999993,-4.596867270033522e-05
9926,9.926,1.663965048692516,17.39999999999999,-4.5412888219312294e-05
9927,9.927,1.0735018204609017,17.300000000000054,-4.4851600142028834e-05
9928,9.928,1.0626842495915532,17.19999999999989,-4.4284985022271714e-05
9929,9.929,2.257507521608061,17.09999999999996,-4.37132191157251e-05
9930,9.93,1.5531625869040677,17.000000000000014,-4.313647834158334e-05
9931,9.931000000000001,0.8979869495116148,16.899999999999856,-4.255493824457816e-05
9932,9.932,1.2489439207208684,16.79999999999992,-4.196877395742695e-05
9933,9.933,1.1110037393697259,16.69999999999998,-4.137816016368238e-05
9934,9.934000000000001,1.3640095935225451,16.59999999999993,-4.078327106102207e-05
9935,9.935,0.7247457029210556,16.499999999999986,-4.018428032496165e-05
9936,9.936,0.6166519207158008,16.400000000000055,-3.958136107300087e-05
9937,9.937,0.5218531818030135,16.300000000000118,-3.897468582921081e-05
9938,9.938,0.8016386499881483,16.199999999999953,-3.8364426489263794e-05
9939,9.939,1.171162612497103,16.100000000000016,-3.7750754285912155e-05
9940,9.94,0.7655206672093361,16.000000000000078,-3.713383975491709e-05
9941,9.941,0.2920427671638963,15.899999999999913,-3.6513852701435334e-05
9942,9.942,0.6676574868491596,15.799999999999976,-3.589096216686732e-05
9943,9.943,1.2003501098147464,15.700000000000045,-3.526533639616605e-05
9944,9.944,1.2963976063815852,15.59999999999988,-3.463714280561655e-05
9945,9.945,0.9031932409370531,15.499999999999936,-3.400654795109115e-05
9946,9.946,0.04584692178022026,15.400000000000006,-3.3373717496764e-05
9947,9.947000000000001,0.7286288323055734,15.299999999999955,-3.273881618432364e-05
9948,9.948,0.48750484341938405,15.200000000000017,-3.21020078026579e-05
9949,9.949,0.049427926057444393,15.099999999999966,-3.146345515801765e-05
9950,9.950000000000001,0.13944137559474062,14.999999999999915,-3.082332004467243e-05
9951,9.951,-0.034661742710280774,14.899999999999977,-3.0181763216066624e-05
9952,9.952,0.10052962905356161,14.80000000000004,-2.9538944356447635e-05
9953,9.953,0.7688407321273547,14.700000000000102,-2.8895022053001898e-05
9954,9.954,0.7028398316763795,14.599999999999937,-2.825015376848853e-05
9955,9.955,0.2539247549824733,14.500000000000007,-2.760449581437126e-05
9956,9.956,0.053133862111728936,14.400000000000063,-2.6958203324444458e-05
9957,9.957,0.22069623043100545,14.299999999999905,-2.6311430228967845e-05
9958,9.958,0.05061066190938668,14.199999999999967,-2.5664329229316732e-05
9959,9.959,-0.12851047568972007,14.100000000000023,-2.5017051773117014e-05
9960,9.96,-0.3059978352574433,13.999999999999865,-2.43697480299064e-05
9961,9.961,-0.6674939165657501,13.899999999999928,-2.3722566867298498e-05
9962,9.962,-0.02518144921003651,13.79999999999999,-2.307565582765726e-05
9963,9.963000000000001,-0.5982257255621636,13.699999999999939,-2.2429161105284486e-05
9964,9.964,-0.09082764411009892,13.600000000000001,-2.17832275241212e-05
9965,9.965,-0.03964653068509455,13.500000000000064,-2.1137998515959713e-05
9966,9.966000000000001,-0.9549216240038719,13.399999999999906,-2.0493616099172186e-05
9967,9.967,-0.6685976893920664,13.299999999999962,-1.9850220857959093e-05
9968,9.968,-0.8728822085764567,13.200000000000024,-1.9207951922096132e-05
9969,9.969,-0.784531403911783,13.100000000000094,-1.8566946947220366e-05
9970,9.97,-0.5933184759326664,12.999999999999922,-1.7927342095613474e-05
9971,9.971,-1.1090450632155373,12.899999999999991,-1.728927201751526e-05
9972,9.972,-0.047568318149165234,12.800000000000054,-1.6652869832933945e-05
9973,9.973,-0.03130273950884099,12.69999999999989,-1.6018267113994546e-05
9974,9.974,-1.185154802930331,12.599999999999952,-1.538559386779185e-05
9975,9.975,-0.2004912604833876,12.500000000000014,-1.4754978519753652e-05
9976,9.976,-1.0984505316553517,12.399999999999963,-1.4126547897523151e-05
9977,9.977,-0.45149948758547565,12.299999999999912,-1.3500427215366391e-05
9978,9.978,-0.46167439503134317,12.199999999999974,-1.2876740059070491e-05
9979,9.979000000000001,-0.7655342947220122,12.099999999999923,-1.2255608371372255e-05
9980,9.98,-0.6811565824795698,11.999999999999993,-1.1637152437890771e-05
9981,9.981,-0.812217269930054,11.900000000000048,-1.1021490873570712e-05
9982,9.982000000000001,-1.1629409914707334,11.79999999999989,-1.0408740609635494e-05
9983,9.983,-1.2694937528251564,11.699999999999953,-9.799016881047889e-06
9984,9.984,-2.0162244561778584,11.600000000000016,-9.19243321447611e-06
9985,9.985,-1.1375092742217345,11.500000000000078,-8.58910141676525e-06
9986,9.986,-2.070007262294345,11.399999999999913,-7.98913156391138e-06
9987,9.987,-1.819156923933892,11.299999999999976,-7.392631990537214e-06
9988,9.988,-2.2869017023935028,11.200000000000038,-6.799709279866566e-06
9989,9.989,-2.277989500525133,11.099999999999874,-6.2104682541954456e-06
9990,9.99,-2.193061286463347,10.999999999999943,-5.625011965865408e-06
9991,9.991,-1.2971899765619068,10.899999999999999,-5.043441688712797e-06
9992,9.992,-2.200335361404776,10.799999999999947,-4.465856910030592e-06
9993,9.993,-0.5977369778430451,10.70000000000001,-3.8923553230085025e-06
9994,9.994,-1.6902011126430245,10.60000000000008,-3.32303281964927e-06
9995,9.995000000000001,-1.5220162659723395,10.499999999999915,-2.7579834841884952e-06
9996,9.996,-0.7140714554309124,10.39999999999997,-2.1972995869843235e-06
9997,9.997,-0.04305269892865815,10.30000000000004,-1.641071578881909e-06
9998,9.998,0.34009063869375944,10.200000000000102,-1.0893880860578827e-06
9999,9.999,-0.551055684026845,10.099999999999937,-5.423359053414207e-07
